timestamp,location_id,robot_id,orders_completed,avg_prep_time_minutes,success_rate,error_count,downtime_minutes,ingredient_waste_kg,energy_consumption_kwh,maintenance_required
2024-08-01 00:00:00,MUC_001,MUC_001_ROBOT_1,12,9.06,0.9652,2,0,1.52,4.72,0
2024-08-01 00:00:00,BER_001,BER_001_ROBOT_1,24,8.69,0.9838,2,0,1.31,4.17,0
2024-08-01 00:00:00,HAM_001,HAM_001_ROBOT_1,11,8.07,0.9798,1,0,0.83,5.65,0
2024-08-01 01:00:00,MUC_001,MUC_001_ROBOT_1,15,10.13,0.9608,0,0,0.66,5.51,0
2024-08-01 01:00:00,BER_001,BER_001_ROBOT_1,23,10.11,0.9668,2,0,1.07,4.67,0
2024-08-01 01:00:00,HAM_001,HAM_001_ROBOT_1,25,10.65,0.9668,2,0,1.7,4.04,0
2024-08-01 02:00:00,MUC_001,MUC_001_ROBOT_1,22,10.72,0.9514,0,0,1.87,4.05,0
2024-08-01 02:00:00,BER_001,BER_001_ROBOT_1,19,8.84,0.9828,1,0,1.31,4.64,0
2024-08-01 02:00:00,HAM_001,HAM_001_ROBOT_1,28,9.01,0.979,0,0,1.67,5.43,0
2024-08-01 03:00:00,MUC_001,MUC_001_ROBOT_1,18,8.38,0.9891,0,0,0.59,5.29,0
2024-08-01 03:00:00,BER_001,BER_001_ROBOT_1,13,10.78,0.9741,0,0,0.52,5.45,0
2024-08-01 03:00:00,HAM_001,HAM_001_ROBOT_1,22,10.25,0.9736,0,0,1.87,5.51,0
2024-08-01 04:00:00,MUC_001,MUC_001_ROBOT_1,4,11.69,0.7843,9,33,1.19,4.39,1
2024-08-01 04:00:00,BER_001,BER_001_ROBOT_1,23,11.57,0.9666,0,0,1.97,4.53,0
2024-08-01 04:00:00,HAM_001,HAM_001_ROBOT_1,15,11.88,0.963,2,0,0.83,5.97,0
2024-08-01 05:00:00,MUC_001,MUC_001_ROBOT_1,19,8.4,0.9635,0,0,1.96,4.53,0
2024-08-01 05:00:00,BER_001,BER_001_ROBOT_1,25,8.61,0.9706,0,0,1.61,5.39,0
2024-08-01 05:00:00,HAM_001,HAM_001_ROBOT_1,22,9.78,0.9679,2,0,0.56,5.23,0
2024-08-01 06:00:00,MUC_001,MUC_001_ROBOT_1,13,11.91,0.9692,0,0,1.07,4.49,0
2024-08-01 06:00:00,BER_001,BER_001_ROBOT_1,26,9.62,0.9803,2,0,0.57,4.19,0
2024-08-01 06:00:00,HAM_001,HAM_001_ROBOT_1,30,10.18,0.9852,2,0,1.8,5.33,0
2024-08-01 07:00:00,MUC_001,MUC_001_ROBOT_1,11,11.67,0.9717,1,0,0.92,5.5,0
2024-08-01 07:00:00,BER_001,BER_001_ROBOT_1,26,10.41,0.9774,2,0,1.93,5.85,0
2024-08-01 07:00:00,HAM_001,HAM_001_ROBOT_1,19,8.71,0.976,1,0,0.87,5.26,0
2024-08-01 08:00:00,MUC_001,MUC_001_ROBOT_1,12,11.78,0.9668,2,0,0.87,5.87,0
2024-08-01 08:00:00,BER_001,BER_001_ROBOT_1,23,10.41,0.9885,2,0,1.51,5.65,0
2024-08-01 08:00:00,HAM_001,HAM_001_ROBOT_1,26,8.97,0.9503,1,0,0.65,5.4,0
2024-08-01 09:00:00,MUC_001,MUC_001_ROBOT_1,21,8.37,0.9841,1,0,1.09,5.84,0
2024-08-01 09:00:00,BER_001,BER_001_ROBOT_1,23,8.78,0.9848,0,0,0.92,4.09,0
2024-08-01 09:00:00,HAM_001,HAM_001_ROBOT_1,13,11.47,0.973,0,0,1.7,4.22,0
2024-08-01 10:00:00,MUC_001,MUC_001_ROBOT_1,16,11.92,0.9823,0,0,1.2,4.4,0
2024-08-01 10:00:00,BER_001,BER_001_ROBOT_1,12,10.31,0.9632,1,0,1.18,4.09,0
2024-08-01 10:00:00,HAM_001,HAM_001_ROBOT_1,19,9.69,0.9807,2,0,1.12,4.08,0
2024-08-01 11:00:00,MUC_001,MUC_001_ROBOT_1,13,9.55,0.9609,0,0,1.72,4.12,0
2024-08-01 11:00:00,BER_001,BER_001_ROBOT_1,24,10.67,0.977,2,0,1.5,4.77,0
2024-08-01 11:00:00,HAM_001,HAM_001_ROBOT_1,25,8.0,0.9725,1,0,1.47,4.52,0
2024-08-01 12:00:00,MUC_001,MUC_001_ROBOT_1,11,9.58,0.9679,1,0,0.65,4.94,0
2024-08-01 12:00:00,BER_001,BER_001_ROBOT_1,24,9.66,0.9866,2,0,1.46,5.07,0
2024-08-01 12:00:00,HAM_001,HAM_001_ROBOT_1,14,8.31,0.9825,1,0,1.69,5.83,0
2024-08-01 13:00:00,MUC_001,MUC_001_ROBOT_1,30,9.67,0.9543,0,0,1.76,4.63,0
2024-08-01 13:00:00,BER_001,BER_001_ROBOT_1,22,8.78,0.9878,1,0,0.57,5.26,0
2024-08-01 13:00:00,HAM_001,HAM_001_ROBOT_1,20,10.55,0.9753,0,0,1.23,5.88,0
2024-08-01 14:00:00,MUC_001,MUC_001_ROBOT_1,3,8.14,0.7154,10,43,0.63,5.28,1
2024-08-01 14:00:00,BER_001,BER_001_ROBOT_1,19,8.64,0.9538,0,0,2.0,4.23,0
2024-08-01 14:00:00,HAM_001,HAM_001_ROBOT_1,21,8.39,0.9507,2,0,1.61,5.76,0
2024-08-01 15:00:00,MUC_001,MUC_001_ROBOT_1,12,8.55,0.9793,0,0,1.46,5.6,0
2024-08-01 15:00:00,BER_001,BER_001_ROBOT_1,30,11.76,0.9711,2,0,0.65,4.42,0
2024-08-01 15:00:00,HAM_001,HAM_001_ROBOT_1,25,10.47,0.9818,1,0,0.78,5.9,0
2024-08-01 16:00:00,MUC_001,MUC_001_ROBOT_1,20,10.59,0.9798,1,0,1.23,5.06,0
2024-08-01 16:00:00,BER_001,BER_001_ROBOT_1,20,9.2,0.9741,2,0,1.75,5.57,0
2024-08-01 16:00:00,HAM_001,HAM_001_ROBOT_1,15,10.6,0.9663,0,0,0.98,5.35,0
2024-08-01 17:00:00,MUC_001,MUC_001_ROBOT_1,14,11.59,0.9701,2,0,1.99,4.79,0
2024-08-01 17:00:00,BER_001,BER_001_ROBOT_1,29,11.12,0.9597,0,0,0.98,4.47,0
2024-08-01 17:00:00,HAM_001,HAM_001_ROBOT_1,4,8.29,0.7602,3,32,0.63,4.69,1
2024-08-01 18:00:00,MUC_001,MUC_001_ROBOT_1,21,9.47,0.9644,0,0,1.4,5.23,0
2024-08-01 18:00:00,BER_001,BER_001_ROBOT_1,25,10.76,0.9823,1,0,0.66,4.35,0
2024-08-01 18:00:00,HAM_001,HAM_001_ROBOT_1,19,9.92,0.9573,0,0,1.33,5.04,0
2024-08-01 19:00:00,MUC_001,MUC_001_ROBOT_1,17,10.28,0.9892,1,0,1.26,5.06,0
2024-08-01 19:00:00,BER_001,BER_001_ROBOT_1,22,8.87,0.9696,1,0,0.96,4.28,0
2024-08-01 19:00:00,HAM_001,HAM_001_ROBOT_1,25,10.06,0.9502,1,0,0.6,4.88,0
2024-08-01 20:00:00,MUC_001,MUC_001_ROBOT_1,19,10.22,0.9772,2,0,0.63,5.78,0
2024-08-01 20:00:00,BER_001,BER_001_ROBOT_1,16,8.32,0.9568,2,0,1.69,4.68,0
2024-08-01 20:00:00,HAM_001,HAM_001_ROBOT_1,11,11.21,0.967,0,0,1.46,4.58,0
2024-08-01 21:00:00,MUC_001,MUC_001_ROBOT_1,25,11.02,0.9661,0,0,1.11,4.37,0
2024-08-01 21:00:00,BER_001,BER_001_ROBOT_1,29,10.29,0.9787,0,0,0.82,4.69,0
2024-08-01 21:00:00,HAM_001,HAM_001_ROBOT_1,20,11.62,0.9776,1,0,1.33,5.2,0
2024-08-01 22:00:00,MUC_001,MUC_001_ROBOT_1,10,10.74,0.9769,1,0,0.56,5.45,0
2024-08-01 22:00:00,BER_001,BER_001_ROBOT_1,16,11.0,0.9888,0,0,1.64,4.84,0
2024-08-01 22:00:00,HAM_001,HAM_001_ROBOT_1,0,11.75,0.8273,8,52,0.72,5.65,1
2024-08-01 23:00:00,MUC_001,MUC_001_ROBOT_1,22,8.73,0.9635,1,0,0.7,5.24,0
2024-08-01 23:00:00,BER_001,BER_001_ROBOT_1,30,11.97,0.9653,0,0,1.94,5.18,0
2024-08-01 23:00:00,HAM_001,HAM_001_ROBOT_1,26,11.9,0.9775,0,0,0.94,4.19,0
2024-08-02 00:00:00,MUC_001,MUC_001_ROBOT_1,26,10.92,0.9557,0,0,0.9,4.49,0
2024-08-02 00:00:00,BER_001,BER_001_ROBOT_1,21,10.36,0.9508,1,0,1.45,4.53,0
2024-08-02 00:00:00,HAM_001,HAM_001_ROBOT_1,24,11.15,0.9866,0,0,1.33,4.09,0
2024-08-02 01:00:00,MUC_001,MUC_001_ROBOT_1,24,9.64,0.9684,0,0,1.99,5.95,0
2024-08-02 01:00:00,BER_001,BER_001_ROBOT_1,12,11.65,0.9539,2,0,0.88,4.87,0
2024-08-02 01:00:00,HAM_001,HAM_001_ROBOT_1,12,9.69,0.9602,2,0,1.55,4.62,0
2024-08-02 02:00:00,MUC_001,MUC_001_ROBOT_1,29,10.36,0.9655,0,0,0.56,4.43,0
2024-08-02 02:00:00,BER_001,BER_001_ROBOT_1,26,8.23,0.9799,2,0,1.58,4.95,0
2024-08-02 02:00:00,HAM_001,HAM_001_ROBOT_1,15,9.34,0.9761,0,0,1.1,5.71,0
2024-08-02 03:00:00,MUC_001,MUC_001_ROBOT_1,30,9.43,0.9565,2,0,0.67,5.61,0
2024-08-02 03:00:00,BER_001,BER_001_ROBOT_1,26,9.51,0.9848,2,0,1.24,5.64,0
2024-08-02 03:00:00,HAM_001,HAM_001_ROBOT_1,17,8.04,0.9714,2,0,1.52,5.13,0
2024-08-02 04:00:00,MUC_001,MUC_001_ROBOT_1,29,9.96,0.9846,0,0,1.99,4.77,0
2024-08-02 04:00:00,BER_001,BER_001_ROBOT_1,11,11.88,0.9535,1,0,0.61,4.42,0
2024-08-02 04:00:00,HAM_001,HAM_001_ROBOT_1,2,8.76,0.7929,8,37,1.96,4.83,1
2024-08-02 05:00:00,MUC_001,MUC_001_ROBOT_1,20,8.22,0.9899,2,0,1.96,4.49,0
2024-08-02 05:00:00,BER_001,BER_001_ROBOT_1,12,10.43,0.962,2,0,1.39,4.47,0
2024-08-02 05:00:00,HAM_001,HAM_001_ROBOT_1,29,11.05,0.9582,1,0,1.84,5.65,0
2024-08-02 06:00:00,MUC_001,MUC_001_ROBOT_1,19,9.17,0.9668,2,0,0.95,4.24,0
2024-08-02 06:00:00,BER_001,BER_001_ROBOT_1,28,11.69,0.9875,1,0,0.89,5.55,0
2024-08-02 06:00:00,HAM_001,HAM_001_ROBOT_1,1,10.12,0.7576,10,26,1.3,4.76,1
2024-08-02 07:00:00,MUC_001,MUC_001_ROBOT_1,5,11.2,0.7345,5,33,1.35,5.54,1
2024-08-02 07:00:00,BER_001,BER_001_ROBOT_1,13,8.29,0.9506,2,0,1.36,4.89,0
2024-08-02 07:00:00,HAM_001,HAM_001_ROBOT_1,24,8.64,0.9515,0,0,1.85,5.06,0
2024-08-02 08:00:00,MUC_001,MUC_001_ROBOT_1,15,8.82,0.9674,0,0,0.58,5.31,0
2024-08-02 08:00:00,BER_001,BER_001_ROBOT_1,27,10.23,0.9521,2,0,1.83,4.54,0
2024-08-02 08:00:00,HAM_001,HAM_001_ROBOT_1,26,9.19,0.9719,0,0,1.19,5.31,0
2024-08-02 09:00:00,MUC_001,MUC_001_ROBOT_1,26,11.96,0.9638,1,0,0.59,4.27,0
2024-08-02 09:00:00,BER_001,BER_001_ROBOT_1,18,9.63,0.9867,1,0,1.5,4.14,0
2024-08-02 09:00:00,HAM_001,HAM_001_ROBOT_1,0,11.07,0.8403,6,17,1.39,4.42,1
2024-08-02 10:00:00,MUC_001,MUC_001_ROBOT_1,15,9.31,0.9591,1,0,1.03,4.18,0
2024-08-02 10:00:00,BER_001,BER_001_ROBOT_1,27,11.21,0.9725,0,0,1.49,4.18,0
2024-08-02 10:00:00,HAM_001,HAM_001_ROBOT_1,20,11.1,0.9774,0,0,0.59,5.24,0
2024-08-02 11:00:00,MUC_001,MUC_001_ROBOT_1,23,11.99,0.9676,1,0,1.56,4.59,0
2024-08-02 11:00:00,BER_001,BER_001_ROBOT_1,26,11.47,0.9521,2,0,0.57,5.44,0
2024-08-02 11:00:00,HAM_001,HAM_001_ROBOT_1,25,11.5,0.99,1,0,1.12,6.0,0
2024-08-02 12:00:00,MUC_001,MUC_001_ROBOT_1,22,10.14,0.9587,1,0,1.91,5.1,0
2024-08-02 12:00:00,BER_001,BER_001_ROBOT_1,30,11.65,0.96,0,0,1.69,4.68,0
2024-08-02 12:00:00,HAM_001,HAM_001_ROBOT_1,21,11.02,0.957,2,0,1.04,5.05,0
2024-08-02 13:00:00,MUC_001,MUC_001_ROBOT_1,27,11.68,0.9701,0,0,1.47,4.57,0
2024-08-02 13:00:00,BER_001,BER_001_ROBOT_1,12,10.77,0.9824,2,0,1.32,4.25,0
2024-08-02 13:00:00,HAM_001,HAM_001_ROBOT_1,13,11.84,0.9827,1,0,0.76,5.49,0
2024-08-02 14:00:00,MUC_001,MUC_001_ROBOT_1,24,10.14,0.9596,0,0,1.75,4.34,0
2024-08-02 14:00:00,BER_001,BER_001_ROBOT_1,25,9.6,0.9838,1,0,0.69,4.24,0
2024-08-02 14:00:00,HAM_001,HAM_001_ROBOT_1,28,8.31,0.9518,0,0,1.64,4.76,0
2024-08-02 15:00:00,MUC_001,MUC_001_ROBOT_1,23,11.5,0.983,2,0,0.58,4.86,0
2024-08-02 15:00:00,BER_001,BER_001_ROBOT_1,25,8.72,0.9739,0,0,1.22,4.25,0
2024-08-02 15:00:00,HAM_001,HAM_001_ROBOT_1,27,8.89,0.9681,2,0,1.19,4.55,0
2024-08-02 16:00:00,MUC_001,MUC_001_ROBOT_1,22,10.51,0.9645,1,0,1.74,4.8,0
2024-08-02 16:00:00,BER_001,BER_001_ROBOT_1,28,11.23,0.973,0,0,1.32,4.88,0
2024-08-02 16:00:00,HAM_001,HAM_001_ROBOT_1,22,11.73,0.9761,2,0,1.75,5.13,0
2024-08-02 17:00:00,MUC_001,MUC_001_ROBOT_1,24,11.08,0.9765,2,0,1.79,5.0,0
2024-08-02 17:00:00,BER_001,BER_001_ROBOT_1,24,9.82,0.9698,2,0,1.71,5.82,0
2024-08-02 17:00:00,HAM_001,HAM_001_ROBOT_1,27,11.44,0.9738,2,0,0.58,5.79,0
2024-08-02 18:00:00,MUC_001,MUC_001_ROBOT_1,18,9.18,0.9704,1,0,1.55,4.27,0
2024-08-02 18:00:00,BER_001,BER_001_ROBOT_1,27,10.27,0.9865,2,0,0.67,4.52,0
2024-08-02 18:00:00,HAM_001,HAM_001_ROBOT_1,26,11.68,0.9777,1,0,1.04,5.1,0
2024-08-02 19:00:00,MUC_001,MUC_001_ROBOT_1,30,11.55,0.9507,2,0,1.83,5.86,0
2024-08-02 19:00:00,BER_001,BER_001_ROBOT_1,21,9.52,0.9714,1,0,0.82,5.39,0
2024-08-02 19:00:00,HAM_001,HAM_001_ROBOT_1,24,10.56,0.9544,1,0,1.0,4.45,0
2024-08-02 20:00:00,MUC_001,MUC_001_ROBOT_1,12,8.28,0.9599,1,0,1.61,4.06,0
2024-08-02 20:00:00,BER_001,BER_001_ROBOT_1,12,9.98,0.9617,1,0,1.47,5.1,0
2024-08-02 20:00:00,HAM_001,HAM_001_ROBOT_1,12,10.57,0.9549,1,0,1.73,5.64,0
2024-08-02 21:00:00,MUC_001,MUC_001_ROBOT_1,19,8.35,0.9681,0,0,1.48,4.28,0
2024-08-02 21:00:00,BER_001,BER_001_ROBOT_1,30,10.71,0.9785,2,0,1.69,4.52,0
2024-08-02 21:00:00,HAM_001,HAM_001_ROBOT_1,21,11.8,0.9735,2,0,0.87,5.86,0
2024-08-02 22:00:00,MUC_001,MUC_001_ROBOT_1,25,10.15,0.9695,2,0,1.27,5.86,0
2024-08-02 22:00:00,BER_001,BER_001_ROBOT_1,29,10.25,0.9681,2,0,1.27,4.02,0
2024-08-02 22:00:00,HAM_001,HAM_001_ROBOT_1,11,10.47,0.965,0,0,1.83,5.44,0
2024-08-02 23:00:00,MUC_001,MUC_001_ROBOT_1,17,10.45,0.9658,2,0,0.86,4.81,0
2024-08-02 23:00:00,BER_001,BER_001_ROBOT_1,30,8.3,0.9863,0,0,0.87,4.01,0
2024-08-02 23:00:00,HAM_001,HAM_001_ROBOT_1,29,9.78,0.9875,2,0,1.38,5.43,0
2024-08-03 00:00:00,MUC_001,MUC_001_ROBOT_1,14,11.84,0.987,0,0,0.98,5.53,0
2024-08-03 00:00:00,BER_001,BER_001_ROBOT_1,12,9.84,0.9684,0,0,1.71,4.48,0
2024-08-03 00:00:00,HAM_001,HAM_001_ROBOT_1,30,8.55,0.9554,2,0,1.45,4.44,0
2024-08-03 01:00:00,MUC_001,MUC_001_ROBOT_1,22,11.21,0.9751,2,0,1.37,5.0,0
2024-08-03 01:00:00,BER_001,BER_001_ROBOT_1,24,10.29,0.9743,0,0,1.94,4.52,0
2024-08-03 01:00:00,HAM_001,HAM_001_ROBOT_1,20,9.12,0.9583,0,0,1.66,5.55,0
2024-08-03 02:00:00,MUC_001,MUC_001_ROBOT_1,25,10.22,0.9698,0,0,1.93,5.73,0
2024-08-03 02:00:00,BER_001,BER_001_ROBOT_1,23,8.34,0.959,2,0,2.0,4.51,0
2024-08-03 02:00:00,HAM_001,HAM_001_ROBOT_1,19,11.33,0.9768,0,0,1.72,5.59,0
2024-08-03 03:00:00,MUC_001,MUC_001_ROBOT_1,19,9.66,0.982,0,0,0.78,5.75,0
2024-08-03 03:00:00,BER_001,BER_001_ROBOT_1,22,9.92,0.9504,0,0,1.95,4.67,0
2024-08-03 03:00:00,HAM_001,HAM_001_ROBOT_1,11,9.39,0.9537,0,0,1.32,5.6,0
2024-08-03 04:00:00,MUC_001,MUC_001_ROBOT_1,20,10.31,0.9725,1,0,1.52,5.53,0
2024-08-03 04:00:00,BER_001,BER_001_ROBOT_1,25,9.2,0.9723,2,0,1.09,4.14,0
2024-08-03 04:00:00,HAM_001,HAM_001_ROBOT_1,16,8.19,0.9808,0,0,1.9,5.88,0
2024-08-03 05:00:00,MUC_001,MUC_001_ROBOT_1,16,10.8,0.9666,2,0,1.24,5.91,0
2024-08-03 05:00:00,BER_001,BER_001_ROBOT_1,13,9.76,0.9553,0,0,0.65,4.61,0
2024-08-03 05:00:00,HAM_001,HAM_001_ROBOT_1,12,10.24,0.963,2,0,1.66,5.51,0
2024-08-03 06:00:00,MUC_001,MUC_001_ROBOT_1,11,11.87,0.9802,0,0,0.96,5.06,0
2024-08-03 06:00:00,BER_001,BER_001_ROBOT_1,27,9.61,0.9823,2,0,0.87,4.49,0
2024-08-03 06:00:00,HAM_001,HAM_001_ROBOT_1,26,11.76,0.9885,0,0,0.53,5.6,0
2024-08-03 07:00:00,MUC_001,MUC_001_ROBOT_1,27,10.9,0.9818,2,0,1.62,5.03,0
2024-08-03 07:00:00,BER_001,BER_001_ROBOT_1,3,10.36,0.8143,7,37,1.64,4.96,1
2024-08-03 07:00:00,HAM_001,HAM_001_ROBOT_1,24,11.52,0.9674,2,0,1.88,5.79,0
2024-08-03 08:00:00,MUC_001,MUC_001_ROBOT_1,24,9.9,0.9623,0,0,1.37,4.85,0
2024-08-03 08:00:00,BER_001,BER_001_ROBOT_1,15,9.5,0.9519,1,0,1.28,5.33,0
2024-08-03 08:00:00,HAM_001,HAM_001_ROBOT_1,22,9.47,0.989,1,0,1.01,5.23,0
2024-08-03 09:00:00,MUC_001,MUC_001_ROBOT_1,30,8.87,0.9621,2,0,1.3,4.04,0
2024-08-03 09:00:00,BER_001,BER_001_ROBOT_1,13,9.45,0.9707,1,0,1.09,5.75,0
2024-08-03 09:00:00,HAM_001,HAM_001_ROBOT_1,1,8.45,0.728,4,39,1.21,5.46,1
2024-08-03 10:00:00,MUC_001,MUC_001_ROBOT_1,19,8.26,0.9599,1,0,1.86,4.13,0
2024-08-03 10:00:00,BER_001,BER_001_ROBOT_1,24,8.56,0.9766,0,0,1.27,5.24,0
2024-08-03 10:00:00,HAM_001,HAM_001_ROBOT_1,30,11.99,0.9509,2,0,0.83,5.35,0
2024-08-03 11:00:00,MUC_001,MUC_001_ROBOT_1,28,8.21,0.952,0,0,1.37,4.64,0
2024-08-03 11:00:00,BER_001,BER_001_ROBOT_1,18,9.81,0.9861,1,0,0.67,5.29,0
2024-08-03 11:00:00,HAM_001,HAM_001_ROBOT_1,28,10.05,0.9708,0,0,0.59,4.34,0
2024-08-03 12:00:00,MUC_001,MUC_001_ROBOT_1,3,11.1,0.7098,7,57,1.81,5.92,1
2024-08-03 12:00:00,BER_001,BER_001_ROBOT_1,26,11.17,0.9543,2,0,1.47,4.78,0
2024-08-03 12:00:00,HAM_001,HAM_001_ROBOT_1,21,10.16,0.9559,2,0,1.88,4.85,0
2024-08-03 13:00:00,MUC_001,MUC_001_ROBOT_1,21,11.9,0.9583,2,0,1.83,5.44,0
2024-08-03 13:00:00,BER_001,BER_001_ROBOT_1,11,10.57,0.9506,1,0,0.86,5.37,0
2024-08-03 13:00:00,HAM_001,HAM_001_ROBOT_1,14,11.26,0.9736,0,0,0.9,4.39,0
2024-08-03 14:00:00,MUC_001,MUC_001_ROBOT_1,21,9.21,0.9569,1,0,0.92,4.78,0
2024-08-03 14:00:00,BER_001,BER_001_ROBOT_1,15,11.33,0.9801,1,0,0.61,4.44,0
2024-08-03 14:00:00,HAM_001,HAM_001_ROBOT_1,25,10.79,0.9806,0,0,0.92,4.61,0
2024-08-03 15:00:00,MUC_001,MUC_001_ROBOT_1,20,10.61,0.9863,2,0,1.03,4.23,0
2024-08-03 15:00:00,BER_001,BER_001_ROBOT_1,20,9.35,0.9512,1,0,0.71,4.78,0
2024-08-03 15:00:00,HAM_001,HAM_001_ROBOT_1,25,10.86,0.9692,1,0,1.62,4.74,0
2024-08-03 16:00:00,MUC_001,MUC_001_ROBOT_1,24,11.18,0.9715,1,0,1.88,4.11,0
2024-08-03 16:00:00,BER_001,BER_001_ROBOT_1,17,8.15,0.9555,1,0,0.57,5.79,0
2024-08-03 16:00:00,HAM_001,HAM_001_ROBOT_1,30,10.8,0.9783,2,0,1.13,4.57,0
2024-08-03 17:00:00,MUC_001,MUC_001_ROBOT_1,27,10.69,0.9842,2,0,1.97,5.02,0
2024-08-03 17:00:00,BER_001,BER_001_ROBOT_1,12,8.51,0.9626,0,0,1.08,5.05,0
2024-08-03 17:00:00,HAM_001,HAM_001_ROBOT_1,25,8.68,0.9821,0,0,0.86,5.22,0
2024-08-03 18:00:00,MUC_001,MUC_001_ROBOT_1,13,8.99,0.9723,0,0,1.96,4.39,0
2024-08-03 18:00:00,BER_001,BER_001_ROBOT_1,19,11.32,0.963,2,0,1.45,4.3,0
2024-08-03 18:00:00,HAM_001,HAM_001_ROBOT_1,29,9.92,0.9625,0,0,0.92,4.9,0
2024-08-03 19:00:00,MUC_001,MUC_001_ROBOT_1,16,10.09,0.9736,0,0,0.76,4.48,0
2024-08-03 19:00:00,BER_001,BER_001_ROBOT_1,13,10.04,0.9594,1,0,0.85,4.45,0
2024-08-03 19:00:00,HAM_001,HAM_001_ROBOT_1,14,10.54,0.9649,0,0,1.96,5.49,0
2024-08-03 20:00:00,MUC_001,MUC_001_ROBOT_1,21,10.81,0.9585,1,0,1.18,4.0,0
2024-08-03 20:00:00,BER_001,BER_001_ROBOT_1,22,8.33,0.9848,1,0,0.8,5.06,0
2024-08-03 20:00:00,HAM_001,HAM_001_ROBOT_1,30,9.98,0.985,0,0,1.82,4.71,0
2024-08-03 21:00:00,MUC_001,MUC_001_ROBOT_1,24,9.04,0.9861,1,0,0.84,4.97,0
2024-08-03 21:00:00,BER_001,BER_001_ROBOT_1,18,11.17,0.9864,0,0,0.83,4.29,0
2024-08-03 21:00:00,HAM_001,HAM_001_ROBOT_1,30,8.29,0.9579,2,0,1.83,5.16,0
2024-08-03 22:00:00,MUC_001,MUC_001_ROBOT_1,26,9.43,0.9626,1,0,1.45,5.87,0
2024-08-03 22:00:00,BER_001,BER_001_ROBOT_1,16,8.07,0.9558,1,0,0.92,5.13,0
2024-08-03 22:00:00,HAM_001,HAM_001_ROBOT_1,14,9.66,0.9642,1,0,1.18,5.12,0
2024-08-03 23:00:00,MUC_001,MUC_001_ROBOT_1,22,8.3,0.9796,2,0,1.45,5.4,0
2024-08-03 23:00:00,BER_001,BER_001_ROBOT_1,11,9.97,0.9872,1,0,1.1,4.25,0
2024-08-03 23:00:00,HAM_001,HAM_001_ROBOT_1,30,8.89,0.9681,0,0,0.92,5.2,0
2024-08-04 00:00:00,MUC_001,MUC_001_ROBOT_1,30,8.22,0.9676,0,0,1.81,4.55,0
2024-08-04 00:00:00,BER_001,BER_001_ROBOT_1,23,10.66,0.9631,2,0,1.6,5.58,0
2024-08-04 00:00:00,HAM_001,HAM_001_ROBOT_1,30,8.54,0.9811,0,0,1.77,4.33,0
2024-08-04 01:00:00,MUC_001,MUC_001_ROBOT_1,20,11.94,0.9635,2,0,1.94,5.31,0
2024-08-04 01:00:00,BER_001,BER_001_ROBOT_1,26,9.84,0.9636,1,0,0.61,4.18,0
2024-08-04 01:00:00,HAM_001,HAM_001_ROBOT_1,10,10.17,0.9845,0,0,1.08,4.38,0
2024-08-04 02:00:00,MUC_001,MUC_001_ROBOT_1,27,11.22,0.9858,0,0,0.73,4.79,0
2024-08-04 02:00:00,BER_001,BER_001_ROBOT_1,21,10.7,0.9823,2,0,1.23,4.98,0
2024-08-04 02:00:00,HAM_001,HAM_001_ROBOT_1,18,8.55,0.9628,1,0,0.68,4.53,0
2024-08-04 03:00:00,MUC_001,MUC_001_ROBOT_1,25,8.87,0.9639,0,0,1.43,5.82,0
2024-08-04 03:00:00,BER_001,BER_001_ROBOT_1,25,10.17,0.955,2,0,0.7,5.49,0
2024-08-04 03:00:00,HAM_001,HAM_001_ROBOT_1,26,11.65,0.9535,0,0,1.08,4.21,0
2024-08-04 04:00:00,MUC_001,MUC_001_ROBOT_1,23,10.51,0.9848,0,0,1.17,4.61,0
2024-08-04 04:00:00,BER_001,BER_001_ROBOT_1,10,9.26,0.9893,1,0,0.5,5.35,0
2024-08-04 04:00:00,HAM_001,HAM_001_ROBOT_1,25,8.04,0.9855,0,0,0.71,5.17,0
2024-08-04 05:00:00,MUC_001,MUC_001_ROBOT_1,28,8.73,0.9531,1,0,1.52,4.56,0
2024-08-04 05:00:00,BER_001,BER_001_ROBOT_1,30,11.43,0.9564,0,0,1.79,5.98,0
2024-08-04 05:00:00,HAM_001,HAM_001_ROBOT_1,21,8.7,0.9894,1,0,0.75,4.47,0
2024-08-04 06:00:00,MUC_001,MUC_001_ROBOT_1,13,9.07,0.9564,0,0,1.45,5.01,0
2024-08-04 06:00:00,BER_001,BER_001_ROBOT_1,19,11.54,0.9723,1,0,1.3,5.86,0
2024-08-04 06:00:00,HAM_001,HAM_001_ROBOT_1,14,10.49,0.9895,1,0,0.97,4.63,0
2024-08-04 07:00:00,MUC_001,MUC_001_ROBOT_1,23,11.0,0.9621,0,0,0.56,5.3,0
2024-08-04 07:00:00,BER_001,BER_001_ROBOT_1,21,11.12,0.9673,0,0,0.95,5.92,0
2024-08-04 07:00:00,HAM_001,HAM_001_ROBOT_1,20,8.74,0.9529,0,0,0.5,5.82,0
2024-08-04 08:00:00,MUC_001,MUC_001_ROBOT_1,16,8.2,0.9755,1,0,0.94,4.69,0
2024-08-04 08:00:00,BER_001,BER_001_ROBOT_1,27,9.02,0.9729,1,0,1.88,4.9,0
2024-08-04 08:00:00,HAM_001,HAM_001_ROBOT_1,27,11.65,0.9521,2,0,1.45,4.81,0
2024-08-04 09:00:00,MUC_001,MUC_001_ROBOT_1,24,8.63,0.9893,2,0,1.13,4.38,0
2024-08-04 09:00:00,BER_001,BER_001_ROBOT_1,2,8.31,0.7195,6,48,0.55,5.41,1
2024-08-04 09:00:00,HAM_001,HAM_001_ROBOT_1,14,10.96,0.96,1,0,1.67,4.17,0
2024-08-04 10:00:00,MUC_001,MUC_001_ROBOT_1,14,8.37,0.9886,2,0,0.74,4.74,0
2024-08-04 10:00:00,BER_001,BER_001_ROBOT_1,13,10.97,0.9808,0,0,1.95,5.57,0
2024-08-04 10:00:00,HAM_001,HAM_001_ROBOT_1,27,10.23,0.9578,2,0,0.55,5.34,0
2024-08-04 11:00:00,MUC_001,MUC_001_ROBOT_1,22,8.34,0.9537,1,0,1.59,5.29,0
2024-08-04 11:00:00,BER_001,BER_001_ROBOT_1,14,10.63,0.9845,2,0,1.69,4.71,0
2024-08-04 11:00:00,HAM_001,HAM_001_ROBOT_1,12,9.21,0.9886,0,0,0.98,4.83,0
2024-08-04 12:00:00,MUC_001,MUC_001_ROBOT_1,25,11.77,0.9786,1,0,0.97,4.48,0
2024-08-04 12:00:00,BER_001,BER_001_ROBOT_1,4,10.88,0.7076,3,60,1.42,5.12,1
2024-08-04 12:00:00,HAM_001,HAM_001_ROBOT_1,28,11.66,0.971,0,0,1.2,5.38,0
2024-08-04 13:00:00,MUC_001,MUC_001_ROBOT_1,28,10.63,0.9757,2,0,1.01,4.89,0
2024-08-04 13:00:00,BER_001,BER_001_ROBOT_1,10,8.59,0.9777,0,0,1.05,5.92,0
2024-08-04 13:00:00,HAM_001,HAM_001_ROBOT_1,30,10.56,0.9643,1,0,1.87,4.89,0
2024-08-04 14:00:00,MUC_001,MUC_001_ROBOT_1,15,10.26,0.961,1,0,0.96,4.44,0
2024-08-04 14:00:00,BER_001,BER_001_ROBOT_1,23,8.52,0.9529,0,0,0.98,5.42,0
2024-08-04 14:00:00,HAM_001,HAM_001_ROBOT_1,21,8.01,0.9865,2,0,1.35,5.46,0
2024-08-04 15:00:00,MUC_001,MUC_001_ROBOT_1,10,8.29,0.9836,0,0,1.14,4.82,0
2024-08-04 15:00:00,BER_001,BER_001_ROBOT_1,10,10.47,0.9516,2,0,0.71,4.35,0
2024-08-04 15:00:00,HAM_001,HAM_001_ROBOT_1,29,8.27,0.9645,1,0,0.7,4.21,0
2024-08-04 16:00:00,MUC_001,MUC_001_ROBOT_1,27,11.71,0.9848,2,0,0.95,5.72,0
2024-08-04 16:00:00,BER_001,BER_001_ROBOT_1,17,9.27,0.9566,1,0,1.21,4.16,0
2024-08-04 16:00:00,HAM_001,HAM_001_ROBOT_1,29,9.77,0.9626,1,0,1.51,4.85,0
2024-08-04 17:00:00,MUC_001,MUC_001_ROBOT_1,14,10.06,0.9879,0,0,1.67,4.79,0
2024-08-04 17:00:00,BER_001,BER_001_ROBOT_1,17,8.65,0.9658,2,0,1.43,5.47,0
2024-08-04 17:00:00,HAM_001,HAM_001_ROBOT_1,17,9.9,0.9794,0,0,1.72,5.46,0
2024-08-04 18:00:00,MUC_001,MUC_001_ROBOT_1,14,9.78,0.9656,2,0,1.22,4.99,0
2024-08-04 18:00:00,BER_001,BER_001_ROBOT_1,29,10.7,0.9633,1,0,1.5,4.82,0
2024-08-04 18:00:00,HAM_001,HAM_001_ROBOT_1,10,11.46,0.9866,0,0,1.36,5.89,0
2024-08-04 19:00:00,MUC_001,MUC_001_ROBOT_1,26,9.55,0.9742,1,0,1.82,4.55,0
2024-08-04 19:00:00,BER_001,BER_001_ROBOT_1,22,8.89,0.9649,0,0,2.0,4.63,0
2024-08-04 19:00:00,HAM_001,HAM_001_ROBOT_1,16,8.14,0.9548,0,0,0.56,4.56,0
2024-08-04 20:00:00,MUC_001,MUC_001_ROBOT_1,20,11.66,0.9845,1,0,0.57,5.03,0
2024-08-04 20:00:00,BER_001,BER_001_ROBOT_1,28,8.57,0.9568,1,0,1.62,4.72,0
2024-08-04 20:00:00,HAM_001,HAM_001_ROBOT_1,17,11.06,0.9809,1,0,1.8,5.04,0
2024-08-04 21:00:00,MUC_001,MUC_001_ROBOT_1,15,10.26,0.9541,0,0,1.16,5.12,0
2024-08-04 21:00:00,BER_001,BER_001_ROBOT_1,18,10.35,0.9626,2,0,1.47,5.76,0
2024-08-04 21:00:00,HAM_001,HAM_001_ROBOT_1,13,10.72,0.9595,2,0,1.87,4.25,0
2024-08-04 22:00:00,MUC_001,MUC_001_ROBOT_1,23,10.44,0.9878,1,0,0.75,4.79,0
2024-08-04 22:00:00,BER_001,BER_001_ROBOT_1,10,9.19,0.9575,0,0,1.97,5.37,0
2024-08-04 22:00:00,HAM_001,HAM_001_ROBOT_1,29,8.08,0.9693,0,0,1.24,5.0,0
2024-08-04 23:00:00,MUC_001,MUC_001_ROBOT_1,29,9.03,0.9747,1,0,1.01,4.68,0
2024-08-04 23:00:00,BER_001,BER_001_ROBOT_1,17,9.68,0.987,2,0,1.64,5.19,0
2024-08-04 23:00:00,HAM_001,HAM_001_ROBOT_1,23,10.18,0.9727,0,0,1.44,4.87,0
2024-08-05 00:00:00,MUC_001,MUC_001_ROBOT_1,13,11.2,0.9806,1,0,1.18,4.31,0
2024-08-05 00:00:00,BER_001,BER_001_ROBOT_1,30,8.88,0.9855,2,0,1.64,4.93,0
2024-08-05 00:00:00,HAM_001,HAM_001_ROBOT_1,30,10.63,0.9544,0,0,0.54,5.61,0
2024-08-05 01:00:00,MUC_001,MUC_001_ROBOT_1,13,10.32,0.9737,0,0,1.24,4.18,0
2024-08-05 01:00:00,BER_001,BER_001_ROBOT_1,18,11.62,0.9684,2,0,1.7,5.59,0
2024-08-05 01:00:00,HAM_001,HAM_001_ROBOT_1,29,10.27,0.9853,1,0,0.84,4.56,0
2024-08-05 02:00:00,MUC_001,MUC_001_ROBOT_1,30,9.88,0.9502,0,0,0.76,5.42,0
2024-08-05 02:00:00,BER_001,BER_001_ROBOT_1,30,8.26,0.9585,2,0,0.79,5.02,0
2024-08-05 02:00:00,HAM_001,HAM_001_ROBOT_1,13,11.13,0.9897,0,0,0.86,4.15,0
2024-08-05 03:00:00,MUC_001,MUC_001_ROBOT_1,28,9.59,0.9732,0,0,0.72,5.74,0
2024-08-05 03:00:00,BER_001,BER_001_ROBOT_1,28,9.15,0.9516,2,0,0.95,4.83,0
2024-08-05 03:00:00,HAM_001,HAM_001_ROBOT_1,15,8.21,0.965,1,0,0.7,4.0,0
2024-08-05 04:00:00,MUC_001,MUC_001_ROBOT_1,12,10.5,0.9507,1,0,1.03,5.3,0
2024-08-05 04:00:00,BER_001,BER_001_ROBOT_1,29,9.57,0.9708,1,0,1.65,5.83,0
2024-08-05 04:00:00,HAM_001,HAM_001_ROBOT_1,10,9.24,0.9618,1,0,1.25,5.34,0
2024-08-05 05:00:00,MUC_001,MUC_001_ROBOT_1,22,10.07,0.9742,2,0,1.54,4.94,0
2024-08-05 05:00:00,BER_001,BER_001_ROBOT_1,26,10.84,0.9524,2,0,0.86,4.56,0
2024-08-05 05:00:00,HAM_001,HAM_001_ROBOT_1,26,8.47,0.965,0,0,1.81,5.72,0
2024-08-05 06:00:00,MUC_001,MUC_001_ROBOT_1,26,9.4,0.9886,2,0,1.18,5.8,0
2024-08-05 06:00:00,BER_001,BER_001_ROBOT_1,22,9.08,0.9742,0,0,0.79,4.8,0
2024-08-05 06:00:00,HAM_001,HAM_001_ROBOT_1,29,10.68,0.9876,2,0,1.22,4.88,0
2024-08-05 07:00:00,MUC_001,MUC_001_ROBOT_1,29,9.58,0.9759,2,0,0.62,5.62,0
2024-08-05 07:00:00,BER_001,BER_001_ROBOT_1,25,8.28,0.9692,2,0,1.17,5.77,0
2024-08-05 07:00:00,HAM_001,HAM_001_ROBOT_1,11,10.79,0.969,0,0,1.99,5.96,0
2024-08-05 08:00:00,MUC_001,MUC_001_ROBOT_1,25,11.78,0.9794,0,0,1.07,4.98,0
2024-08-05 08:00:00,BER_001,BER_001_ROBOT_1,19,8.1,0.9731,1,0,1.17,5.63,0
2024-08-05 08:00:00,HAM_001,HAM_001_ROBOT_1,27,11.55,0.9755,2,0,1.73,4.11,0
2024-08-05 09:00:00,MUC_001,MUC_001_ROBOT_1,26,10.54,0.96,1,0,2.0,5.09,0
2024-08-05 09:00:00,BER_001,BER_001_ROBOT_1,13,10.92,0.9778,2,0,0.57,5.61,0
2024-08-05 09:00:00,HAM_001,HAM_001_ROBOT_1,4,11.9,0.8143,8,24,1.24,4.35,1
2024-08-05 10:00:00,MUC_001,MUC_001_ROBOT_1,22,11.12,0.9699,2,0,0.96,4.38,0
2024-08-05 10:00:00,BER_001,BER_001_ROBOT_1,10,11.51,0.989,2,0,0.56,5.85,0
2024-08-05 10:00:00,HAM_001,HAM_001_ROBOT_1,17,9.46,0.9761,0,0,1.06,4.32,0
2024-08-05 11:00:00,MUC_001,MUC_001_ROBOT_1,16,11.99,0.9758,2,0,0.75,4.63,0
2024-08-05 11:00:00,BER_001,BER_001_ROBOT_1,30,9.23,0.9864,2,0,1.07,5.02,0
2024-08-05 11:00:00,HAM_001,HAM_001_ROBOT_1,21,9.76,0.9839,0,0,0.67,4.71,0
2024-08-05 12:00:00,MUC_001,MUC_001_ROBOT_1,19,10.18,0.9766,1,0,1.99,4.53,0
2024-08-05 12:00:00,BER_001,BER_001_ROBOT_1,16,11.74,0.9852,1,0,1.54,4.83,0
2024-08-05 12:00:00,HAM_001,HAM_001_ROBOT_1,29,9.23,0.9747,2,0,1.3,5.88,0
2024-08-05 13:00:00,MUC_001,MUC_001_ROBOT_1,10,9.95,0.9553,1,0,1.17,4.26,0
2024-08-05 13:00:00,BER_001,BER_001_ROBOT_1,26,11.47,0.9866,0,0,0.84,4.61,0
2024-08-05 13:00:00,HAM_001,HAM_001_ROBOT_1,11,9.94,0.9573,2,0,1.47,5.08,0
2024-08-05 14:00:00,MUC_001,MUC_001_ROBOT_1,29,10.67,0.9783,0,0,1.28,4.07,0
2024-08-05 14:00:00,BER_001,BER_001_ROBOT_1,26,9.58,0.9775,0,0,1.15,5.31,0
2024-08-05 14:00:00,HAM_001,HAM_001_ROBOT_1,2,11.46,0.8452,7,47,1.24,5.51,1
2024-08-05 15:00:00,MUC_001,MUC_001_ROBOT_1,19,11.67,0.9629,2,0,1.37,4.23,0
2024-08-05 15:00:00,BER_001,BER_001_ROBOT_1,15,10.45,0.9765,2,0,1.62,5.63,0
2024-08-05 15:00:00,HAM_001,HAM_001_ROBOT_1,25,8.56,0.9533,1,0,1.66,5.87,0
2024-08-05 16:00:00,MUC_001,MUC_001_ROBOT_1,17,9.94,0.9827,2,0,1.29,5.19,0
2024-08-05 16:00:00,BER_001,BER_001_ROBOT_1,5,11.41,0.781,3,15,1.84,5.88,1
2024-08-05 16:00:00,HAM_001,HAM_001_ROBOT_1,28,9.1,0.9514,2,0,0.55,5.15,0
2024-08-05 17:00:00,MUC_001,MUC_001_ROBOT_1,19,9.04,0.9629,1,0,1.62,5.65,0
2024-08-05 17:00:00,BER_001,BER_001_ROBOT_1,18,11.67,0.973,0,0,1.96,4.25,0
2024-08-05 17:00:00,HAM_001,HAM_001_ROBOT_1,22,11.21,0.9873,1,0,0.69,5.43,0
2024-08-05 18:00:00,MUC_001,MUC_001_ROBOT_1,23,11.86,0.9664,1,0,1.13,5.8,0
2024-08-05 18:00:00,BER_001,BER_001_ROBOT_1,11,11.53,0.9685,2,0,1.42,5.02,0
2024-08-05 18:00:00,HAM_001,HAM_001_ROBOT_1,24,9.7,0.9794,1,0,0.94,4.53,0
2024-08-05 19:00:00,MUC_001,MUC_001_ROBOT_1,26,8.67,0.964,2,0,0.89,5.39,0
2024-08-05 19:00:00,BER_001,BER_001_ROBOT_1,10,11.95,0.9884,0,0,1.49,5.83,0
2024-08-05 19:00:00,HAM_001,HAM_001_ROBOT_1,13,11.01,0.9654,2,0,1.01,5.71,0
2024-08-05 20:00:00,MUC_001,MUC_001_ROBOT_1,24,11.88,0.979,1,0,1.28,4.21,0
2024-08-05 20:00:00,BER_001,BER_001_ROBOT_1,22,9.01,0.9726,0,0,0.6,4.87,0
2024-08-05 20:00:00,HAM_001,HAM_001_ROBOT_1,17,9.12,0.9546,1,0,1.69,4.41,0
2024-08-05 21:00:00,MUC_001,MUC_001_ROBOT_1,14,9.0,0.9877,2,0,0.64,5.6,0
2024-08-05 21:00:00,BER_001,BER_001_ROBOT_1,20,9.07,0.9558,2,0,0.64,4.84,0
2024-08-05 21:00:00,HAM_001,HAM_001_ROBOT_1,22,8.84,0.9885,2,0,1.18,4.94,0
2024-08-05 22:00:00,MUC_001,MUC_001_ROBOT_1,23,8.18,0.9716,1,0,1.26,5.47,0
2024-08-05 22:00:00,BER_001,BER_001_ROBOT_1,27,8.75,0.9529,0,0,0.84,4.74,0
2024-08-05 22:00:00,HAM_001,HAM_001_ROBOT_1,0,8.98,0.7422,9,28,0.51,5.12,1
2024-08-05 23:00:00,MUC_001,MUC_001_ROBOT_1,23,11.69,0.9612,0,0,1.1,4.64,0
2024-08-05 23:00:00,BER_001,BER_001_ROBOT_1,21,9.87,0.9765,1,0,1.62,5.24,0
2024-08-05 23:00:00,HAM_001,HAM_001_ROBOT_1,15,9.76,0.9838,2,0,1.45,4.21,0
2024-08-06 00:00:00,MUC_001,MUC_001_ROBOT_1,20,10.53,0.9838,0,0,1.11,5.55,0
2024-08-06 00:00:00,BER_001,BER_001_ROBOT_1,12,8.31,0.9714,1,0,0.85,4.57,0
2024-08-06 00:00:00,HAM_001,HAM_001_ROBOT_1,12,9.93,0.9512,0,0,1.12,4.92,0
2024-08-06 01:00:00,MUC_001,MUC_001_ROBOT_1,30,8.46,0.9836,1,0,0.6,4.54,0
2024-08-06 01:00:00,BER_001,BER_001_ROBOT_1,10,8.14,0.9595,0,0,0.59,4.71,0
2024-08-06 01:00:00,HAM_001,HAM_001_ROBOT_1,27,10.32,0.9776,2,0,1.35,4.62,0
2024-08-06 02:00:00,MUC_001,MUC_001_ROBOT_1,22,11.99,0.9649,0,0,1.77,5.76,0
2024-08-06 02:00:00,BER_001,BER_001_ROBOT_1,19,9.61,0.9507,1,0,0.55,4.02,0
2024-08-06 02:00:00,HAM_001,HAM_001_ROBOT_1,0,11.78,0.8291,10,46,1.83,5.46,1
2024-08-06 03:00:00,MUC_001,MUC_001_ROBOT_1,30,8.57,0.9896,2,0,1.9,5.59,0
2024-08-06 03:00:00,BER_001,BER_001_ROBOT_1,0,9.97,0.788,10,52,1.44,5.2,1
2024-08-06 03:00:00,HAM_001,HAM_001_ROBOT_1,17,11.06,0.975,0,0,1.46,4.62,0
2024-08-06 04:00:00,MUC_001,MUC_001_ROBOT_1,26,9.11,0.9888,1,0,1.53,4.07,0
2024-08-06 04:00:00,BER_001,BER_001_ROBOT_1,22,11.19,0.9846,0,0,1.44,4.32,0
2024-08-06 04:00:00,HAM_001,HAM_001_ROBOT_1,25,10.36,0.9779,1,0,1.36,4.56,0
2024-08-06 05:00:00,MUC_001,MUC_001_ROBOT_1,1,11.54,0.8076,3,50,1.14,5.42,1
2024-08-06 05:00:00,BER_001,BER_001_ROBOT_1,16,8.45,0.9632,1,0,1.46,5.85,0
2024-08-06 05:00:00,HAM_001,HAM_001_ROBOT_1,13,8.04,0.9523,1,0,1.75,5.72,0
2024-08-06 06:00:00,MUC_001,MUC_001_ROBOT_1,15,11.56,0.9827,1,0,0.61,4.22,0
2024-08-06 06:00:00,BER_001,BER_001_ROBOT_1,28,10.81,0.9592,0,0,1.46,4.01,0
2024-08-06 06:00:00,HAM_001,HAM_001_ROBOT_1,18,8.1,0.9732,2,0,1.89,4.21,0
2024-08-06 07:00:00,MUC_001,MUC_001_ROBOT_1,11,11.14,0.9722,0,0,0.6,5.12,0
2024-08-06 07:00:00,BER_001,BER_001_ROBOT_1,24,11.23,0.9808,0,0,0.69,5.49,0
2024-08-06 07:00:00,HAM_001,HAM_001_ROBOT_1,16,8.25,0.982,1,0,1.01,4.35,0
2024-08-06 08:00:00,MUC_001,MUC_001_ROBOT_1,28,8.58,0.9514,1,0,1.55,5.53,0
2024-08-06 08:00:00,BER_001,BER_001_ROBOT_1,18,8.43,0.9798,1,0,1.54,5.48,0
2024-08-06 08:00:00,HAM_001,HAM_001_ROBOT_1,13,9.11,0.9516,2,0,1.79,4.58,0
2024-08-06 09:00:00,MUC_001,MUC_001_ROBOT_1,27,9.02,0.9827,1,0,0.8,5.72,0
2024-08-06 09:00:00,BER_001,BER_001_ROBOT_1,20,10.13,0.9577,1,0,1.42,5.24,0
2024-08-06 09:00:00,HAM_001,HAM_001_ROBOT_1,19,10.18,0.9811,0,0,0.99,5.96,0
2024-08-06 10:00:00,MUC_001,MUC_001_ROBOT_1,12,8.93,0.9708,0,0,1.01,5.93,0
2024-08-06 10:00:00,BER_001,BER_001_ROBOT_1,26,10.23,0.9894,2,0,1.87,5.76,0
2024-08-06 10:00:00,HAM_001,HAM_001_ROBOT_1,14,10.32,0.9787,0,0,1.77,5.68,0
2024-08-06 11:00:00,MUC_001,MUC_001_ROBOT_1,20,8.07,0.9543,2,0,1.54,4.51,0
2024-08-06 11:00:00,BER_001,BER_001_ROBOT_1,13,8.84,0.9681,1,0,0.9,5.45,0
2024-08-06 11:00:00,HAM_001,HAM_001_ROBOT_1,29,10.21,0.9623,1,0,1.69,5.63,0
2024-08-06 12:00:00,MUC_001,MUC_001_ROBOT_1,11,11.18,0.9755,0,0,1.27,4.04,0
2024-08-06 12:00:00,BER_001,BER_001_ROBOT_1,19,9.37,0.9754,0,0,0.89,5.5,0
2024-08-06 12:00:00,HAM_001,HAM_001_ROBOT_1,13,11.56,0.9587,0,0,1.64,4.07,0
2024-08-06 13:00:00,MUC_001,MUC_001_ROBOT_1,19,9.84,0.953,0,0,0.97,5.17,0
2024-08-06 13:00:00,BER_001,BER_001_ROBOT_1,22,10.19,0.9572,2,0,0.6,5.01,0
2024-08-06 13:00:00,HAM_001,HAM_001_ROBOT_1,11,8.91,0.9778,1,0,0.78,5.3,0
2024-08-06 14:00:00,MUC_001,MUC_001_ROBOT_1,24,10.19,0.9502,2,0,1.26,4.76,0
2024-08-06 14:00:00,BER_001,BER_001_ROBOT_1,16,8.55,0.9697,1,0,0.96,4.73,0
2024-08-06 14:00:00,HAM_001,HAM_001_ROBOT_1,30,8.39,0.9767,0,0,0.92,5.14,0
2024-08-06 15:00:00,MUC_001,MUC_001_ROBOT_1,18,11.72,0.9815,0,0,0.78,4.08,0
2024-08-06 15:00:00,BER_001,BER_001_ROBOT_1,21,10.82,0.9726,0,0,1.64,5.61,0
2024-08-06 15:00:00,HAM_001,HAM_001_ROBOT_1,23,9.78,0.9534,1,0,1.25,5.29,0
2024-08-06 16:00:00,MUC_001,MUC_001_ROBOT_1,16,11.37,0.9896,1,0,1.03,4.49,0
2024-08-06 16:00:00,BER_001,BER_001_ROBOT_1,11,9.43,0.9773,1,0,1.42,5.94,0
2024-08-06 16:00:00,HAM_001,HAM_001_ROBOT_1,14,9.7,0.9573,2,0,1.69,4.36,0
2024-08-06 17:00:00,MUC_001,MUC_001_ROBOT_1,16,8.81,0.9855,0,0,1.95,5.36,0
2024-08-06 17:00:00,BER_001,BER_001_ROBOT_1,27,11.93,0.9662,0,0,1.03,5.06,0
2024-08-06 17:00:00,HAM_001,HAM_001_ROBOT_1,28,9.22,0.9596,0,0,1.15,4.83,0
2024-08-06 18:00:00,MUC_001,MUC_001_ROBOT_1,21,8.88,0.9519,1,0,1.33,4.52,0
2024-08-06 18:00:00,BER_001,BER_001_ROBOT_1,13,9.3,0.953,1,0,0.76,5.15,0
2024-08-06 18:00:00,HAM_001,HAM_001_ROBOT_1,3,10.3,0.7912,8,31,1.8,4.34,1
2024-08-06 19:00:00,MUC_001,MUC_001_ROBOT_1,26,8.55,0.9608,1,0,1.55,5.43,0
2024-08-06 19:00:00,BER_001,BER_001_ROBOT_1,26,8.89,0.9869,0,0,0.91,5.25,0
2024-08-06 19:00:00,HAM_001,HAM_001_ROBOT_1,24,9.46,0.9629,2,0,0.72,5.46,0
2024-08-06 20:00:00,MUC_001,MUC_001_ROBOT_1,23,8.75,0.986,2,0,0.92,5.87,0
2024-08-06 20:00:00,BER_001,BER_001_ROBOT_1,21,10.4,0.9589,1,0,1.67,5.06,0
2024-08-06 20:00:00,HAM_001,HAM_001_ROBOT_1,26,11.17,0.9657,2,0,1.97,5.56,0
2024-08-06 21:00:00,MUC_001,MUC_001_ROBOT_1,17,8.19,0.968,2,0,0.88,5.21,0
2024-08-06 21:00:00,BER_001,BER_001_ROBOT_1,15,10.15,0.9873,2,0,1.25,5.86,0
2024-08-06 21:00:00,HAM_001,HAM_001_ROBOT_1,17,9.58,0.9689,1,0,0.94,5.94,0
2024-08-06 22:00:00,MUC_001,MUC_001_ROBOT_1,12,10.87,0.9685,2,0,0.88,4.71,0
2024-08-06 22:00:00,BER_001,BER_001_ROBOT_1,14,10.79,0.9686,1,0,1.06,5.5,0
2024-08-06 22:00:00,HAM_001,HAM_001_ROBOT_1,18,11.97,0.9621,1,0,1.31,5.62,0
2024-08-06 23:00:00,MUC_001,MUC_001_ROBOT_1,16,9.51,0.965,1,0,1.98,5.91,0
2024-08-06 23:00:00,BER_001,BER_001_ROBOT_1,28,8.86,0.9561,1,0,1.14,4.19,0
2024-08-06 23:00:00,HAM_001,HAM_001_ROBOT_1,23,9.66,0.9816,2,0,1.34,4.06,0
2024-08-07 00:00:00,MUC_001,MUC_001_ROBOT_1,15,11.97,0.9819,1,0,0.5,5.94,0
2024-08-07 00:00:00,BER_001,BER_001_ROBOT_1,27,8.8,0.9855,2,0,0.78,4.83,0
2024-08-07 00:00:00,HAM_001,HAM_001_ROBOT_1,25,8.73,0.9705,0,0,1.27,4.33,0
2024-08-07 01:00:00,MUC_001,MUC_001_ROBOT_1,5,10.22,0.7294,6,49,1.48,4.84,1
2024-08-07 01:00:00,BER_001,BER_001_ROBOT_1,27,11.54,0.9589,0,0,0.53,4.43,0
2024-08-07 01:00:00,HAM_001,HAM_001_ROBOT_1,23,9.72,0.9536,2,0,1.36,5.08,0
2024-08-07 02:00:00,MUC_001,MUC_001_ROBOT_1,24,11.36,0.988,1,0,1.23,4.95,0
2024-08-07 02:00:00,BER_001,BER_001_ROBOT_1,28,9.49,0.9551,0,0,1.99,5.3,0
2024-08-07 02:00:00,HAM_001,HAM_001_ROBOT_1,21,11.0,0.9632,0,0,1.61,5.05,0
2024-08-07 03:00:00,MUC_001,MUC_001_ROBOT_1,21,11.15,0.9519,1,0,1.4,4.08,0
2024-08-07 03:00:00,BER_001,BER_001_ROBOT_1,27,10.8,0.9695,0,0,1.21,5.11,0
2024-08-07 03:00:00,HAM_001,HAM_001_ROBOT_1,23,8.78,0.9743,0,0,0.98,4.61,0
2024-08-07 04:00:00,MUC_001,MUC_001_ROBOT_1,25,9.4,0.972,1,0,1.66,5.16,0
2024-08-07 04:00:00,BER_001,BER_001_ROBOT_1,22,9.33,0.963,1,0,1.38,5.59,0
2024-08-07 04:00:00,HAM_001,HAM_001_ROBOT_1,18,10.03,0.9559,2,0,1.17,4.91,0
2024-08-07 05:00:00,MUC_001,MUC_001_ROBOT_1,30,10.99,0.9665,1,0,1.02,5.76,0
2024-08-07 05:00:00,BER_001,BER_001_ROBOT_1,15,11.34,0.9744,0,0,1.11,5.53,0
2024-08-07 05:00:00,HAM_001,HAM_001_ROBOT_1,29,8.93,0.974,2,0,0.64,5.48,0
2024-08-07 06:00:00,MUC_001,MUC_001_ROBOT_1,13,11.5,0.9782,2,0,1.69,4.56,0
2024-08-07 06:00:00,BER_001,BER_001_ROBOT_1,20,10.89,0.9538,0,0,1.76,4.62,0
2024-08-07 06:00:00,HAM_001,HAM_001_ROBOT_1,13,8.02,0.9608,1,0,1.14,4.99,0
2024-08-07 07:00:00,MUC_001,MUC_001_ROBOT_1,23,9.05,0.9796,0,0,0.98,5.51,0
2024-08-07 07:00:00,BER_001,BER_001_ROBOT_1,30,11.36,0.987,0,0,1.39,5.69,0
2024-08-07 07:00:00,HAM_001,HAM_001_ROBOT_1,16,10.05,0.977,2,0,0.93,5.73,0
2024-08-07 08:00:00,MUC_001,MUC_001_ROBOT_1,13,10.02,0.9708,1,0,0.8,4.99,0
2024-08-07 08:00:00,BER_001,BER_001_ROBOT_1,10,8.16,0.9543,1,0,0.72,4.42,0
2024-08-07 08:00:00,HAM_001,HAM_001_ROBOT_1,1,11.83,0.7031,4,22,0.96,5.2,1
2024-08-07 09:00:00,MUC_001,MUC_001_ROBOT_1,15,10.67,0.9884,1,0,1.46,4.65,0
2024-08-07 09:00:00,BER_001,BER_001_ROBOT_1,26,9.89,0.9897,1,0,0.61,4.12,0
2024-08-07 09:00:00,HAM_001,HAM_001_ROBOT_1,14,8.05,0.9781,2,0,1.74,5.16,0
2024-08-07 10:00:00,MUC_001,MUC_001_ROBOT_1,18,8.6,0.9864,2,0,1.88,5.07,0
2024-08-07 10:00:00,BER_001,BER_001_ROBOT_1,15,8.76,0.9566,1,0,1.97,4.71,0
2024-08-07 10:00:00,HAM_001,HAM_001_ROBOT_1,27,11.02,0.9896,0,0,1.58,4.38,0
2024-08-07 11:00:00,MUC_001,MUC_001_ROBOT_1,2,11.87,0.8047,10,15,1.81,5.83,1
2024-08-07 11:00:00,BER_001,BER_001_ROBOT_1,25,9.39,0.9809,1,0,0.83,5.09,0
2024-08-07 11:00:00,HAM_001,HAM_001_ROBOT_1,26,8.15,0.9665,0,0,1.47,5.83,0
2024-08-07 12:00:00,MUC_001,MUC_001_ROBOT_1,22,9.47,0.9835,1,0,1.54,4.36,0
2024-08-07 12:00:00,BER_001,BER_001_ROBOT_1,14,11.19,0.9808,1,0,1.92,5.01,0
2024-08-07 12:00:00,HAM_001,HAM_001_ROBOT_1,17,8.11,0.9708,1,0,1.55,5.44,0
2024-08-07 13:00:00,MUC_001,MUC_001_ROBOT_1,17,9.4,0.9718,0,0,1.61,5.27,0
2024-08-07 13:00:00,BER_001,BER_001_ROBOT_1,25,9.35,0.9729,0,0,1.67,4.46,0
2024-08-07 13:00:00,HAM_001,HAM_001_ROBOT_1,13,8.46,0.9658,0,0,1.4,5.25,0
2024-08-07 14:00:00,MUC_001,MUC_001_ROBOT_1,14,10.35,0.9844,0,0,0.81,5.56,0
2024-08-07 14:00:00,BER_001,BER_001_ROBOT_1,20,10.24,0.953,2,0,1.78,5.5,0
2024-08-07 14:00:00,HAM_001,HAM_001_ROBOT_1,14,11.51,0.9517,2,0,1.41,5.79,0
2024-08-07 15:00:00,MUC_001,MUC_001_ROBOT_1,15,9.27,0.9528,1,0,0.95,5.11,0
2024-08-07 15:00:00,BER_001,BER_001_ROBOT_1,15,9.08,0.9843,0,0,0.63,4.42,0
2024-08-07 15:00:00,HAM_001,HAM_001_ROBOT_1,30,8.08,0.9578,0,0,1.81,5.44,0
2024-08-07 16:00:00,MUC_001,MUC_001_ROBOT_1,20,11.3,0.9855,0,0,0.59,4.79,0
2024-08-07 16:00:00,BER_001,BER_001_ROBOT_1,18,11.72,0.9664,2,0,1.68,5.75,0
2024-08-07 16:00:00,HAM_001,HAM_001_ROBOT_1,12,11.48,0.9597,1,0,0.75,5.26,0
2024-08-07 17:00:00,MUC_001,MUC_001_ROBOT_1,20,11.22,0.9701,2,0,0.8,5.39,0
2024-08-07 17:00:00,BER_001,BER_001_ROBOT_1,29,10.46,0.977,0,0,1.68,4.06,0
2024-08-07 17:00:00,HAM_001,HAM_001_ROBOT_1,24,9.68,0.9601,1,0,1.14,4.34,0
2024-08-07 18:00:00,MUC_001,MUC_001_ROBOT_1,13,11.55,0.9799,0,0,1.17,4.11,0
2024-08-07 18:00:00,BER_001,BER_001_ROBOT_1,25,9.79,0.9852,1,0,1.3,5.87,0
2024-08-07 18:00:00,HAM_001,HAM_001_ROBOT_1,28,8.42,0.9858,2,0,1.1,4.65,0
2024-08-07 19:00:00,MUC_001,MUC_001_ROBOT_1,12,9.82,0.9692,0,0,1.43,4.37,0
2024-08-07 19:00:00,BER_001,BER_001_ROBOT_1,16,10.11,0.9537,1,0,1.03,4.43,0
2024-08-07 19:00:00,HAM_001,HAM_001_ROBOT_1,15,11.54,0.9853,2,0,0.81,4.18,0
2024-08-07 20:00:00,MUC_001,MUC_001_ROBOT_1,22,11.66,0.9882,0,0,0.77,5.3,0
2024-08-07 20:00:00,BER_001,BER_001_ROBOT_1,20,10.04,0.9805,2,0,1.81,5.14,0
2024-08-07 20:00:00,HAM_001,HAM_001_ROBOT_1,0,11.49,0.7187,5,46,1.63,5.56,1
2024-08-07 21:00:00,MUC_001,MUC_001_ROBOT_1,27,8.41,0.9597,2,0,1.49,4.47,0
2024-08-07 21:00:00,BER_001,BER_001_ROBOT_1,14,11.98,0.9898,0,0,1.58,4.84,0
2024-08-07 21:00:00,HAM_001,HAM_001_ROBOT_1,23,10.42,0.9778,2,0,1.35,4.31,0
2024-08-07 22:00:00,MUC_001,MUC_001_ROBOT_1,11,10.96,0.9534,2,0,1.24,4.65,0
2024-08-07 22:00:00,BER_001,BER_001_ROBOT_1,27,8.54,0.9852,2,0,1.37,4.94,0
2024-08-07 22:00:00,HAM_001,HAM_001_ROBOT_1,22,9.76,0.9793,1,0,0.76,5.29,0
2024-08-07 23:00:00,MUC_001,MUC_001_ROBOT_1,30,8.23,0.9638,0,0,1.61,5.95,0
2024-08-07 23:00:00,BER_001,BER_001_ROBOT_1,20,11.89,0.9626,0,0,1.53,5.8,0
2024-08-07 23:00:00,HAM_001,HAM_001_ROBOT_1,24,10.91,0.9781,1,0,1.17,5.52,0
2024-08-08 00:00:00,MUC_001,MUC_001_ROBOT_1,22,9.86,0.9861,0,0,1.29,4.17,0
2024-08-08 00:00:00,BER_001,BER_001_ROBOT_1,16,10.35,0.9533,2,0,0.91,5.13,0
2024-08-08 00:00:00,HAM_001,HAM_001_ROBOT_1,19,8.94,0.9725,2,0,1.45,5.49,0
2024-08-08 01:00:00,MUC_001,MUC_001_ROBOT_1,14,10.43,0.9635,0,0,1.09,4.3,0
2024-08-08 01:00:00,BER_001,BER_001_ROBOT_1,27,8.85,0.9684,1,0,1.0,5.93,0
2024-08-08 01:00:00,HAM_001,HAM_001_ROBOT_1,25,10.37,0.9613,2,0,0.72,5.74,0
2024-08-08 02:00:00,MUC_001,MUC_001_ROBOT_1,18,10.13,0.9879,0,0,0.52,5.17,0
2024-08-08 02:00:00,BER_001,BER_001_ROBOT_1,29,11.09,0.9608,1,0,0.71,4.24,0
2024-08-08 02:00:00,HAM_001,HAM_001_ROBOT_1,2,9.62,0.8473,10,25,1.64,5.19,1
2024-08-08 03:00:00,MUC_001,MUC_001_ROBOT_1,2,11.64,0.751,10,51,1.04,5.49,1
2024-08-08 03:00:00,BER_001,BER_001_ROBOT_1,26,9.38,0.9609,1,0,0.93,5.28,0
2024-08-08 03:00:00,HAM_001,HAM_001_ROBOT_1,26,9.39,0.9615,1,0,1.85,5.37,0
2024-08-08 04:00:00,MUC_001,MUC_001_ROBOT_1,28,10.38,0.9608,2,0,1.32,4.48,0
2024-08-08 04:00:00,BER_001,BER_001_ROBOT_1,23,9.9,0.9616,2,0,1.33,4.94,0
2024-08-08 04:00:00,HAM_001,HAM_001_ROBOT_1,19,8.46,0.9825,0,0,1.75,4.76,0
2024-08-08 05:00:00,MUC_001,MUC_001_ROBOT_1,12,11.38,0.9887,0,0,1.37,5.93,0
2024-08-08 05:00:00,BER_001,BER_001_ROBOT_1,11,10.86,0.9897,1,0,1.71,4.44,0
2024-08-08 05:00:00,HAM_001,HAM_001_ROBOT_1,16,8.01,0.9727,0,0,1.08,5.58,0
2024-08-08 06:00:00,MUC_001,MUC_001_ROBOT_1,24,8.42,0.9551,1,0,1.16,5.27,0
2024-08-08 06:00:00,BER_001,BER_001_ROBOT_1,13,8.3,0.9773,2,0,1.02,4.72,0
2024-08-08 06:00:00,HAM_001,HAM_001_ROBOT_1,30,11.59,0.9756,1,0,1.15,5.75,0
2024-08-08 07:00:00,MUC_001,MUC_001_ROBOT_1,29,9.72,0.9732,1,0,1.47,5.11,0
2024-08-08 07:00:00,BER_001,BER_001_ROBOT_1,2,9.38,0.752,7,58,1.92,4.42,1
2024-08-08 07:00:00,HAM_001,HAM_001_ROBOT_1,26,8.9,0.9612,2,0,0.89,4.29,0
2024-08-08 08:00:00,MUC_001,MUC_001_ROBOT_1,27,11.65,0.9752,2,0,1.87,5.74,0
2024-08-08 08:00:00,BER_001,BER_001_ROBOT_1,20,9.94,0.9724,2,0,1.06,4.91,0
2024-08-08 08:00:00,HAM_001,HAM_001_ROBOT_1,30,8.07,0.9881,0,0,1.41,5.14,0
2024-08-08 09:00:00,MUC_001,MUC_001_ROBOT_1,25,8.27,0.9752,1,0,0.76,5.99,0
2024-08-08 09:00:00,BER_001,BER_001_ROBOT_1,14,10.14,0.9898,0,0,0.54,5.3,0
2024-08-08 09:00:00,HAM_001,HAM_001_ROBOT_1,12,10.07,0.9843,1,0,1.46,4.38,0
2024-08-08 10:00:00,MUC_001,MUC_001_ROBOT_1,12,10.75,0.9835,1,0,0.53,5.24,0
2024-08-08 10:00:00,BER_001,BER_001_ROBOT_1,10,11.13,0.963,0,0,1.79,5.72,0
2024-08-08 10:00:00,HAM_001,HAM_001_ROBOT_1,26,10.45,0.9619,1,0,1.01,4.42,0
2024-08-08 11:00:00,MUC_001,MUC_001_ROBOT_1,29,11.2,0.9537,0,0,1.07,4.76,0
2024-08-08 11:00:00,BER_001,BER_001_ROBOT_1,18,8.62,0.9544,2,0,1.84,4.25,0
2024-08-08 11:00:00,HAM_001,HAM_001_ROBOT_1,18,10.29,0.9762,1,0,1.77,4.85,0
2024-08-08 12:00:00,MUC_001,MUC_001_ROBOT_1,14,8.34,0.9505,0,0,1.19,5.54,0
2024-08-08 12:00:00,BER_001,BER_001_ROBOT_1,26,10.7,0.9798,0,0,1.75,5.65,0
2024-08-08 12:00:00,HAM_001,HAM_001_ROBOT_1,15,9.68,0.9616,2,0,1.88,4.86,0
2024-08-08 13:00:00,MUC_001,MUC_001_ROBOT_1,26,11.6,0.9705,1,0,1.01,5.14,0
2024-08-08 13:00:00,BER_001,BER_001_ROBOT_1,24,10.62,0.9709,0,0,0.71,5.59,0
2024-08-08 13:00:00,HAM_001,HAM_001_ROBOT_1,30,11.64,0.955,0,0,0.85,5.96,0
2024-08-08 14:00:00,MUC_001,MUC_001_ROBOT_1,13,8.65,0.9517,1,0,0.97,5.86,0
2024-08-08 14:00:00,BER_001,BER_001_ROBOT_1,16,9.02,0.9602,2,0,0.98,4.74,0
2024-08-08 14:00:00,HAM_001,HAM_001_ROBOT_1,29,10.38,0.978,0,0,0.86,5.82,0
2024-08-08 15:00:00,MUC_001,MUC_001_ROBOT_1,30,11.61,0.9891,2,0,0.7,4.1,0
2024-08-08 15:00:00,BER_001,BER_001_ROBOT_1,10,10.89,0.9772,1,0,1.45,5.23,0
2024-08-08 15:00:00,HAM_001,HAM_001_ROBOT_1,26,11.28,0.9752,2,0,1.98,4.21,0
2024-08-08 16:00:00,MUC_001,MUC_001_ROBOT_1,19,11.3,0.9832,0,0,1.15,5.01,0
2024-08-08 16:00:00,BER_001,BER_001_ROBOT_1,24,10.67,0.9606,0,0,1.66,5.1,0
2024-08-08 16:00:00,HAM_001,HAM_001_ROBOT_1,23,8.36,0.9729,0,0,0.95,5.58,0
2024-08-08 17:00:00,MUC_001,MUC_001_ROBOT_1,14,11.37,0.9699,0,0,0.96,5.02,0
2024-08-08 17:00:00,BER_001,BER_001_ROBOT_1,21,11.68,0.9575,2,0,1.81,4.21,0
2024-08-08 17:00:00,HAM_001,HAM_001_ROBOT_1,24,8.15,0.951,2,0,1.09,5.41,0
2024-08-08 18:00:00,MUC_001,MUC_001_ROBOT_1,30,11.26,0.952,2,0,1.74,5.85,0
2024-08-08 18:00:00,BER_001,BER_001_ROBOT_1,21,11.96,0.9618,1,0,0.82,5.09,0
2024-08-08 18:00:00,HAM_001,HAM_001_ROBOT_1,28,11.12,0.9744,0,0,1.05,4.48,0
2024-08-08 19:00:00,MUC_001,MUC_001_ROBOT_1,22,8.82,0.9762,2,0,1.22,4.96,0
2024-08-08 19:00:00,BER_001,BER_001_ROBOT_1,13,9.71,0.9541,1,0,0.62,5.35,0
2024-08-08 19:00:00,HAM_001,HAM_001_ROBOT_1,24,8.19,0.9535,1,0,1.88,4.96,0
2024-08-08 20:00:00,MUC_001,MUC_001_ROBOT_1,28,9.69,0.9695,0,0,1.14,5.67,0
2024-08-08 20:00:00,BER_001,BER_001_ROBOT_1,11,11.04,0.9606,0,0,1.61,5.77,0
2024-08-08 20:00:00,HAM_001,HAM_001_ROBOT_1,11,9.52,0.9647,1,0,1.91,4.76,0
2024-08-08 21:00:00,MUC_001,MUC_001_ROBOT_1,26,10.91,0.978,1,0,1.68,4.22,0
2024-08-08 21:00:00,BER_001,BER_001_ROBOT_1,16,8.37,0.957,1,0,1.57,4.43,0
2024-08-08 21:00:00,HAM_001,HAM_001_ROBOT_1,16,11.33,0.9577,1,0,0.74,5.12,0
2024-08-08 22:00:00,MUC_001,MUC_001_ROBOT_1,12,9.38,0.9707,1,0,1.7,5.17,0
2024-08-08 22:00:00,BER_001,BER_001_ROBOT_1,25,9.31,0.9519,0,0,1.19,5.1,0
2024-08-08 22:00:00,HAM_001,HAM_001_ROBOT_1,3,11.42,0.7507,5,41,0.64,4.92,1
2024-08-08 23:00:00,MUC_001,MUC_001_ROBOT_1,29,9.45,0.9675,0,0,0.91,5.88,0
2024-08-08 23:00:00,BER_001,BER_001_ROBOT_1,28,11.41,0.969,2,0,1.19,5.56,0
2024-08-08 23:00:00,HAM_001,HAM_001_ROBOT_1,14,11.66,0.9521,2,0,1.11,4.31,0
2024-08-09 00:00:00,MUC_001,MUC_001_ROBOT_1,10,8.38,0.9864,1,0,0.86,5.6,0
2024-08-09 00:00:00,BER_001,BER_001_ROBOT_1,26,10.01,0.9859,0,0,1.99,4.79,0
2024-08-09 00:00:00,HAM_001,HAM_001_ROBOT_1,1,9.91,0.8421,9,58,0.86,5.84,1
2024-08-09 01:00:00,MUC_001,MUC_001_ROBOT_1,1,8.39,0.837,7,58,1.72,4.99,1
2024-08-09 01:00:00,BER_001,BER_001_ROBOT_1,30,9.85,0.9707,1,0,1.86,4.89,0
2024-08-09 01:00:00,HAM_001,HAM_001_ROBOT_1,30,11.01,0.9577,0,0,1.36,4.55,0
2024-08-09 02:00:00,MUC_001,MUC_001_ROBOT_1,20,9.51,0.9536,0,0,0.81,5.41,0
2024-08-09 02:00:00,BER_001,BER_001_ROBOT_1,19,8.79,0.9763,2,0,1.53,4.99,0
2024-08-09 02:00:00,HAM_001,HAM_001_ROBOT_1,26,9.87,0.9667,2,0,1.78,4.1,0
2024-08-09 03:00:00,MUC_001,MUC_001_ROBOT_1,25,10.92,0.9815,1,0,1.92,5.58,0
2024-08-09 03:00:00,BER_001,BER_001_ROBOT_1,10,10.62,0.9671,0,0,1.23,5.33,0
2024-08-09 03:00:00,HAM_001,HAM_001_ROBOT_1,30,10.47,0.9815,1,0,0.81,4.06,0
2024-08-09 04:00:00,MUC_001,MUC_001_ROBOT_1,11,11.84,0.9588,1,0,1.27,4.08,0
2024-08-09 04:00:00,BER_001,BER_001_ROBOT_1,10,9.17,0.9855,0,0,1.48,5.85,0
2024-08-09 04:00:00,HAM_001,HAM_001_ROBOT_1,16,11.33,0.9774,2,0,0.61,4.88,0
2024-08-09 05:00:00,MUC_001,MUC_001_ROBOT_1,2,8.26,0.7211,6,53,1.82,4.27,1
2024-08-09 05:00:00,BER_001,BER_001_ROBOT_1,19,8.8,0.9784,1,0,1.57,5.18,0
2024-08-09 05:00:00,HAM_001,HAM_001_ROBOT_1,20,11.62,0.977,2,0,0.78,5.25,0
2024-08-09 06:00:00,MUC_001,MUC_001_ROBOT_1,22,8.65,0.9679,1,0,1.51,4.04,0
2024-08-09 06:00:00,BER_001,BER_001_ROBOT_1,25,10.49,0.9791,0,0,1.38,5.7,0
2024-08-09 06:00:00,HAM_001,HAM_001_ROBOT_1,22,10.87,0.953,2,0,0.54,4.59,0
2024-08-09 07:00:00,MUC_001,MUC_001_ROBOT_1,29,11.41,0.9892,2,0,1.11,5.69,0
2024-08-09 07:00:00,BER_001,BER_001_ROBOT_1,14,9.93,0.9622,0,0,1.88,5.91,0
2024-08-09 07:00:00,HAM_001,HAM_001_ROBOT_1,18,9.39,0.9537,1,0,0.76,4.42,0
2024-08-09 08:00:00,MUC_001,MUC_001_ROBOT_1,18,10.31,0.9845,2,0,0.77,4.8,0
2024-08-09 08:00:00,BER_001,BER_001_ROBOT_1,10,8.76,0.9607,2,0,0.9,4.58,0
2024-08-09 08:00:00,HAM_001,HAM_001_ROBOT_1,30,8.53,0.9606,1,0,0.62,5.64,0
2024-08-09 09:00:00,MUC_001,MUC_001_ROBOT_1,24,10.33,0.9512,2,0,1.34,5.36,0
2024-08-09 09:00:00,BER_001,BER_001_ROBOT_1,16,10.25,0.9616,1,0,0.75,5.59,0
2024-08-09 09:00:00,HAM_001,HAM_001_ROBOT_1,12,8.16,0.9527,1,0,1.18,4.73,0
2024-08-09 10:00:00,MUC_001,MUC_001_ROBOT_1,16,11.74,0.963,2,0,1.31,5.08,0
2024-08-09 10:00:00,BER_001,BER_001_ROBOT_1,20,8.99,0.9613,1,0,0.73,4.62,0
2024-08-09 10:00:00,HAM_001,HAM_001_ROBOT_1,11,10.01,0.9834,0,0,0.89,4.64,0
2024-08-09 11:00:00,MUC_001,MUC_001_ROBOT_1,17,8.82,0.9744,2,0,0.65,6.0,0
2024-08-09 11:00:00,BER_001,BER_001_ROBOT_1,24,11.55,0.9824,2,0,1.7,5.47,0
2024-08-09 11:00:00,HAM_001,HAM_001_ROBOT_1,26,9.8,0.9723,0,0,1.24,4.19,0
2024-08-09 12:00:00,MUC_001,MUC_001_ROBOT_1,16,10.74,0.9668,0,0,0.88,5.6,0
2024-08-09 12:00:00,BER_001,BER_001_ROBOT_1,23,10.47,0.9884,0,0,0.57,4.74,0
2024-08-09 12:00:00,HAM_001,HAM_001_ROBOT_1,23,8.94,0.9574,1,0,1.89,5.16,0
2024-08-09 13:00:00,MUC_001,MUC_001_ROBOT_1,29,11.34,0.9621,1,0,1.04,5.72,0
2024-08-09 13:00:00,BER_001,BER_001_ROBOT_1,20,10.37,0.9609,0,0,0.6,5.89,0
2024-08-09 13:00:00,HAM_001,HAM_001_ROBOT_1,22,11.45,0.9823,2,0,1.38,5.49,0
2024-08-09 14:00:00,MUC_001,MUC_001_ROBOT_1,23,8.75,0.9505,1,0,1.81,5.31,0
2024-08-09 14:00:00,BER_001,BER_001_ROBOT_1,21,8.07,0.9847,2,0,1.65,4.61,0
2024-08-09 14:00:00,HAM_001,HAM_001_ROBOT_1,15,10.45,0.9531,0,0,0.89,5.52,0
2024-08-09 15:00:00,MUC_001,MUC_001_ROBOT_1,25,11.23,0.9831,0,0,1.78,5.87,0
2024-08-09 15:00:00,BER_001,BER_001_ROBOT_1,17,9.5,0.9833,1,0,1.98,4.08,0
2024-08-09 15:00:00,HAM_001,HAM_001_ROBOT_1,21,11.18,0.9852,1,0,0.99,5.58,0
2024-08-09 16:00:00,MUC_001,MUC_001_ROBOT_1,10,9.25,0.9752,0,0,1.72,5.11,0
2024-08-09 16:00:00,BER_001,BER_001_ROBOT_1,30,11.54,0.9568,0,0,1.72,4.56,0
2024-08-09 16:00:00,HAM_001,HAM_001_ROBOT_1,17,10.42,0.9839,0,0,1.02,5.16,0
2024-08-09 17:00:00,MUC_001,MUC_001_ROBOT_1,23,11.29,0.9507,1,0,1.79,5.22,0
2024-08-09 17:00:00,BER_001,BER_001_ROBOT_1,27,8.32,0.9815,2,0,1.32,4.7,0
2024-08-09 17:00:00,HAM_001,HAM_001_ROBOT_1,27,8.67,0.9868,1,0,0.72,5.24,0
2024-08-09 18:00:00,MUC_001,MUC_001_ROBOT_1,28,10.98,0.9534,2,0,0.51,5.83,0
2024-08-09 18:00:00,BER_001,BER_001_ROBOT_1,21,11.97,0.9579,1,0,0.52,4.16,0
2024-08-09 18:00:00,HAM_001,HAM_001_ROBOT_1,2,9.65,0.7916,4,56,1.66,4.89,1
2024-08-09 19:00:00,MUC_001,MUC_001_ROBOT_1,15,9.62,0.9883,0,0,0.9,5.2,0
2024-08-09 19:00:00,BER_001,BER_001_ROBOT_1,19,10.64,0.9661,0,0,0.7,4.96,0
2024-08-09 19:00:00,HAM_001,HAM_001_ROBOT_1,16,8.66,0.984,2,0,1.16,5.3,0
2024-08-09 20:00:00,MUC_001,MUC_001_ROBOT_1,26,10.06,0.9797,0,0,1.79,4.4,0
2024-08-09 20:00:00,BER_001,BER_001_ROBOT_1,11,8.81,0.9532,1,0,1.19,5.97,0
2024-08-09 20:00:00,HAM_001,HAM_001_ROBOT_1,17,8.08,0.9843,0,0,0.8,4.02,0
2024-08-09 21:00:00,MUC_001,MUC_001_ROBOT_1,16,10.48,0.9878,2,0,0.62,5.95,0
2024-08-09 21:00:00,BER_001,BER_001_ROBOT_1,1,10.64,0.7139,4,47,1.41,4.27,1
2024-08-09 21:00:00,HAM_001,HAM_001_ROBOT_1,0,11.18,0.7998,4,56,1.95,5.51,1
2024-08-09 22:00:00,MUC_001,MUC_001_ROBOT_1,24,8.3,0.9623,2,0,0.69,5.0,0
2024-08-09 22:00:00,BER_001,BER_001_ROBOT_1,29,10.06,0.9814,2,0,1.68,4.97,0
2024-08-09 22:00:00,HAM_001,HAM_001_ROBOT_1,18,9.43,0.9882,2,0,1.7,4.75,0
2024-08-09 23:00:00,MUC_001,MUC_001_ROBOT_1,24,10.99,0.9857,2,0,0.92,4.26,0
2024-08-09 23:00:00,BER_001,BER_001_ROBOT_1,27,10.63,0.9609,1,0,1.58,5.66,0
2024-08-09 23:00:00,HAM_001,HAM_001_ROBOT_1,1,8.99,0.7158,4,53,1.13,4.95,1
2024-08-10 00:00:00,MUC_001,MUC_001_ROBOT_1,13,8.9,0.9732,2,0,1.1,4.15,0
2024-08-10 00:00:00,BER_001,BER_001_ROBOT_1,30,8.46,0.9822,0,0,1.37,4.55,0
2024-08-10 00:00:00,HAM_001,HAM_001_ROBOT_1,11,8.74,0.9609,0,0,0.97,4.7,0
2024-08-10 01:00:00,MUC_001,MUC_001_ROBOT_1,10,10.75,0.9842,0,0,0.53,4.39,0
2024-08-10 01:00:00,BER_001,BER_001_ROBOT_1,26,11.17,0.9838,2,0,1.53,4.91,0
2024-08-10 01:00:00,HAM_001,HAM_001_ROBOT_1,1,8.76,0.7866,10,56,1.49,6.0,1
2024-08-10 02:00:00,MUC_001,MUC_001_ROBOT_1,25,11.91,0.9555,0,0,1.41,5.11,0
2024-08-10 02:00:00,BER_001,BER_001_ROBOT_1,20,8.55,0.9693,1,0,1.09,4.74,0
2024-08-10 02:00:00,HAM_001,HAM_001_ROBOT_1,19,11.75,0.9557,2,0,1.91,4.18,0
2024-08-10 03:00:00,MUC_001,MUC_001_ROBOT_1,25,10.76,0.9728,1,0,1.54,4.21,0
2024-08-10 03:00:00,BER_001,BER_001_ROBOT_1,12,11.64,0.9894,1,0,0.99,5.98,0
2024-08-10 03:00:00,HAM_001,HAM_001_ROBOT_1,16,11.36,0.9534,0,0,1.04,4.29,0
2024-08-10 04:00:00,MUC_001,MUC_001_ROBOT_1,15,8.01,0.9884,1,0,1.25,5.89,0
2024-08-10 04:00:00,BER_001,BER_001_ROBOT_1,29,8.82,0.9645,1,0,1.19,5.17,0
2024-08-10 04:00:00,HAM_001,HAM_001_ROBOT_1,10,10.82,0.9819,0,0,0.89,4.14,0
2024-08-10 05:00:00,MUC_001,MUC_001_ROBOT_1,28,10.54,0.9585,0,0,1.85,5.61,0
2024-08-10 05:00:00,BER_001,BER_001_ROBOT_1,23,11.23,0.9653,1,0,1.47,4.53,0
2024-08-10 05:00:00,HAM_001,HAM_001_ROBOT_1,4,8.71,0.7148,9,27,0.98,4.76,1
2024-08-10 06:00:00,MUC_001,MUC_001_ROBOT_1,11,11.88,0.9533,1,0,0.53,5.56,0
2024-08-10 06:00:00,BER_001,BER_001_ROBOT_1,16,9.64,0.9674,1,0,1.34,4.42,0
2024-08-10 06:00:00,HAM_001,HAM_001_ROBOT_1,17,11.32,0.9655,0,0,0.97,4.11,0
2024-08-10 07:00:00,MUC_001,MUC_001_ROBOT_1,26,10.32,0.9623,2,0,0.6,4.15,0
2024-08-10 07:00:00,BER_001,BER_001_ROBOT_1,26,11.48,0.9788,0,0,1.89,5.66,0
2024-08-10 07:00:00,HAM_001,HAM_001_ROBOT_1,21,8.94,0.9816,0,0,0.5,5.95,0
2024-08-10 08:00:00,MUC_001,MUC_001_ROBOT_1,11,9.47,0.9874,0,0,1.01,4.14,0
2024-08-10 08:00:00,BER_001,BER_001_ROBOT_1,17,11.91,0.9879,1,0,0.65,5.17,0
2024-08-10 08:00:00,HAM_001,HAM_001_ROBOT_1,27,9.39,0.9539,1,0,1.92,5.99,0
2024-08-10 09:00:00,MUC_001,MUC_001_ROBOT_1,2,8.58,0.7778,3,58,1.02,4.93,1
2024-08-10 09:00:00,BER_001,BER_001_ROBOT_1,24,9.85,0.967,2,0,1.08,4.37,0
2024-08-10 09:00:00,HAM_001,HAM_001_ROBOT_1,30,8.42,0.9766,0,0,0.64,5.67,0
2024-08-10 10:00:00,MUC_001,MUC_001_ROBOT_1,24,11.49,0.9703,0,0,1.05,5.67,0
2024-08-10 10:00:00,BER_001,BER_001_ROBOT_1,24,9.85,0.9862,2,0,1.29,5.3,0
2024-08-10 10:00:00,HAM_001,HAM_001_ROBOT_1,5,10.31,0.7906,7,39,1.67,4.65,1
2024-08-10 11:00:00,MUC_001,MUC_001_ROBOT_1,14,8.97,0.979,0,0,0.58,4.62,0
2024-08-10 11:00:00,BER_001,BER_001_ROBOT_1,20,10.77,0.9783,2,0,0.95,4.44,0
2024-08-10 11:00:00,HAM_001,HAM_001_ROBOT_1,30,11.47,0.9734,2,0,1.58,4.49,0
2024-08-10 12:00:00,MUC_001,MUC_001_ROBOT_1,11,10.91,0.9501,1,0,1.28,4.69,0
2024-08-10 12:00:00,BER_001,BER_001_ROBOT_1,21,10.87,0.9876,2,0,0.87,5.5,0
2024-08-10 12:00:00,HAM_001,HAM_001_ROBOT_1,15,10.67,0.9798,1,0,0.91,4.93,0
2024-08-10 13:00:00,MUC_001,MUC_001_ROBOT_1,16,9.32,0.9854,2,0,1.65,5.03,0
2024-08-10 13:00:00,BER_001,BER_001_ROBOT_1,26,11.6,0.9663,1,0,1.37,5.8,0
2024-08-10 13:00:00,HAM_001,HAM_001_ROBOT_1,18,8.13,0.9757,2,0,1.79,4.14,0
2024-08-10 14:00:00,MUC_001,MUC_001_ROBOT_1,22,9.75,0.9517,2,0,1.52,5.38,0
2024-08-10 14:00:00,BER_001,BER_001_ROBOT_1,17,11.36,0.9694,1,0,1.36,4.08,0
2024-08-10 14:00:00,HAM_001,HAM_001_ROBOT_1,13,10.62,0.9703,0,0,1.44,5.45,0
2024-08-10 15:00:00,MUC_001,MUC_001_ROBOT_1,27,8.7,0.9602,2,0,0.55,5.69,0
2024-08-10 15:00:00,BER_001,BER_001_ROBOT_1,23,8.21,0.9686,2,0,1.85,5.58,0
2024-08-10 15:00:00,HAM_001,HAM_001_ROBOT_1,28,11.38,0.9888,1,0,1.66,4.02,0
2024-08-10 16:00:00,MUC_001,MUC_001_ROBOT_1,17,9.66,0.9638,1,0,1.3,4.21,0
2024-08-10 16:00:00,BER_001,BER_001_ROBOT_1,13,8.91,0.9732,0,0,1.36,4.38,0
2024-08-10 16:00:00,HAM_001,HAM_001_ROBOT_1,24,11.73,0.9695,0,0,1.83,4.84,0
2024-08-10 17:00:00,MUC_001,MUC_001_ROBOT_1,27,10.35,0.9685,2,0,1.96,5.23,0
2024-08-10 17:00:00,BER_001,BER_001_ROBOT_1,12,10.96,0.9677,2,0,1.12,4.28,0
2024-08-10 17:00:00,HAM_001,HAM_001_ROBOT_1,18,11.83,0.9761,2,0,0.83,5.45,0
2024-08-10 18:00:00,MUC_001,MUC_001_ROBOT_1,12,8.42,0.9898,1,0,1.26,4.17,0
2024-08-10 18:00:00,BER_001,BER_001_ROBOT_1,18,9.68,0.9818,1,0,0.91,5.7,0
2024-08-10 18:00:00,HAM_001,HAM_001_ROBOT_1,18,10.91,0.9556,1,0,0.97,4.64,0
2024-08-10 19:00:00,MUC_001,MUC_001_ROBOT_1,17,9.71,0.9885,1,0,0.71,4.65,0
2024-08-10 19:00:00,BER_001,BER_001_ROBOT_1,20,9.4,0.9695,0,0,1.69,4.76,0
2024-08-10 19:00:00,HAM_001,HAM_001_ROBOT_1,18,11.38,0.985,0,0,0.64,4.09,0
2024-08-10 20:00:00,MUC_001,MUC_001_ROBOT_1,18,9.31,0.9836,2,0,1.4,4.87,0
2024-08-10 20:00:00,BER_001,BER_001_ROBOT_1,4,10.48,0.7178,9,15,1.06,5.29,1
2024-08-10 20:00:00,HAM_001,HAM_001_ROBOT_1,14,10.6,0.9547,0,0,1.01,5.21,0
2024-08-10 21:00:00,MUC_001,MUC_001_ROBOT_1,16,9.0,0.9875,2,0,1.4,5.04,0
2024-08-10 21:00:00,BER_001,BER_001_ROBOT_1,28,9.11,0.9727,1,0,1.85,5.99,0
2024-08-10 21:00:00,HAM_001,HAM_001_ROBOT_1,12,11.07,0.9679,2,0,0.6,4.84,0
2024-08-10 22:00:00,MUC_001,MUC_001_ROBOT_1,14,8.19,0.9874,2,0,1.42,5.26,0
2024-08-10 22:00:00,BER_001,BER_001_ROBOT_1,20,10.51,0.9748,1,0,1.0,4.08,0
2024-08-10 22:00:00,HAM_001,HAM_001_ROBOT_1,30,10.14,0.9659,1,0,1.11,4.1,0
2024-08-10 23:00:00,MUC_001,MUC_001_ROBOT_1,1,10.65,0.8224,9,51,1.88,5.68,1
2024-08-10 23:00:00,BER_001,BER_001_ROBOT_1,20,8.65,0.9874,2,0,1.34,4.27,0
2024-08-10 23:00:00,HAM_001,HAM_001_ROBOT_1,22,10.44,0.9613,2,0,1.49,4.33,0
2024-08-11 00:00:00,MUC_001,MUC_001_ROBOT_1,15,8.42,0.9846,2,0,1.62,5.73,0
2024-08-11 00:00:00,BER_001,BER_001_ROBOT_1,20,8.96,0.9677,0,0,1.01,4.0,0
2024-08-11 00:00:00,HAM_001,HAM_001_ROBOT_1,25,11.99,0.9859,2,0,1.58,4.31,0
2024-08-11 01:00:00,MUC_001,MUC_001_ROBOT_1,15,8.16,0.9699,0,0,0.82,4.53,0
2024-08-11 01:00:00,BER_001,BER_001_ROBOT_1,16,11.51,0.9598,2,0,1.53,5.56,0
2024-08-11 01:00:00,HAM_001,HAM_001_ROBOT_1,27,8.03,0.9891,2,0,1.39,4.64,0
2024-08-11 02:00:00,MUC_001,MUC_001_ROBOT_1,12,11.26,0.9643,0,0,1.74,4.75,0
2024-08-11 02:00:00,BER_001,BER_001_ROBOT_1,27,9.41,0.9683,0,0,0.66,5.34,0
2024-08-11 02:00:00,HAM_001,HAM_001_ROBOT_1,16,10.91,0.9683,2,0,1.74,5.19,0
2024-08-11 03:00:00,MUC_001,MUC_001_ROBOT_1,25,9.2,0.9509,1,0,0.85,4.63,0
2024-08-11 03:00:00,BER_001,BER_001_ROBOT_1,12,11.33,0.9794,1,0,1.83,4.64,0
2024-08-11 03:00:00,HAM_001,HAM_001_ROBOT_1,14,9.21,0.9832,1,0,1.07,5.15,0
2024-08-11 04:00:00,MUC_001,MUC_001_ROBOT_1,25,10.16,0.9521,1,0,1.24,5.8,0
2024-08-11 04:00:00,BER_001,BER_001_ROBOT_1,11,9.84,0.9792,2,0,1.09,4.02,0
2024-08-11 04:00:00,HAM_001,HAM_001_ROBOT_1,15,10.9,0.9601,1,0,0.98,4.46,0
2024-08-11 05:00:00,MUC_001,MUC_001_ROBOT_1,13,9.07,0.9855,1,0,1.88,5.78,0
2024-08-11 05:00:00,BER_001,BER_001_ROBOT_1,25,10.62,0.9504,2,0,1.05,5.24,0
2024-08-11 05:00:00,HAM_001,HAM_001_ROBOT_1,13,8.88,0.9857,1,0,1.56,4.46,0
2024-08-11 06:00:00,MUC_001,MUC_001_ROBOT_1,10,8.25,0.9772,2,0,1.45,5.96,0
2024-08-11 06:00:00,BER_001,BER_001_ROBOT_1,11,8.82,0.9748,2,0,0.88,5.89,0
2024-08-11 06:00:00,HAM_001,HAM_001_ROBOT_1,0,11.62,0.7388,9,24,1.61,5.41,1
2024-08-11 07:00:00,MUC_001,MUC_001_ROBOT_1,2,11.46,0.828,9,47,1.16,4.55,1
2024-08-11 07:00:00,BER_001,BER_001_ROBOT_1,22,9.06,0.9824,2,0,0.7,5.69,0
2024-08-11 07:00:00,HAM_001,HAM_001_ROBOT_1,28,10.52,0.9861,1,0,0.69,5.49,0
2024-08-11 08:00:00,MUC_001,MUC_001_ROBOT_1,20,8.43,0.9673,2,0,0.78,4.52,0
2024-08-11 08:00:00,BER_001,BER_001_ROBOT_1,26,8.64,0.9527,1,0,1.05,5.21,0
2024-08-11 08:00:00,HAM_001,HAM_001_ROBOT_1,10,10.35,0.9768,1,0,1.32,5.98,0
2024-08-11 09:00:00,MUC_001,MUC_001_ROBOT_1,25,10.43,0.9525,2,0,1.9,4.69,0
2024-08-11 09:00:00,BER_001,BER_001_ROBOT_1,16,9.91,0.9588,0,0,1.84,4.02,0
2024-08-11 09:00:00,HAM_001,HAM_001_ROBOT_1,23,8.64,0.9887,2,0,0.97,5.16,0
2024-08-11 10:00:00,MUC_001,MUC_001_ROBOT_1,22,8.54,0.9863,0,0,1.9,4.27,0
2024-08-11 10:00:00,BER_001,BER_001_ROBOT_1,20,11.19,0.9562,0,0,0.64,5.8,0
2024-08-11 10:00:00,HAM_001,HAM_001_ROBOT_1,29,8.97,0.9729,0,0,1.53,4.5,0
2024-08-11 11:00:00,MUC_001,MUC_001_ROBOT_1,24,10.18,0.9663,0,0,1.02,4.27,0
2024-08-11 11:00:00,BER_001,BER_001_ROBOT_1,21,10.56,0.951,2,0,1.43,5.71,0
2024-08-11 11:00:00,HAM_001,HAM_001_ROBOT_1,27,8.19,0.9819,2,0,0.79,4.34,0
2024-08-11 12:00:00,MUC_001,MUC_001_ROBOT_1,21,11.37,0.9716,0,0,0.7,4.38,0
2024-08-11 12:00:00,BER_001,BER_001_ROBOT_1,13,8.97,0.9549,0,0,1.08,4.48,0
2024-08-11 12:00:00,HAM_001,HAM_001_ROBOT_1,25,9.1,0.9859,1,0,0.56,4.01,0
2024-08-11 13:00:00,MUC_001,MUC_001_ROBOT_1,17,11.21,0.9539,0,0,1.54,4.75,0
2024-08-11 13:00:00,BER_001,BER_001_ROBOT_1,15,8.13,0.9543,0,0,1.07,4.82,0
2024-08-11 13:00:00,HAM_001,HAM_001_ROBOT_1,11,10.21,0.9696,1,0,1.79,5.15,0
2024-08-11 14:00:00,MUC_001,MUC_001_ROBOT_1,16,11.04,0.9758,2,0,1.1,5.52,0
2024-08-11 14:00:00,BER_001,BER_001_ROBOT_1,28,11.2,0.9805,1,0,0.61,5.95,0
2024-08-11 14:00:00,HAM_001,HAM_001_ROBOT_1,18,8.32,0.9766,0,0,1.34,5.45,0
2024-08-11 15:00:00,MUC_001,MUC_001_ROBOT_1,12,10.05,0.977,1,0,1.92,5.61,0
2024-08-11 15:00:00,BER_001,BER_001_ROBOT_1,1,9.38,0.7377,8,43,0.66,4.25,1
2024-08-11 15:00:00,HAM_001,HAM_001_ROBOT_1,18,8.72,0.9815,1,0,1.09,5.69,0
2024-08-11 16:00:00,MUC_001,MUC_001_ROBOT_1,10,11.49,0.9742,1,0,1.82,5.28,0
2024-08-11 16:00:00,BER_001,BER_001_ROBOT_1,28,10.6,0.9671,1,0,1.04,5.0,0
2024-08-11 16:00:00,HAM_001,HAM_001_ROBOT_1,29,9.04,0.9678,1,0,0.53,4.48,0
2024-08-11 17:00:00,MUC_001,MUC_001_ROBOT_1,11,9.22,0.9642,1,0,1.54,4.89,0
2024-08-11 17:00:00,BER_001,BER_001_ROBOT_1,15,11.06,0.9662,0,0,0.62,4.14,0
2024-08-11 17:00:00,HAM_001,HAM_001_ROBOT_1,27,9.88,0.9606,2,0,0.87,4.35,0
2024-08-11 18:00:00,MUC_001,MUC_001_ROBOT_1,16,8.68,0.9731,2,0,1.99,5.8,0
2024-08-11 18:00:00,BER_001,BER_001_ROBOT_1,10,10.1,0.9708,1,0,0.81,5.85,0
2024-08-11 18:00:00,HAM_001,HAM_001_ROBOT_1,22,10.71,0.9799,1,0,1.45,5.82,0
2024-08-11 19:00:00,MUC_001,MUC_001_ROBOT_1,19,10.86,0.9563,1,0,1.23,5.91,0
2024-08-11 19:00:00,BER_001,BER_001_ROBOT_1,16,11.64,0.9531,1,0,1.35,5.7,0
2024-08-11 19:00:00,HAM_001,HAM_001_ROBOT_1,21,11.16,0.957,2,0,1.99,4.85,0
2024-08-11 20:00:00,MUC_001,MUC_001_ROBOT_1,26,9.18,0.9718,0,0,0.97,5.45,0
2024-08-11 20:00:00,BER_001,BER_001_ROBOT_1,11,8.34,0.9769,0,0,1.88,5.74,0
2024-08-11 20:00:00,HAM_001,HAM_001_ROBOT_1,29,8.84,0.9711,2,0,1.12,5.42,0
2024-08-11 21:00:00,MUC_001,MUC_001_ROBOT_1,30,8.41,0.9668,0,0,1.57,5.24,0
2024-08-11 21:00:00,BER_001,BER_001_ROBOT_1,14,11.04,0.9652,2,0,1.02,4.39,0
2024-08-11 21:00:00,HAM_001,HAM_001_ROBOT_1,15,10.86,0.9542,2,0,0.74,4.57,0
2024-08-11 22:00:00,MUC_001,MUC_001_ROBOT_1,19,11.95,0.959,2,0,0.84,5.69,0
2024-08-11 22:00:00,BER_001,BER_001_ROBOT_1,16,10.86,0.9827,2,0,1.54,5.41,0
2024-08-11 22:00:00,HAM_001,HAM_001_ROBOT_1,10,10.03,0.9766,1,0,0.54,4.72,0
2024-08-11 23:00:00,MUC_001,MUC_001_ROBOT_1,13,9.24,0.958,2,0,0.84,5.27,0
2024-08-11 23:00:00,BER_001,BER_001_ROBOT_1,17,11.01,0.9553,1,0,1.84,4.26,0
2024-08-11 23:00:00,HAM_001,HAM_001_ROBOT_1,22,8.16,0.9553,1,0,0.71,5.59,0
2024-08-12 00:00:00,MUC_001,MUC_001_ROBOT_1,24,9.6,0.9708,2,0,1.39,5.44,0
2024-08-12 00:00:00,BER_001,BER_001_ROBOT_1,17,11.65,0.9817,0,0,0.76,5.99,0
2024-08-12 00:00:00,HAM_001,HAM_001_ROBOT_1,2,10.41,0.7159,3,22,1.55,4.68,1
2024-08-12 01:00:00,MUC_001,MUC_001_ROBOT_1,29,10.26,0.9623,1,0,0.64,5.83,0
2024-08-12 01:00:00,BER_001,BER_001_ROBOT_1,18,9.14,0.9749,1,0,0.95,5.53,0
2024-08-12 01:00:00,HAM_001,HAM_001_ROBOT_1,18,9.75,0.9785,2,0,1.08,4.89,0
2024-08-12 02:00:00,MUC_001,MUC_001_ROBOT_1,17,11.95,0.96,1,0,0.51,5.52,0
2024-08-12 02:00:00,BER_001,BER_001_ROBOT_1,24,11.9,0.9782,1,0,1.82,4.09,0
2024-08-12 02:00:00,HAM_001,HAM_001_ROBOT_1,19,11.42,0.972,2,0,0.54,5.87,0
2024-08-12 03:00:00,MUC_001,MUC_001_ROBOT_1,13,11.4,0.9592,2,0,1.58,4.26,0
2024-08-12 03:00:00,BER_001,BER_001_ROBOT_1,21,9.46,0.9556,1,0,1.41,5.27,0
2024-08-12 03:00:00,HAM_001,HAM_001_ROBOT_1,22,10.63,0.9861,2,0,1.53,5.02,0
2024-08-12 04:00:00,MUC_001,MUC_001_ROBOT_1,10,11.72,0.9871,1,0,1.18,5.86,0
2024-08-12 04:00:00,BER_001,BER_001_ROBOT_1,13,8.7,0.9748,0,0,1.07,4.99,0
2024-08-12 04:00:00,HAM_001,HAM_001_ROBOT_1,16,8.07,0.9584,0,0,1.1,4.14,0
2024-08-12 05:00:00,MUC_001,MUC_001_ROBOT_1,12,8.55,0.9855,1,0,0.54,5.88,0
2024-08-12 05:00:00,BER_001,BER_001_ROBOT_1,29,11.2,0.9551,0,0,1.25,5.32,0
2024-08-12 05:00:00,HAM_001,HAM_001_ROBOT_1,22,9.37,0.9686,2,0,1.37,5.28,0
2024-08-12 06:00:00,MUC_001,MUC_001_ROBOT_1,1,11.21,0.7864,6,24,0.73,4.18,1
2024-08-12 06:00:00,BER_001,BER_001_ROBOT_1,11,11.67,0.981,0,0,1.09,4.55,0
2024-08-12 06:00:00,HAM_001,HAM_001_ROBOT_1,21,8.88,0.9595,0,0,1.56,4.01,0
2024-08-12 07:00:00,MUC_001,MUC_001_ROBOT_1,22,8.61,0.9561,0,0,1.63,4.49,0
2024-08-12 07:00:00,BER_001,BER_001_ROBOT_1,13,8.68,0.9564,2,0,1.81,4.75,0
2024-08-12 07:00:00,HAM_001,HAM_001_ROBOT_1,18,10.98,0.9887,0,0,1.91,5.27,0
2024-08-12 08:00:00,MUC_001,MUC_001_ROBOT_1,27,9.64,0.9545,2,0,1.88,5.44,0
2024-08-12 08:00:00,BER_001,BER_001_ROBOT_1,30,11.46,0.954,1,0,1.64,5.67,0
2024-08-12 08:00:00,HAM_001,HAM_001_ROBOT_1,19,8.58,0.9822,1,0,1.89,5.3,0
2024-08-12 09:00:00,MUC_001,MUC_001_ROBOT_1,26,9.19,0.9711,0,0,0.5,4.19,0
2024-08-12 09:00:00,BER_001,BER_001_ROBOT_1,12,11.74,0.9858,1,0,1.04,5.27,0
2024-08-12 09:00:00,HAM_001,HAM_001_ROBOT_1,5,9.53,0.8454,8,15,1.4,4.09,1
2024-08-12 10:00:00,MUC_001,MUC_001_ROBOT_1,21,10.26,0.9881,0,0,1.65,4.85,0
2024-08-12 10:00:00,BER_001,BER_001_ROBOT_1,29,11.84,0.954,0,0,1.08,4.05,0
2024-08-12 10:00:00,HAM_001,HAM_001_ROBOT_1,10,11.2,0.9732,2,0,1.03,5.18,0
2024-08-12 11:00:00,MUC_001,MUC_001_ROBOT_1,12,11.47,0.9898,0,0,1.1,4.7,0
2024-08-12 11:00:00,BER_001,BER_001_ROBOT_1,18,9.78,0.9698,2,0,1.01,4.2,0
2024-08-12 11:00:00,HAM_001,HAM_001_ROBOT_1,13,10.79,0.9506,1,0,1.94,4.39,0
2024-08-12 12:00:00,MUC_001,MUC_001_ROBOT_1,15,11.64,0.9534,2,0,0.66,4.45,0
2024-08-12 12:00:00,BER_001,BER_001_ROBOT_1,12,9.49,0.9635,1,0,1.9,5.58,0
2024-08-12 12:00:00,HAM_001,HAM_001_ROBOT_1,18,10.77,0.9719,1,0,1.36,4.19,0
2024-08-12 13:00:00,MUC_001,MUC_001_ROBOT_1,18,8.46,0.9875,0,0,1.5,5.74,0
2024-08-12 13:00:00,BER_001,BER_001_ROBOT_1,13,10.18,0.9508,2,0,1.46,5.25,0
2024-08-12 13:00:00,HAM_001,HAM_001_ROBOT_1,4,8.62,0.8021,3,40,1.65,4.95,1
2024-08-12 14:00:00,MUC_001,MUC_001_ROBOT_1,17,8.16,0.9638,0,0,1.51,4.57,0
2024-08-12 14:00:00,BER_001,BER_001_ROBOT_1,24,8.37,0.9628,2,0,1.54,4.72,0
2024-08-12 14:00:00,HAM_001,HAM_001_ROBOT_1,4,11.91,0.7563,4,24,1.61,4.97,1
2024-08-12 15:00:00,MUC_001,MUC_001_ROBOT_1,25,10.26,0.9606,0,0,1.44,5.38,0
2024-08-12 15:00:00,BER_001,BER_001_ROBOT_1,11,11.24,0.9818,1,0,1.71,4.5,0
2024-08-12 15:00:00,HAM_001,HAM_001_ROBOT_1,26,9.72,0.9759,2,0,0.94,5.4,0
2024-08-12 16:00:00,MUC_001,MUC_001_ROBOT_1,24,11.1,0.9821,2,0,1.49,4.3,0
2024-08-12 16:00:00,BER_001,BER_001_ROBOT_1,23,9.1,0.9739,1,0,1.88,4.76,0
2024-08-12 16:00:00,HAM_001,HAM_001_ROBOT_1,18,11.04,0.9568,2,0,1.23,4.02,0
2024-08-12 17:00:00,MUC_001,MUC_001_ROBOT_1,10,11.23,0.9766,2,0,0.91,5.67,0
2024-08-12 17:00:00,BER_001,BER_001_ROBOT_1,14,10.53,0.9544,1,0,1.88,5.99,0
2024-08-12 17:00:00,HAM_001,HAM_001_ROBOT_1,15,11.24,0.9793,0,0,1.78,4.92,0
2024-08-12 18:00:00,MUC_001,MUC_001_ROBOT_1,29,8.9,0.9617,2,0,1.07,5.12,0
2024-08-12 18:00:00,BER_001,BER_001_ROBOT_1,23,9.85,0.9789,1,0,1.47,5.63,0
2024-08-12 18:00:00,HAM_001,HAM_001_ROBOT_1,20,9.46,0.9807,0,0,1.2,5.99,0
2024-08-12 19:00:00,MUC_001,MUC_001_ROBOT_1,15,11.2,0.9609,2,0,1.07,5.57,0
2024-08-12 19:00:00,BER_001,BER_001_ROBOT_1,24,9.87,0.9882,2,0,0.81,4.05,0
2024-08-12 19:00:00,HAM_001,HAM_001_ROBOT_1,22,11.45,0.9738,1,0,1.54,5.54,0
2024-08-12 20:00:00,MUC_001,MUC_001_ROBOT_1,30,11.23,0.9745,2,0,0.64,4.05,0
2024-08-12 20:00:00,BER_001,BER_001_ROBOT_1,14,9.79,0.9891,0,0,0.6,4.59,0
2024-08-12 20:00:00,HAM_001,HAM_001_ROBOT_1,21,10.85,0.9784,1,0,0.53,5.32,0
2024-08-12 21:00:00,MUC_001,MUC_001_ROBOT_1,16,8.81,0.9898,0,0,0.56,4.49,0
2024-08-12 21:00:00,BER_001,BER_001_ROBOT_1,29,11.91,0.959,0,0,0.69,5.4,0
2024-08-12 21:00:00,HAM_001,HAM_001_ROBOT_1,12,8.48,0.97,1,0,0.65,4.37,0
2024-08-12 22:00:00,MUC_001,MUC_001_ROBOT_1,26,10.13,0.9581,0,0,1.87,4.87,0
2024-08-12 22:00:00,BER_001,BER_001_ROBOT_1,30,11.76,0.9561,0,0,0.75,5.8,0
2024-08-12 22:00:00,HAM_001,HAM_001_ROBOT_1,23,11.62,0.9744,1,0,1.8,5.19,0
2024-08-12 23:00:00,MUC_001,MUC_001_ROBOT_1,14,8.98,0.9864,1,0,1.48,5.75,0
2024-08-12 23:00:00,BER_001,BER_001_ROBOT_1,25,11.94,0.9609,2,0,1.61,5.18,0
2024-08-12 23:00:00,HAM_001,HAM_001_ROBOT_1,23,11.5,0.988,2,0,0.57,4.09,0
2024-08-13 00:00:00,MUC_001,MUC_001_ROBOT_1,21,9.51,0.9763,2,0,1.54,5.05,0
2024-08-13 00:00:00,BER_001,BER_001_ROBOT_1,22,10.52,0.9788,1,0,0.93,5.9,0
2024-08-13 00:00:00,HAM_001,HAM_001_ROBOT_1,24,8.48,0.9696,0,0,0.55,5.88,0
2024-08-13 01:00:00,MUC_001,MUC_001_ROBOT_1,13,11.18,0.9621,1,0,0.86,5.35,0
2024-08-13 01:00:00,BER_001,BER_001_ROBOT_1,25,8.45,0.9659,2,0,0.67,4.91,0
2024-08-13 01:00:00,HAM_001,HAM_001_ROBOT_1,24,11.51,0.9893,2,0,1.17,5.78,0
2024-08-13 02:00:00,MUC_001,MUC_001_ROBOT_1,10,8.37,0.9637,2,0,0.95,5.68,0
2024-08-13 02:00:00,BER_001,BER_001_ROBOT_1,30,11.0,0.9739,1,0,0.84,4.07,0
2024-08-13 02:00:00,HAM_001,HAM_001_ROBOT_1,21,9.48,0.9657,0,0,1.88,5.55,0
2024-08-13 03:00:00,MUC_001,MUC_001_ROBOT_1,20,9.82,0.9653,1,0,0.7,4.31,0
2024-08-13 03:00:00,BER_001,BER_001_ROBOT_1,18,10.15,0.9674,0,0,1.85,5.87,0
2024-08-13 03:00:00,HAM_001,HAM_001_ROBOT_1,19,9.77,0.9575,0,0,1.83,5.64,0
2024-08-13 04:00:00,MUC_001,MUC_001_ROBOT_1,12,9.41,0.9551,2,0,0.62,4.3,0
2024-08-13 04:00:00,BER_001,BER_001_ROBOT_1,11,10.25,0.9618,2,0,1.4,5.5,0
2024-08-13 04:00:00,HAM_001,HAM_001_ROBOT_1,10,8.96,0.9514,1,0,0.62,5.8,0
2024-08-13 05:00:00,MUC_001,MUC_001_ROBOT_1,30,11.14,0.97,0,0,1.45,4.98,0
2024-08-13 05:00:00,BER_001,BER_001_ROBOT_1,12,10.26,0.9877,2,0,0.59,4.86,0
2024-08-13 05:00:00,HAM_001,HAM_001_ROBOT_1,18,9.52,0.9709,1,0,1.31,5.43,0
2024-08-13 06:00:00,MUC_001,MUC_001_ROBOT_1,11,11.46,0.9894,1,0,0.84,4.49,0
2024-08-13 06:00:00,BER_001,BER_001_ROBOT_1,13,8.58,0.9626,0,0,1.37,4.18,0
2024-08-13 06:00:00,HAM_001,HAM_001_ROBOT_1,16,10.51,0.9512,2,0,1.17,4.95,0
2024-08-13 07:00:00,MUC_001,MUC_001_ROBOT_1,14,10.69,0.9769,1,0,1.16,4.95,0
2024-08-13 07:00:00,BER_001,BER_001_ROBOT_1,23,8.28,0.9562,2,0,1.35,4.94,0
2024-08-13 07:00:00,HAM_001,HAM_001_ROBOT_1,21,11.06,0.9702,0,0,1.44,4.48,0
2024-08-13 08:00:00,MUC_001,MUC_001_ROBOT_1,11,11.16,0.9584,0,0,1.59,5.53,0
2024-08-13 08:00:00,BER_001,BER_001_ROBOT_1,11,10.62,0.9583,2,0,1.68,4.12,0
2024-08-13 08:00:00,HAM_001,HAM_001_ROBOT_1,22,10.69,0.9731,2,0,1.08,4.22,0
2024-08-13 09:00:00,MUC_001,MUC_001_ROBOT_1,5,8.58,0.7552,10,16,1.99,5.36,1
2024-08-13 09:00:00,BER_001,BER_001_ROBOT_1,17,11.8,0.9669,0,0,1.98,4.12,0
2024-08-13 09:00:00,HAM_001,HAM_001_ROBOT_1,15,11.22,0.9608,2,0,1.83,4.97,0
2024-08-13 10:00:00,MUC_001,MUC_001_ROBOT_1,27,11.94,0.9784,1,0,1.69,5.59,0
2024-08-13 10:00:00,BER_001,BER_001_ROBOT_1,3,9.84,0.7863,9,32,1.88,4.28,1
2024-08-13 10:00:00,HAM_001,HAM_001_ROBOT_1,18,10.85,0.9509,2,0,1.13,5.61,0
2024-08-13 11:00:00,MUC_001,MUC_001_ROBOT_1,19,11.22,0.9862,1,0,1.63,4.51,0
2024-08-13 11:00:00,BER_001,BER_001_ROBOT_1,12,8.44,0.9716,0,0,1.24,5.32,0
2024-08-13 11:00:00,HAM_001,HAM_001_ROBOT_1,25,10.03,0.9726,2,0,0.54,5.46,0
2024-08-13 12:00:00,MUC_001,MUC_001_ROBOT_1,19,10.32,0.9808,1,0,0.65,4.72,0
2024-08-13 12:00:00,BER_001,BER_001_ROBOT_1,12,11.17,0.9833,2,0,1.14,4.52,0
2024-08-13 12:00:00,HAM_001,HAM_001_ROBOT_1,24,10.78,0.9772,2,0,1.07,5.99,0
2024-08-13 13:00:00,MUC_001,MUC_001_ROBOT_1,16,9.1,0.9774,2,0,1.87,5.91,0
2024-08-13 13:00:00,BER_001,BER_001_ROBOT_1,18,9.2,0.952,2,0,1.4,4.8,0
2024-08-13 13:00:00,HAM_001,HAM_001_ROBOT_1,23,9.73,0.9507,2,0,0.69,4.66,0
2024-08-13 14:00:00,MUC_001,MUC_001_ROBOT_1,19,9.17,0.9864,2,0,1.54,5.61,0
2024-08-13 14:00:00,BER_001,BER_001_ROBOT_1,25,11.55,0.9572,2,0,0.87,5.07,0
2024-08-13 14:00:00,HAM_001,HAM_001_ROBOT_1,1,8.16,0.787,5,31,1.6,5.45,1
2024-08-13 15:00:00,MUC_001,MUC_001_ROBOT_1,11,10.49,0.9651,2,0,1.68,5.15,0
2024-08-13 15:00:00,BER_001,BER_001_ROBOT_1,13,9.24,0.9635,2,0,1.26,4.86,0
2024-08-13 15:00:00,HAM_001,HAM_001_ROBOT_1,13,8.2,0.9569,0,0,1.72,4.6,0
2024-08-13 16:00:00,MUC_001,MUC_001_ROBOT_1,11,10.18,0.9631,2,0,1.51,5.55,0
2024-08-13 16:00:00,BER_001,BER_001_ROBOT_1,12,11.91,0.9611,0,0,1.66,5.52,0
2024-08-13 16:00:00,HAM_001,HAM_001_ROBOT_1,24,9.88,0.9862,1,0,1.97,4.86,0
2024-08-13 17:00:00,MUC_001,MUC_001_ROBOT_1,24,11.18,0.9737,2,0,1.51,5.39,0
2024-08-13 17:00:00,BER_001,BER_001_ROBOT_1,24,10.76,0.9844,2,0,1.38,4.15,0
2024-08-13 17:00:00,HAM_001,HAM_001_ROBOT_1,28,11.91,0.96,1,0,1.92,5.89,0
2024-08-13 18:00:00,MUC_001,MUC_001_ROBOT_1,3,10.75,0.7109,6,26,1.05,5.26,1
2024-08-13 18:00:00,BER_001,BER_001_ROBOT_1,30,9.18,0.9565,0,0,1.09,5.93,0
2024-08-13 18:00:00,HAM_001,HAM_001_ROBOT_1,10,8.81,0.959,1,0,1.52,4.93,0
2024-08-13 19:00:00,MUC_001,MUC_001_ROBOT_1,20,9.13,0.961,2,0,1.46,4.25,0
2024-08-13 19:00:00,BER_001,BER_001_ROBOT_1,13,8.09,0.9673,2,0,0.75,4.35,0
2024-08-13 19:00:00,HAM_001,HAM_001_ROBOT_1,29,8.07,0.9838,0,0,1.92,4.0,0
2024-08-13 20:00:00,MUC_001,MUC_001_ROBOT_1,10,8.11,0.9899,2,0,1.79,5.2,0
2024-08-13 20:00:00,BER_001,BER_001_ROBOT_1,25,11.33,0.9513,2,0,1.15,4.15,0
2024-08-13 20:00:00,HAM_001,HAM_001_ROBOT_1,22,8.69,0.9645,0,0,1.78,4.36,0
2024-08-13 21:00:00,MUC_001,MUC_001_ROBOT_1,30,10.34,0.9577,2,0,1.36,4.04,0
2024-08-13 21:00:00,BER_001,BER_001_ROBOT_1,29,9.26,0.9843,1,0,2.0,4.59,0
2024-08-13 21:00:00,HAM_001,HAM_001_ROBOT_1,27,9.06,0.9654,0,0,0.8,4.36,0
2024-08-13 22:00:00,MUC_001,MUC_001_ROBOT_1,23,8.73,0.9877,2,0,1.86,5.42,0
2024-08-13 22:00:00,BER_001,BER_001_ROBOT_1,14,10.2,0.9515,1,0,1.57,5.59,0
2024-08-13 22:00:00,HAM_001,HAM_001_ROBOT_1,30,8.18,0.9739,2,0,1.8,5.65,0
2024-08-13 23:00:00,MUC_001,MUC_001_ROBOT_1,12,9.98,0.9843,0,0,0.66,5.11,0
2024-08-13 23:00:00,BER_001,BER_001_ROBOT_1,26,9.07,0.9892,0,0,1.62,5.12,0
2024-08-13 23:00:00,HAM_001,HAM_001_ROBOT_1,15,9.25,0.9701,1,0,0.96,5.9,0
2024-08-14 00:00:00,MUC_001,MUC_001_ROBOT_1,20,10.41,0.9553,0,0,1.87,4.68,0
2024-08-14 00:00:00,BER_001,BER_001_ROBOT_1,23,10.7,0.9534,0,0,1.7,5.43,0
2024-08-14 00:00:00,HAM_001,HAM_001_ROBOT_1,16,9.92,0.9542,0,0,1.76,4.9,0
2024-08-14 01:00:00,MUC_001,MUC_001_ROBOT_1,17,9.36,0.9596,0,0,1.25,5.87,0
2024-08-14 01:00:00,BER_001,BER_001_ROBOT_1,11,8.58,0.9859,2,0,0.62,5.78,0
2024-08-14 01:00:00,HAM_001,HAM_001_ROBOT_1,27,11.53,0.9549,2,0,1.27,4.57,0
2024-08-14 02:00:00,MUC_001,MUC_001_ROBOT_1,20,10.94,0.9758,0,0,1.34,4.76,0
2024-08-14 02:00:00,BER_001,BER_001_ROBOT_1,20,9.46,0.9796,2,0,0.77,4.68,0
2024-08-14 02:00:00,HAM_001,HAM_001_ROBOT_1,15,8.93,0.9895,1,0,0.93,5.75,0
2024-08-14 03:00:00,MUC_001,MUC_001_ROBOT_1,22,8.62,0.9667,0,0,1.18,5.05,0
2024-08-14 03:00:00,BER_001,BER_001_ROBOT_1,23,10.85,0.9582,1,0,1.41,4.9,0
2024-08-14 03:00:00,HAM_001,HAM_001_ROBOT_1,16,8.02,0.9757,2,0,1.15,5.51,0
2024-08-14 04:00:00,MUC_001,MUC_001_ROBOT_1,14,8.77,0.9883,1,0,1.42,4.81,0
2024-08-14 04:00:00,BER_001,BER_001_ROBOT_1,11,11.38,0.9833,0,0,1.26,4.48,0
2024-08-14 04:00:00,HAM_001,HAM_001_ROBOT_1,13,10.73,0.9804,2,0,1.88,5.48,0
2024-08-14 05:00:00,MUC_001,MUC_001_ROBOT_1,0,8.09,0.8419,6,34,1.03,4.37,1
2024-08-14 05:00:00,BER_001,BER_001_ROBOT_1,16,8.2,0.9632,1,0,1.81,4.24,0
2024-08-14 05:00:00,HAM_001,HAM_001_ROBOT_1,30,11.63,0.9642,0,0,1.15,4.61,0
2024-08-14 06:00:00,MUC_001,MUC_001_ROBOT_1,30,11.47,0.953,0,0,1.04,5.21,0
2024-08-14 06:00:00,BER_001,BER_001_ROBOT_1,11,11.54,0.9747,0,0,1.61,4.65,0
2024-08-14 06:00:00,HAM_001,HAM_001_ROBOT_1,29,9.06,0.9895,2,0,1.06,5.2,0
2024-08-14 07:00:00,MUC_001,MUC_001_ROBOT_1,27,10.8,0.9574,1,0,0.82,4.37,0
2024-08-14 07:00:00,BER_001,BER_001_ROBOT_1,25,10.09,0.9741,1,0,1.89,4.03,0
2024-08-14 07:00:00,HAM_001,HAM_001_ROBOT_1,26,10.68,0.9624,1,0,0.75,5.87,0
2024-08-14 08:00:00,MUC_001,MUC_001_ROBOT_1,18,10.52,0.9853,0,0,1.18,5.63,0
2024-08-14 08:00:00,BER_001,BER_001_ROBOT_1,27,9.73,0.9631,0,0,1.32,5.15,0
2024-08-14 08:00:00,HAM_001,HAM_001_ROBOT_1,29,8.33,0.9794,0,0,1.53,4.43,0
2024-08-14 09:00:00,MUC_001,MUC_001_ROBOT_1,22,8.49,0.9589,2,0,1.05,4.61,0
2024-08-14 09:00:00,BER_001,BER_001_ROBOT_1,13,10.19,0.9816,1,0,0.58,4.03,0
2024-08-14 09:00:00,HAM_001,HAM_001_ROBOT_1,14,8.12,0.9726,1,0,1.24,5.01,0
2024-08-14 10:00:00,MUC_001,MUC_001_ROBOT_1,23,9.7,0.9533,2,0,0.54,5.54,0
2024-08-14 10:00:00,BER_001,BER_001_ROBOT_1,27,8.79,0.9817,2,0,1.89,5.25,0
2024-08-14 10:00:00,HAM_001,HAM_001_ROBOT_1,17,9.07,0.985,1,0,1.92,4.93,0
2024-08-14 11:00:00,MUC_001,MUC_001_ROBOT_1,13,9.58,0.9565,2,0,1.19,4.14,0
2024-08-14 11:00:00,BER_001,BER_001_ROBOT_1,24,10.62,0.9567,2,0,1.69,4.76,0
2024-08-14 11:00:00,HAM_001,HAM_001_ROBOT_1,27,11.92,0.9723,1,0,1.46,5.22,0
2024-08-14 12:00:00,MUC_001,MUC_001_ROBOT_1,18,10.12,0.9639,1,0,1.34,4.91,0
2024-08-14 12:00:00,BER_001,BER_001_ROBOT_1,20,9.6,0.9809,1,0,1.66,4.04,0
2024-08-14 12:00:00,HAM_001,HAM_001_ROBOT_1,28,10.15,0.9615,0,0,1.45,5.32,0
2024-08-14 13:00:00,MUC_001,MUC_001_ROBOT_1,29,11.95,0.9843,2,0,1.2,4.42,0
2024-08-14 13:00:00,BER_001,BER_001_ROBOT_1,13,10.99,0.9544,0,0,0.95,4.26,0
2024-08-14 13:00:00,HAM_001,HAM_001_ROBOT_1,30,9.18,0.9871,0,0,1.15,5.91,0
2024-08-14 14:00:00,MUC_001,MUC_001_ROBOT_1,28,10.67,0.9544,1,0,1.53,4.1,0
2024-08-14 14:00:00,BER_001,BER_001_ROBOT_1,26,10.46,0.958,1,0,1.91,5.1,0
2024-08-14 14:00:00,HAM_001,HAM_001_ROBOT_1,22,10.17,0.9667,1,0,1.83,4.02,0
2024-08-14 15:00:00,MUC_001,MUC_001_ROBOT_1,29,9.92,0.9777,0,0,1.78,4.06,0
2024-08-14 15:00:00,BER_001,BER_001_ROBOT_1,27,9.31,0.9575,1,0,0.96,5.08,0
2024-08-14 15:00:00,HAM_001,HAM_001_ROBOT_1,26,8.24,0.9622,0,0,0.76,5.84,0
2024-08-14 16:00:00,MUC_001,MUC_001_ROBOT_1,24,9.2,0.9576,1,0,1.92,5.07,0
2024-08-14 16:00:00,BER_001,BER_001_ROBOT_1,29,8.12,0.9754,2,0,1.15,4.69,0
2024-08-14 16:00:00,HAM_001,HAM_001_ROBOT_1,27,8.4,0.9726,2,0,1.26,5.94,0
2024-08-14 17:00:00,MUC_001,MUC_001_ROBOT_1,22,9.35,0.9634,1,0,1.65,5.75,0
2024-08-14 17:00:00,BER_001,BER_001_ROBOT_1,27,9.47,0.9658,2,0,1.22,5.32,0
2024-08-14 17:00:00,HAM_001,HAM_001_ROBOT_1,15,11.27,0.9648,2,0,0.99,4.2,0
2024-08-14 18:00:00,MUC_001,MUC_001_ROBOT_1,4,10.11,0.8321,9,58,1.94,5.97,1
2024-08-14 18:00:00,BER_001,BER_001_ROBOT_1,14,10.91,0.9723,0,0,1.24,4.05,0
2024-08-14 18:00:00,HAM_001,HAM_001_ROBOT_1,21,9.92,0.9873,2,0,1.66,5.73,0
2024-08-14 19:00:00,MUC_001,MUC_001_ROBOT_1,15,10.46,0.9663,0,0,1.0,4.58,0
2024-08-14 19:00:00,BER_001,BER_001_ROBOT_1,21,11.18,0.9879,2,0,1.38,4.21,0
2024-08-14 19:00:00,HAM_001,HAM_001_ROBOT_1,21,8.87,0.9878,1,0,0.63,5.27,0
2024-08-14 20:00:00,MUC_001,MUC_001_ROBOT_1,18,11.37,0.9568,0,0,0.81,5.78,0
2024-08-14 20:00:00,BER_001,BER_001_ROBOT_1,19,8.01,0.9866,1,0,1.74,5.54,0
2024-08-14 20:00:00,HAM_001,HAM_001_ROBOT_1,27,9.92,0.9774,0,0,0.72,5.78,0
2024-08-14 21:00:00,MUC_001,MUC_001_ROBOT_1,18,11.94,0.9896,0,0,1.38,4.99,0
2024-08-14 21:00:00,BER_001,BER_001_ROBOT_1,28,10.57,0.9631,1,0,0.66,4.38,0
2024-08-14 21:00:00,HAM_001,HAM_001_ROBOT_1,14,9.07,0.978,0,0,1.07,5.07,0
2024-08-14 22:00:00,MUC_001,MUC_001_ROBOT_1,17,11.14,0.9726,2,0,0.64,4.25,0
2024-08-14 22:00:00,BER_001,BER_001_ROBOT_1,25,10.04,0.9831,0,0,1.75,4.68,0
2024-08-14 22:00:00,HAM_001,HAM_001_ROBOT_1,30,9.18,0.9764,2,0,1.36,4.92,0
2024-08-14 23:00:00,MUC_001,MUC_001_ROBOT_1,28,11.56,0.9742,1,0,1.56,4.03,0
2024-08-14 23:00:00,BER_001,BER_001_ROBOT_1,20,8.06,0.9753,2,0,0.52,4.66,0
2024-08-14 23:00:00,HAM_001,HAM_001_ROBOT_1,0,8.7,0.7795,3,46,1.91,5.79,1
2024-08-15 00:00:00,MUC_001,MUC_001_ROBOT_1,21,8.72,0.9839,1,0,1.99,5.23,0
2024-08-15 00:00:00,BER_001,BER_001_ROBOT_1,21,8.42,0.9555,0,0,0.67,4.4,0
2024-08-15 00:00:00,HAM_001,HAM_001_ROBOT_1,29,10.97,0.9519,0,0,1.12,4.53,0
2024-08-15 01:00:00,MUC_001,MUC_001_ROBOT_1,19,11.27,0.9609,1,0,1.3,4.79,0
2024-08-15 01:00:00,BER_001,BER_001_ROBOT_1,12,11.77,0.9708,0,0,1.14,5.25,0
2024-08-15 01:00:00,HAM_001,HAM_001_ROBOT_1,23,8.06,0.9749,2,0,1.05,5.11,0
2024-08-15 02:00:00,MUC_001,MUC_001_ROBOT_1,21,8.74,0.9885,0,0,1.34,5.9,0
2024-08-15 02:00:00,BER_001,BER_001_ROBOT_1,30,9.01,0.986,0,0,1.74,5.61,0
2024-08-15 02:00:00,HAM_001,HAM_001_ROBOT_1,13,9.68,0.9795,1,0,1.44,5.89,0
2024-08-15 03:00:00,MUC_001,MUC_001_ROBOT_1,15,9.16,0.9737,0,0,0.71,4.74,0
2024-08-15 03:00:00,BER_001,BER_001_ROBOT_1,17,8.92,0.979,1,0,0.75,4.07,0
2024-08-15 03:00:00,HAM_001,HAM_001_ROBOT_1,21,9.1,0.9755,2,0,1.65,5.3,0
2024-08-15 04:00:00,MUC_001,MUC_001_ROBOT_1,11,11.96,0.9596,2,0,1.08,5.23,0
2024-08-15 04:00:00,BER_001,BER_001_ROBOT_1,19,10.71,0.9604,1,0,1.86,5.88,0
2024-08-15 04:00:00,HAM_001,HAM_001_ROBOT_1,13,9.2,0.9762,0,0,1.8,4.45,0
2024-08-15 05:00:00,MUC_001,MUC_001_ROBOT_1,16,9.48,0.9743,0,0,0.65,5.78,0
2024-08-15 05:00:00,BER_001,BER_001_ROBOT_1,20,10.99,0.9517,1,0,1.56,5.02,0
2024-08-15 05:00:00,HAM_001,HAM_001_ROBOT_1,20,8.11,0.9523,1,0,1.14,4.2,0
2024-08-15 06:00:00,MUC_001,MUC_001_ROBOT_1,24,9.02,0.9652,0,0,1.47,4.1,0
2024-08-15 06:00:00,BER_001,BER_001_ROBOT_1,30,8.21,0.9806,0,0,0.92,5.39,0
2024-08-15 06:00:00,HAM_001,HAM_001_ROBOT_1,18,8.85,0.966,0,0,1.95,5.54,0
2024-08-15 07:00:00,MUC_001,MUC_001_ROBOT_1,14,8.24,0.9817,0,0,0.73,6.0,0
2024-08-15 07:00:00,BER_001,BER_001_ROBOT_1,28,8.01,0.9754,0,0,1.2,5.77,0
2024-08-15 07:00:00,HAM_001,HAM_001_ROBOT_1,29,11.41,0.988,2,0,1.26,5.69,0
2024-08-15 08:00:00,MUC_001,MUC_001_ROBOT_1,10,8.62,0.9698,2,0,0.72,4.34,0
2024-08-15 08:00:00,BER_001,BER_001_ROBOT_1,26,9.46,0.9553,0,0,1.59,5.97,0
2024-08-15 08:00:00,HAM_001,HAM_001_ROBOT_1,14,11.19,0.9701,0,0,0.99,4.17,0
2024-08-15 09:00:00,MUC_001,MUC_001_ROBOT_1,25,11.89,0.9622,2,0,0.8,5.44,0
2024-08-15 09:00:00,BER_001,BER_001_ROBOT_1,22,11.92,0.9763,1,0,1.09,5.98,0
2024-08-15 09:00:00,HAM_001,HAM_001_ROBOT_1,22,11.95,0.9612,1,0,1.13,5.57,0
2024-08-15 10:00:00,MUC_001,MUC_001_ROBOT_1,25,8.58,0.9752,1,0,1.72,5.15,0
2024-08-15 10:00:00,BER_001,BER_001_ROBOT_1,26,9.66,0.9644,0,0,1.86,5.83,0
2024-08-15 10:00:00,HAM_001,HAM_001_ROBOT_1,11,10.2,0.9602,0,0,1.73,4.2,0
2024-08-15 11:00:00,MUC_001,MUC_001_ROBOT_1,19,11.52,0.9816,1,0,0.84,4.05,0
2024-08-15 11:00:00,BER_001,BER_001_ROBOT_1,27,10.09,0.9838,0,0,1.62,5.44,0
2024-08-15 11:00:00,HAM_001,HAM_001_ROBOT_1,26,10.43,0.961,0,0,1.32,4.88,0
2024-08-15 12:00:00,MUC_001,MUC_001_ROBOT_1,16,8.6,0.98,2,0,1.57,4.86,0
2024-08-15 12:00:00,BER_001,BER_001_ROBOT_1,10,10.87,0.9785,2,0,1.88,4.85,0
2024-08-15 12:00:00,HAM_001,HAM_001_ROBOT_1,13,10.71,0.9892,1,0,1.69,5.79,0
2024-08-15 13:00:00,MUC_001,MUC_001_ROBOT_1,2,9.78,0.7865,5,38,1.6,4.11,1
2024-08-15 13:00:00,BER_001,BER_001_ROBOT_1,28,11.18,0.9704,2,0,1.23,5.1,0
2024-08-15 13:00:00,HAM_001,HAM_001_ROBOT_1,13,12.0,0.982,1,0,1.53,4.5,0
2024-08-15 14:00:00,MUC_001,MUC_001_ROBOT_1,3,9.05,0.7786,7,33,1.61,4.97,1
2024-08-15 14:00:00,BER_001,BER_001_ROBOT_1,27,9.62,0.9516,0,0,1.31,5.82,0
2024-08-15 14:00:00,HAM_001,HAM_001_ROBOT_1,28,11.67,0.9594,2,0,1.13,5.98,0
2024-08-15 15:00:00,MUC_001,MUC_001_ROBOT_1,28,10.94,0.9575,0,0,1.96,4.74,0
2024-08-15 15:00:00,BER_001,BER_001_ROBOT_1,12,8.68,0.9787,2,0,1.41,5.45,0
2024-08-15 15:00:00,HAM_001,HAM_001_ROBOT_1,27,8.34,0.9538,1,0,1.8,4.07,0
2024-08-15 16:00:00,MUC_001,MUC_001_ROBOT_1,11,10.68,0.9897,0,0,1.31,4.31,0
2024-08-15 16:00:00,BER_001,BER_001_ROBOT_1,16,10.1,0.9687,2,0,0.9,4.11,0
2024-08-15 16:00:00,HAM_001,HAM_001_ROBOT_1,19,8.17,0.9642,2,0,1.71,4.4,0
2024-08-15 17:00:00,MUC_001,MUC_001_ROBOT_1,1,8.13,0.7177,6,25,1.57,5.21,1
2024-08-15 17:00:00,BER_001,BER_001_ROBOT_1,22,9.24,0.9537,1,0,0.57,5.86,0
2024-08-15 17:00:00,HAM_001,HAM_001_ROBOT_1,25,10.16,0.9747,1,0,1.83,5.62,0
2024-08-15 18:00:00,MUC_001,MUC_001_ROBOT_1,18,9.87,0.9711,2,0,0.57,5.18,0
2024-08-15 18:00:00,BER_001,BER_001_ROBOT_1,21,8.8,0.9557,1,0,0.83,4.4,0
2024-08-15 18:00:00,HAM_001,HAM_001_ROBOT_1,19,9.08,0.9548,1,0,1.09,5.58,0
2024-08-15 19:00:00,MUC_001,MUC_001_ROBOT_1,17,10.67,0.9666,1,0,0.53,5.68,0
2024-08-15 19:00:00,BER_001,BER_001_ROBOT_1,16,11.65,0.9737,2,0,1.35,4.82,0
2024-08-15 19:00:00,HAM_001,HAM_001_ROBOT_1,12,8.04,0.9777,1,0,1.41,4.78,0
2024-08-15 20:00:00,MUC_001,MUC_001_ROBOT_1,30,11.96,0.9744,0,0,1.73,4.47,0
2024-08-15 20:00:00,BER_001,BER_001_ROBOT_1,22,11.16,0.9579,2,0,1.62,4.37,0
2024-08-15 20:00:00,HAM_001,HAM_001_ROBOT_1,24,11.12,0.9537,0,0,0.53,5.23,0
2024-08-15 21:00:00,MUC_001,MUC_001_ROBOT_1,10,10.17,0.9627,2,0,1.93,4.08,0
2024-08-15 21:00:00,BER_001,BER_001_ROBOT_1,15,9.33,0.9701,0,0,1.16,5.96,0
2024-08-15 21:00:00,HAM_001,HAM_001_ROBOT_1,14,8.05,0.9552,1,0,1.88,4.26,0
2024-08-15 22:00:00,MUC_001,MUC_001_ROBOT_1,23,9.05,0.9831,1,0,1.2,5.66,0
2024-08-15 22:00:00,BER_001,BER_001_ROBOT_1,26,10.0,0.9595,0,0,1.73,4.1,0
2024-08-15 22:00:00,HAM_001,HAM_001_ROBOT_1,30,9.34,0.9855,2,0,0.95,4.46,0
2024-08-15 23:00:00,MUC_001,MUC_001_ROBOT_1,23,11.69,0.9689,1,0,1.26,4.01,0
2024-08-15 23:00:00,BER_001,BER_001_ROBOT_1,18,8.86,0.9564,1,0,0.88,5.32,0
2024-08-15 23:00:00,HAM_001,HAM_001_ROBOT_1,15,8.03,0.9787,0,0,0.62,5.54,0
2024-08-16 00:00:00,MUC_001,MUC_001_ROBOT_1,18,8.11,0.9771,1,0,1.65,5.43,0
2024-08-16 00:00:00,BER_001,BER_001_ROBOT_1,1,9.55,0.7707,10,58,1.42,4.85,1
2024-08-16 00:00:00,HAM_001,HAM_001_ROBOT_1,23,11.47,0.9784,2,0,1.69,5.52,0
2024-08-16 01:00:00,MUC_001,MUC_001_ROBOT_1,30,10.34,0.9629,1,0,0.56,5.54,0
2024-08-16 01:00:00,BER_001,BER_001_ROBOT_1,5,11.1,0.7552,9,31,1.96,5.09,1
2024-08-16 01:00:00,HAM_001,HAM_001_ROBOT_1,23,11.73,0.9756,1,0,1.31,4.53,0
2024-08-16 02:00:00,MUC_001,MUC_001_ROBOT_1,23,10.1,0.9686,1,0,0.88,5.11,0
2024-08-16 02:00:00,BER_001,BER_001_ROBOT_1,11,8.16,0.9515,1,0,1.94,4.67,0
2024-08-16 02:00:00,HAM_001,HAM_001_ROBOT_1,16,11.59,0.9739,2,0,0.97,4.31,0
2024-08-16 03:00:00,MUC_001,MUC_001_ROBOT_1,26,8.56,0.9708,2,0,1.88,4.12,0
2024-08-16 03:00:00,BER_001,BER_001_ROBOT_1,22,11.15,0.9784,1,0,1.76,5.62,0
2024-08-16 03:00:00,HAM_001,HAM_001_ROBOT_1,30,10.95,0.9543,1,0,1.91,5.04,0
2024-08-16 04:00:00,MUC_001,MUC_001_ROBOT_1,14,8.94,0.9829,0,0,0.98,4.6,0
2024-08-16 04:00:00,BER_001,BER_001_ROBOT_1,25,9.66,0.9707,2,0,1.9,4.74,0
2024-08-16 04:00:00,HAM_001,HAM_001_ROBOT_1,18,10.94,0.9738,2,0,1.68,5.92,0
2024-08-16 05:00:00,MUC_001,MUC_001_ROBOT_1,27,9.12,0.9523,0,0,1.77,5.13,0
2024-08-16 05:00:00,BER_001,BER_001_ROBOT_1,25,11.31,0.9581,0,0,1.21,4.99,0
2024-08-16 05:00:00,HAM_001,HAM_001_ROBOT_1,21,9.97,0.9718,2,0,0.62,4.41,0
2024-08-16 06:00:00,MUC_001,MUC_001_ROBOT_1,20,11.32,0.9722,1,0,0.85,5.27,0
2024-08-16 06:00:00,BER_001,BER_001_ROBOT_1,11,11.51,0.9772,2,0,1.6,4.78,0
2024-08-16 06:00:00,HAM_001,HAM_001_ROBOT_1,21,11.14,0.9738,0,0,0.74,4.83,0
2024-08-16 07:00:00,MUC_001,MUC_001_ROBOT_1,24,9.62,0.9651,0,0,1.9,5.13,0
2024-08-16 07:00:00,BER_001,BER_001_ROBOT_1,24,11.54,0.9892,2,0,0.55,5.56,0
2024-08-16 07:00:00,HAM_001,HAM_001_ROBOT_1,15,9.63,0.9745,0,0,1.94,4.48,0
2024-08-16 08:00:00,MUC_001,MUC_001_ROBOT_1,18,11.43,0.9549,0,0,0.66,5.54,0
2024-08-16 08:00:00,BER_001,BER_001_ROBOT_1,17,11.51,0.9527,1,0,1.33,5.98,0
2024-08-16 08:00:00,HAM_001,HAM_001_ROBOT_1,16,11.12,0.9613,0,0,1.01,5.82,0
2024-08-16 09:00:00,MUC_001,MUC_001_ROBOT_1,18,11.36,0.9652,0,0,1.91,4.02,0
2024-08-16 09:00:00,BER_001,BER_001_ROBOT_1,30,8.0,0.9841,2,0,1.2,4.98,0
2024-08-16 09:00:00,HAM_001,HAM_001_ROBOT_1,28,11.87,0.9671,2,0,0.94,5.77,0
2024-08-16 10:00:00,MUC_001,MUC_001_ROBOT_1,0,8.96,0.8081,4,41,1.46,4.74,1
2024-08-16 10:00:00,BER_001,BER_001_ROBOT_1,3,11.81,0.7923,7,58,1.75,5.35,1
2024-08-16 10:00:00,HAM_001,HAM_001_ROBOT_1,14,10.64,0.96,1,0,1.79,5.31,0
2024-08-16 11:00:00,MUC_001,MUC_001_ROBOT_1,22,11.16,0.9566,0,0,0.62,5.95,0
2024-08-16 11:00:00,BER_001,BER_001_ROBOT_1,13,10.12,0.9645,2,0,1.04,5.43,0
2024-08-16 11:00:00,HAM_001,HAM_001_ROBOT_1,20,8.45,0.9635,2,0,1.83,4.26,0
2024-08-16 12:00:00,MUC_001,MUC_001_ROBOT_1,19,10.78,0.9751,2,0,1.95,4.73,0
2024-08-16 12:00:00,BER_001,BER_001_ROBOT_1,16,10.16,0.9505,0,0,1.99,4.15,0
2024-08-16 12:00:00,HAM_001,HAM_001_ROBOT_1,14,10.43,0.9659,1,0,1.25,5.72,0
2024-08-16 13:00:00,MUC_001,MUC_001_ROBOT_1,12,9.24,0.9565,1,0,0.67,5.11,0
2024-08-16 13:00:00,BER_001,BER_001_ROBOT_1,28,11.39,0.9558,0,0,1.88,4.99,0
2024-08-16 13:00:00,HAM_001,HAM_001_ROBOT_1,29,10.1,0.9896,2,0,0.58,4.53,0
2024-08-16 14:00:00,MUC_001,MUC_001_ROBOT_1,22,10.0,0.9688,0,0,0.54,5.52,0
2024-08-16 14:00:00,BER_001,BER_001_ROBOT_1,28,8.88,0.9891,1,0,0.98,4.47,0
2024-08-16 14:00:00,HAM_001,HAM_001_ROBOT_1,12,11.21,0.9898,1,0,1.09,5.48,0
2024-08-16 15:00:00,MUC_001,MUC_001_ROBOT_1,30,8.82,0.9631,2,0,1.59,5.44,0
2024-08-16 15:00:00,BER_001,BER_001_ROBOT_1,19,10.75,0.965,1,0,0.93,4.77,0
2024-08-16 15:00:00,HAM_001,HAM_001_ROBOT_1,11,10.65,0.9572,1,0,1.34,4.16,0
2024-08-16 16:00:00,MUC_001,MUC_001_ROBOT_1,10,10.65,0.9532,0,0,1.89,4.66,0
2024-08-16 16:00:00,BER_001,BER_001_ROBOT_1,24,11.63,0.9824,2,0,1.07,4.06,0
2024-08-16 16:00:00,HAM_001,HAM_001_ROBOT_1,27,11.42,0.9868,0,0,0.87,5.93,0
2024-08-16 17:00:00,MUC_001,MUC_001_ROBOT_1,14,11.56,0.953,2,0,1.19,4.4,0
2024-08-16 17:00:00,BER_001,BER_001_ROBOT_1,10,10.85,0.9766,2,0,0.67,4.45,0
2024-08-16 17:00:00,HAM_001,HAM_001_ROBOT_1,10,10.94,0.975,2,0,1.49,5.48,0
2024-08-16 18:00:00,MUC_001,MUC_001_ROBOT_1,14,10.31,0.9707,1,0,1.91,5.09,0
2024-08-16 18:00:00,BER_001,BER_001_ROBOT_1,23,9.04,0.9632,2,0,1.4,4.19,0
2024-08-16 18:00:00,HAM_001,HAM_001_ROBOT_1,28,10.01,0.9567,1,0,0.72,4.62,0
2024-08-16 19:00:00,MUC_001,MUC_001_ROBOT_1,29,11.56,0.9819,1,0,1.77,5.68,0
2024-08-16 19:00:00,BER_001,BER_001_ROBOT_1,2,8.77,0.8035,6,17,1.93,5.19,1
2024-08-16 19:00:00,HAM_001,HAM_001_ROBOT_1,25,9.25,0.9638,0,0,0.99,5.02,0
2024-08-16 20:00:00,MUC_001,MUC_001_ROBOT_1,18,8.47,0.987,1,0,1.57,5.82,0
2024-08-16 20:00:00,BER_001,BER_001_ROBOT_1,16,9.66,0.9781,0,0,1.83,5.47,0
2024-08-16 20:00:00,HAM_001,HAM_001_ROBOT_1,25,9.37,0.955,1,0,1.77,5.92,0
2024-08-16 21:00:00,MUC_001,MUC_001_ROBOT_1,4,8.1,0.7785,10,55,1.65,5.16,1
2024-08-16 21:00:00,BER_001,BER_001_ROBOT_1,30,11.76,0.985,0,0,1.33,5.75,0
2024-08-16 21:00:00,HAM_001,HAM_001_ROBOT_1,25,11.4,0.9554,1,0,1.22,5.57,0
2024-08-16 22:00:00,MUC_001,MUC_001_ROBOT_1,17,10.3,0.9672,0,0,1.51,4.79,0
2024-08-16 22:00:00,BER_001,BER_001_ROBOT_1,14,8.68,0.9593,0,0,0.8,4.76,0
2024-08-16 22:00:00,HAM_001,HAM_001_ROBOT_1,17,9.98,0.985,1,0,1.35,4.77,0
2024-08-16 23:00:00,MUC_001,MUC_001_ROBOT_1,20,8.37,0.9888,0,0,1.18,4.29,0
2024-08-16 23:00:00,BER_001,BER_001_ROBOT_1,26,10.73,0.9873,0,0,0.52,4.2,0
2024-08-16 23:00:00,HAM_001,HAM_001_ROBOT_1,15,11.37,0.9872,1,0,1.84,5.16,0
2024-08-17 00:00:00,MUC_001,MUC_001_ROBOT_1,14,9.12,0.9689,1,0,1.42,6.0,0
2024-08-17 00:00:00,BER_001,BER_001_ROBOT_1,11,11.82,0.9802,0,0,1.96,4.61,0
2024-08-17 00:00:00,HAM_001,HAM_001_ROBOT_1,24,11.84,0.9684,0,0,1.42,4.13,0
2024-08-17 01:00:00,MUC_001,MUC_001_ROBOT_1,23,8.73,0.9588,1,0,1.67,4.86,0
2024-08-17 01:00:00,BER_001,BER_001_ROBOT_1,11,11.54,0.9813,0,0,0.57,4.38,0
2024-08-17 01:00:00,HAM_001,HAM_001_ROBOT_1,11,9.82,0.9717,1,0,1.18,4.14,0
2024-08-17 02:00:00,MUC_001,MUC_001_ROBOT_1,15,11.63,0.9743,1,0,1.38,4.89,0
2024-08-17 02:00:00,BER_001,BER_001_ROBOT_1,30,9.57,0.9524,2,0,1.23,5.84,0
2024-08-17 02:00:00,HAM_001,HAM_001_ROBOT_1,17,8.24,0.9656,2,0,1.45,4.1,0
2024-08-17 03:00:00,MUC_001,MUC_001_ROBOT_1,19,10.03,0.9649,1,0,0.6,4.15,0
2024-08-17 03:00:00,BER_001,BER_001_ROBOT_1,25,11.36,0.9716,1,0,1.62,5.36,0
2024-08-17 03:00:00,HAM_001,HAM_001_ROBOT_1,23,11.23,0.9528,1,0,1.23,4.44,0
2024-08-17 04:00:00,MUC_001,MUC_001_ROBOT_1,23,10.25,0.9831,2,0,1.21,4.61,0
2024-08-17 04:00:00,BER_001,BER_001_ROBOT_1,14,10.41,0.9718,0,0,1.72,5.44,0
2024-08-17 04:00:00,HAM_001,HAM_001_ROBOT_1,10,10.67,0.9572,1,0,0.86,4.85,0
2024-08-17 05:00:00,MUC_001,MUC_001_ROBOT_1,13,11.44,0.961,0,0,1.7,5.5,0
2024-08-17 05:00:00,BER_001,BER_001_ROBOT_1,15,8.66,0.967,1,0,0.93,4.61,0
2024-08-17 05:00:00,HAM_001,HAM_001_ROBOT_1,20,8.06,0.9648,0,0,0.8,5.42,0
2024-08-17 06:00:00,MUC_001,MUC_001_ROBOT_1,27,8.22,0.9636,2,0,1.24,5.17,0
2024-08-17 06:00:00,BER_001,BER_001_ROBOT_1,15,9.38,0.9786,0,0,1.3,4.62,0
2024-08-17 06:00:00,HAM_001,HAM_001_ROBOT_1,10,10.13,0.9793,0,0,0.88,4.84,0
2024-08-17 07:00:00,MUC_001,MUC_001_ROBOT_1,10,9.97,0.9721,0,0,0.88,5.28,0
2024-08-17 07:00:00,BER_001,BER_001_ROBOT_1,20,8.08,0.9813,1,0,1.24,5.27,0
2024-08-17 07:00:00,HAM_001,HAM_001_ROBOT_1,28,12.0,0.9574,0,0,1.12,4.89,0
2024-08-17 08:00:00,MUC_001,MUC_001_ROBOT_1,24,10.83,0.9863,0,0,1.46,5.91,0
2024-08-17 08:00:00,BER_001,BER_001_ROBOT_1,12,10.28,0.9679,2,0,1.16,4.4,0
2024-08-17 08:00:00,HAM_001,HAM_001_ROBOT_1,26,9.92,0.9815,0,0,1.48,5.23,0
2024-08-17 09:00:00,MUC_001,MUC_001_ROBOT_1,23,8.52,0.9702,0,0,0.6,4.94,0
2024-08-17 09:00:00,BER_001,BER_001_ROBOT_1,27,9.25,0.9772,1,0,1.23,5.83,0
2024-08-17 09:00:00,HAM_001,HAM_001_ROBOT_1,28,8.43,0.981,1,0,0.89,5.81,0
2024-08-17 10:00:00,MUC_001,MUC_001_ROBOT_1,11,9.48,0.9816,1,0,1.96,5.61,0
2024-08-17 10:00:00,BER_001,BER_001_ROBOT_1,16,10.75,0.9728,2,0,0.81,4.13,0
2024-08-17 10:00:00,HAM_001,HAM_001_ROBOT_1,11,10.28,0.968,1,0,0.78,5.65,0
2024-08-17 11:00:00,MUC_001,MUC_001_ROBOT_1,5,11.83,0.843,5,30,1.29,5.3,1
2024-08-17 11:00:00,BER_001,BER_001_ROBOT_1,15,8.77,0.9512,2,0,1.84,4.5,0
2024-08-17 11:00:00,HAM_001,HAM_001_ROBOT_1,19,9.96,0.9746,2,0,0.71,4.72,0
2024-08-17 12:00:00,MUC_001,MUC_001_ROBOT_1,21,10.27,0.9791,0,0,1.09,5.4,0
2024-08-17 12:00:00,BER_001,BER_001_ROBOT_1,2,8.01,0.8209,7,44,1.52,4.59,1
2024-08-17 12:00:00,HAM_001,HAM_001_ROBOT_1,20,10.27,0.9813,0,0,0.81,4.9,0
2024-08-17 13:00:00,MUC_001,MUC_001_ROBOT_1,14,9.53,0.9596,0,0,1.3,4.34,0
2024-08-17 13:00:00,BER_001,BER_001_ROBOT_1,16,9.57,0.9509,1,0,0.98,5.62,0
2024-08-17 13:00:00,HAM_001,HAM_001_ROBOT_1,22,11.28,0.9862,2,0,1.13,5.31,0
2024-08-17 14:00:00,MUC_001,MUC_001_ROBOT_1,30,11.99,0.9617,2,0,1.61,5.2,0
2024-08-17 14:00:00,BER_001,BER_001_ROBOT_1,17,10.19,0.9608,1,0,1.82,4.35,0
2024-08-17 14:00:00,HAM_001,HAM_001_ROBOT_1,1,11.02,0.7973,3,21,1.84,4.17,1
2024-08-17 15:00:00,MUC_001,MUC_001_ROBOT_1,27,11.16,0.9594,0,0,0.73,5.71,0
2024-08-17 15:00:00,BER_001,BER_001_ROBOT_1,30,10.85,0.9576,0,0,0.76,5.82,0
2024-08-17 15:00:00,HAM_001,HAM_001_ROBOT_1,15,11.98,0.9502,0,0,1.06,5.11,0
2024-08-17 16:00:00,MUC_001,MUC_001_ROBOT_1,11,10.61,0.9853,0,0,0.94,4.16,0
2024-08-17 16:00:00,BER_001,BER_001_ROBOT_1,14,8.19,0.955,2,0,1.04,4.18,0
2024-08-17 16:00:00,HAM_001,HAM_001_ROBOT_1,25,9.1,0.9842,0,0,1.66,6.0,0
2024-08-17 17:00:00,MUC_001,MUC_001_ROBOT_1,29,10.85,0.9883,0,0,1.82,4.02,0
2024-08-17 17:00:00,BER_001,BER_001_ROBOT_1,12,9.57,0.9817,1,0,0.71,5.15,0
2024-08-17 17:00:00,HAM_001,HAM_001_ROBOT_1,14,10.31,0.982,2,0,1.31,4.64,0
2024-08-17 18:00:00,MUC_001,MUC_001_ROBOT_1,12,10.07,0.9627,0,0,0.86,4.2,0
2024-08-17 18:00:00,BER_001,BER_001_ROBOT_1,17,10.05,0.9678,0,0,0.63,5.44,0
2024-08-17 18:00:00,HAM_001,HAM_001_ROBOT_1,17,8.23,0.9678,0,0,1.61,4.36,0
2024-08-17 19:00:00,MUC_001,MUC_001_ROBOT_1,17,11.81,0.9896,2,0,1.38,5.49,0
2024-08-17 19:00:00,BER_001,BER_001_ROBOT_1,12,9.87,0.9798,1,0,0.55,4.32,0
2024-08-17 19:00:00,HAM_001,HAM_001_ROBOT_1,16,9.34,0.9644,2,0,0.91,5.63,0
2024-08-17 20:00:00,MUC_001,MUC_001_ROBOT_1,19,11.11,0.9798,1,0,1.5,4.75,0
2024-08-17 20:00:00,BER_001,BER_001_ROBOT_1,10,10.57,0.9631,2,0,0.96,5.2,0
2024-08-17 20:00:00,HAM_001,HAM_001_ROBOT_1,29,9.91,0.9658,0,0,1.29,4.89,0
2024-08-17 21:00:00,MUC_001,MUC_001_ROBOT_1,25,8.8,0.9592,1,0,0.64,4.71,0
2024-08-17 21:00:00,BER_001,BER_001_ROBOT_1,24,10.12,0.9779,2,0,0.97,4.48,0
2024-08-17 21:00:00,HAM_001,HAM_001_ROBOT_1,10,9.89,0.9671,0,0,1.49,5.32,0
2024-08-17 22:00:00,MUC_001,MUC_001_ROBOT_1,24,11.5,0.9673,0,0,1.67,4.9,0
2024-08-17 22:00:00,BER_001,BER_001_ROBOT_1,24,9.95,0.9867,1,0,1.88,4.47,0
2024-08-17 22:00:00,HAM_001,HAM_001_ROBOT_1,20,10.92,0.9641,1,0,1.81,4.87,0
2024-08-17 23:00:00,MUC_001,MUC_001_ROBOT_1,15,11.27,0.9698,0,0,1.18,4.54,0
2024-08-17 23:00:00,BER_001,BER_001_ROBOT_1,30,8.53,0.9507,1,0,0.99,4.66,0
2024-08-17 23:00:00,HAM_001,HAM_001_ROBOT_1,26,9.1,0.9537,0,0,1.25,5.2,0
2024-08-18 00:00:00,MUC_001,MUC_001_ROBOT_1,15,8.38,0.9577,1,0,1.34,4.77,0
2024-08-18 00:00:00,BER_001,BER_001_ROBOT_1,12,10.1,0.9522,2,0,1.89,5.97,0
2024-08-18 00:00:00,HAM_001,HAM_001_ROBOT_1,29,8.41,0.9645,2,0,1.95,5.07,0
2024-08-18 01:00:00,MUC_001,MUC_001_ROBOT_1,18,8.88,0.9853,2,0,1.94,5.94,0
2024-08-18 01:00:00,BER_001,BER_001_ROBOT_1,24,11.59,0.9855,0,0,1.15,5.35,0
2024-08-18 01:00:00,HAM_001,HAM_001_ROBOT_1,10,11.27,0.9893,2,0,1.31,5.76,0
2024-08-18 02:00:00,MUC_001,MUC_001_ROBOT_1,24,8.27,0.9716,1,0,1.41,5.69,0
2024-08-18 02:00:00,BER_001,BER_001_ROBOT_1,11,10.68,0.9808,0,0,1.19,4.14,0
2024-08-18 02:00:00,HAM_001,HAM_001_ROBOT_1,14,10.32,0.9644,1,0,1.6,4.04,0
2024-08-18 03:00:00,MUC_001,MUC_001_ROBOT_1,24,8.39,0.9598,1,0,0.75,5.62,0
2024-08-18 03:00:00,BER_001,BER_001_ROBOT_1,26,9.14,0.9792,0,0,1.57,4.13,0
2024-08-18 03:00:00,HAM_001,HAM_001_ROBOT_1,22,10.95,0.985,1,0,0.59,5.83,0
2024-08-18 04:00:00,MUC_001,MUC_001_ROBOT_1,15,8.25,0.9699,2,0,1.08,5.86,0
2024-08-18 04:00:00,BER_001,BER_001_ROBOT_1,22,8.93,0.9641,2,0,1.42,4.84,0
2024-08-18 04:00:00,HAM_001,HAM_001_ROBOT_1,13,10.97,0.9731,1,0,0.57,5.97,0
2024-08-18 05:00:00,MUC_001,MUC_001_ROBOT_1,27,11.06,0.9668,0,0,0.97,5.15,0
2024-08-18 05:00:00,BER_001,BER_001_ROBOT_1,28,11.17,0.9856,1,0,1.55,5.43,0
2024-08-18 05:00:00,HAM_001,HAM_001_ROBOT_1,15,10.81,0.9526,2,0,1.99,5.27,0
2024-08-18 06:00:00,MUC_001,MUC_001_ROBOT_1,10,9.28,0.9658,0,0,1.86,4.94,0
2024-08-18 06:00:00,BER_001,BER_001_ROBOT_1,10,10.01,0.9774,0,0,1.32,4.33,0
2024-08-18 06:00:00,HAM_001,HAM_001_ROBOT_1,19,11.39,0.9632,1,0,1.78,4.31,0
2024-08-18 07:00:00,MUC_001,MUC_001_ROBOT_1,14,11.83,0.9682,0,0,1.6,4.41,0
2024-08-18 07:00:00,BER_001,BER_001_ROBOT_1,22,11.46,0.9809,0,0,1.33,5.33,0
2024-08-18 07:00:00,HAM_001,HAM_001_ROBOT_1,14,8.14,0.9884,1,0,1.31,5.18,0
2024-08-18 08:00:00,MUC_001,MUC_001_ROBOT_1,14,9.41,0.9554,0,0,0.5,5.21,0
2024-08-18 08:00:00,BER_001,BER_001_ROBOT_1,15,9.59,0.9708,1,0,1.18,5.91,0
2024-08-18 08:00:00,HAM_001,HAM_001_ROBOT_1,23,11.44,0.9843,1,0,0.53,5.03,0
2024-08-18 09:00:00,MUC_001,MUC_001_ROBOT_1,30,9.8,0.9679,1,0,1.69,4.52,0
2024-08-18 09:00:00,BER_001,BER_001_ROBOT_1,20,10.31,0.9512,0,0,0.77,4.55,0
2024-08-18 09:00:00,HAM_001,HAM_001_ROBOT_1,10,9.31,0.9635,2,0,1.86,4.69,0
2024-08-18 10:00:00,MUC_001,MUC_001_ROBOT_1,22,8.34,0.9864,0,0,0.52,5.95,0
2024-08-18 10:00:00,BER_001,BER_001_ROBOT_1,21,8.06,0.9837,2,0,1.26,4.61,0
2024-08-18 10:00:00,HAM_001,HAM_001_ROBOT_1,12,11.38,0.9633,1,0,1.03,5.14,0
2024-08-18 11:00:00,MUC_001,MUC_001_ROBOT_1,19,9.65,0.9888,0,0,0.66,5.2,0
2024-08-18 11:00:00,BER_001,BER_001_ROBOT_1,23,11.59,0.9746,1,0,1.62,5.27,0
2024-08-18 11:00:00,HAM_001,HAM_001_ROBOT_1,27,9.92,0.9879,2,0,1.83,4.53,0
2024-08-18 12:00:00,MUC_001,MUC_001_ROBOT_1,2,8.77,0.7483,3,60,0.96,5.15,1
2024-08-18 12:00:00,BER_001,BER_001_ROBOT_1,3,8.27,0.7171,8,19,1.05,5.45,1
2024-08-18 12:00:00,HAM_001,HAM_001_ROBOT_1,11,10.34,0.9864,0,0,1.35,4.18,0
2024-08-18 13:00:00,MUC_001,MUC_001_ROBOT_1,27,8.29,0.9735,2,0,1.63,5.33,0
2024-08-18 13:00:00,BER_001,BER_001_ROBOT_1,17,11.93,0.9822,2,0,1.0,5.18,0
2024-08-18 13:00:00,HAM_001,HAM_001_ROBOT_1,21,9.15,0.9524,1,0,1.61,6.0,0
2024-08-18 14:00:00,MUC_001,MUC_001_ROBOT_1,17,9.95,0.9866,2,0,1.74,5.38,0
2024-08-18 14:00:00,BER_001,BER_001_ROBOT_1,14,10.24,0.9646,0,0,1.89,4.46,0
2024-08-18 14:00:00,HAM_001,HAM_001_ROBOT_1,12,11.92,0.973,2,0,1.4,5.17,0
2024-08-18 15:00:00,MUC_001,MUC_001_ROBOT_1,11,11.93,0.9869,0,0,1.71,4.01,0
2024-08-18 15:00:00,BER_001,BER_001_ROBOT_1,16,10.16,0.979,1,0,1.6,5.73,0
2024-08-18 15:00:00,HAM_001,HAM_001_ROBOT_1,12,8.76,0.9524,1,0,1.78,4.01,0
2024-08-18 16:00:00,MUC_001,MUC_001_ROBOT_1,25,8.41,0.9625,2,0,1.05,4.61,0
2024-08-18 16:00:00,BER_001,BER_001_ROBOT_1,27,8.42,0.9788,0,0,0.98,5.48,0
2024-08-18 16:00:00,HAM_001,HAM_001_ROBOT_1,10,8.38,0.9862,0,0,0.83,5.91,0
2024-08-18 17:00:00,MUC_001,MUC_001_ROBOT_1,30,11.81,0.9828,1,0,1.98,4.04,0
2024-08-18 17:00:00,BER_001,BER_001_ROBOT_1,27,11.4,0.9616,0,0,1.26,4.16,0
2024-08-18 17:00:00,HAM_001,HAM_001_ROBOT_1,13,8.31,0.9775,1,0,1.36,4.18,0
2024-08-18 18:00:00,MUC_001,MUC_001_ROBOT_1,28,10.33,0.9639,1,0,2.0,4.08,0
2024-08-18 18:00:00,BER_001,BER_001_ROBOT_1,30,9.23,0.9797,0,0,0.92,4.46,0
2024-08-18 18:00:00,HAM_001,HAM_001_ROBOT_1,23,11.37,0.9824,0,0,1.11,5.79,0
2024-08-18 19:00:00,MUC_001,MUC_001_ROBOT_1,17,8.6,0.9751,2,0,0.94,4.66,0
2024-08-18 19:00:00,BER_001,BER_001_ROBOT_1,10,9.28,0.9631,2,0,1.04,4.71,0
2024-08-18 19:00:00,HAM_001,HAM_001_ROBOT_1,16,8.85,0.9892,0,0,0.82,4.24,0
2024-08-18 20:00:00,MUC_001,MUC_001_ROBOT_1,17,10.88,0.9742,1,0,1.6,4.3,0
2024-08-18 20:00:00,BER_001,BER_001_ROBOT_1,11,8.04,0.9721,2,0,1.62,5.43,0
2024-08-18 20:00:00,HAM_001,HAM_001_ROBOT_1,14,10.58,0.9691,2,0,1.55,4.53,0
2024-08-18 21:00:00,MUC_001,MUC_001_ROBOT_1,27,11.16,0.9623,2,0,2.0,5.62,0
2024-08-18 21:00:00,BER_001,BER_001_ROBOT_1,21,9.49,0.9845,0,0,0.76,4.05,0
2024-08-18 21:00:00,HAM_001,HAM_001_ROBOT_1,28,9.52,0.9523,0,0,1.68,4.92,0
2024-08-18 22:00:00,MUC_001,MUC_001_ROBOT_1,23,10.34,0.9834,0,0,0.78,5.62,0
2024-08-18 22:00:00,BER_001,BER_001_ROBOT_1,11,8.29,0.9655,2,0,1.4,4.55,0
2024-08-18 22:00:00,HAM_001,HAM_001_ROBOT_1,1,11.43,0.7756,4,45,1.43,5.65,1
2024-08-18 23:00:00,MUC_001,MUC_001_ROBOT_1,12,9.9,0.9606,0,0,0.97,4.91,0
2024-08-18 23:00:00,BER_001,BER_001_ROBOT_1,22,8.13,0.9593,2,0,1.96,4.95,0
2024-08-18 23:00:00,HAM_001,HAM_001_ROBOT_1,16,8.81,0.9826,1,0,1.34,4.89,0
2024-08-19 00:00:00,MUC_001,MUC_001_ROBOT_1,17,10.28,0.9788,1,0,1.08,4.12,0
2024-08-19 00:00:00,BER_001,BER_001_ROBOT_1,24,11.53,0.987,1,0,1.95,4.67,0
2024-08-19 00:00:00,HAM_001,HAM_001_ROBOT_1,4,9.31,0.799,3,15,0.97,4.95,1
2024-08-19 01:00:00,MUC_001,MUC_001_ROBOT_1,13,10.22,0.9809,2,0,0.79,5.96,0
2024-08-19 01:00:00,BER_001,BER_001_ROBOT_1,11,9.98,0.979,1,0,1.53,4.76,0
2024-08-19 01:00:00,HAM_001,HAM_001_ROBOT_1,18,11.59,0.9817,0,0,1.95,4.79,0
2024-08-19 02:00:00,MUC_001,MUC_001_ROBOT_1,10,8.09,0.9828,1,0,0.85,5.47,0
2024-08-19 02:00:00,BER_001,BER_001_ROBOT_1,20,9.29,0.9783,2,0,0.52,5.67,0
2024-08-19 02:00:00,HAM_001,HAM_001_ROBOT_1,16,9.79,0.9834,2,0,1.65,5.71,0
2024-08-19 03:00:00,MUC_001,MUC_001_ROBOT_1,10,8.22,0.9812,1,0,1.83,5.5,0
2024-08-19 03:00:00,BER_001,BER_001_ROBOT_1,24,11.11,0.9789,1,0,0.57,5.4,0
2024-08-19 03:00:00,HAM_001,HAM_001_ROBOT_1,20,11.64,0.9753,0,0,0.8,5.18,0
2024-08-19 04:00:00,MUC_001,MUC_001_ROBOT_1,25,8.18,0.9558,1,0,1.75,4.16,0
2024-08-19 04:00:00,BER_001,BER_001_ROBOT_1,19,8.43,0.9868,0,0,1.01,5.02,0
2024-08-19 04:00:00,HAM_001,HAM_001_ROBOT_1,12,11.25,0.9746,0,0,0.91,5.1,0
2024-08-19 05:00:00,MUC_001,MUC_001_ROBOT_1,14,8.37,0.9574,1,0,1.23,5.88,0
2024-08-19 05:00:00,BER_001,BER_001_ROBOT_1,22,11.97,0.9587,0,0,1.16,5.54,0
2024-08-19 05:00:00,HAM_001,HAM_001_ROBOT_1,30,10.65,0.9599,0,0,0.99,4.8,0
2024-08-19 06:00:00,MUC_001,MUC_001_ROBOT_1,29,9.52,0.9625,2,0,1.95,5.66,0
2024-08-19 06:00:00,BER_001,BER_001_ROBOT_1,30,9.57,0.9713,2,0,0.51,5.86,0
2024-08-19 06:00:00,HAM_001,HAM_001_ROBOT_1,23,8.11,0.958,2,0,0.59,5.14,0
2024-08-19 07:00:00,MUC_001,MUC_001_ROBOT_1,17,11.62,0.9507,1,0,0.61,4.85,0
2024-08-19 07:00:00,BER_001,BER_001_ROBOT_1,24,9.58,0.9832,2,0,0.86,4.83,0
2024-08-19 07:00:00,HAM_001,HAM_001_ROBOT_1,30,9.79,0.9855,0,0,0.78,4.12,0
2024-08-19 08:00:00,MUC_001,MUC_001_ROBOT_1,26,9.09,0.9704,1,0,1.65,5.43,0
2024-08-19 08:00:00,BER_001,BER_001_ROBOT_1,13,9.19,0.9872,0,0,0.8,4.49,0
2024-08-19 08:00:00,HAM_001,HAM_001_ROBOT_1,23,10.57,0.9638,1,0,0.6,5.13,0
2024-08-19 09:00:00,MUC_001,MUC_001_ROBOT_1,20,10.77,0.9771,2,0,1.82,5.77,0
2024-08-19 09:00:00,BER_001,BER_001_ROBOT_1,12,8.57,0.9506,2,0,0.71,4.2,0
2024-08-19 09:00:00,HAM_001,HAM_001_ROBOT_1,15,9.7,0.9724,2,0,1.9,4.13,0
2024-08-19 10:00:00,MUC_001,MUC_001_ROBOT_1,27,10.41,0.9725,0,0,0.77,4.16,0
2024-08-19 10:00:00,BER_001,BER_001_ROBOT_1,17,9.33,0.9731,1,0,1.31,4.12,0
2024-08-19 10:00:00,HAM_001,HAM_001_ROBOT_1,22,9.79,0.9875,1,0,1.06,5.32,0
2024-08-19 11:00:00,MUC_001,MUC_001_ROBOT_1,28,10.21,0.9579,2,0,1.65,5.87,0
2024-08-19 11:00:00,BER_001,BER_001_ROBOT_1,27,11.85,0.9546,1,0,1.07,4.61,0
2024-08-19 11:00:00,HAM_001,HAM_001_ROBOT_1,20,11.25,0.9754,2,0,0.97,5.31,0
2024-08-19 12:00:00,MUC_001,MUC_001_ROBOT_1,30,11.26,0.9839,2,0,0.55,5.86,0
2024-08-19 12:00:00,BER_001,BER_001_ROBOT_1,27,8.09,0.9783,1,0,1.14,5.08,0
2024-08-19 12:00:00,HAM_001,HAM_001_ROBOT_1,18,8.83,0.9756,2,0,0.84,5.68,0
2024-08-19 13:00:00,MUC_001,MUC_001_ROBOT_1,19,8.29,0.9834,0,0,1.52,5.57,0
2024-08-19 13:00:00,BER_001,BER_001_ROBOT_1,19,9.9,0.9712,1,0,1.95,5.65,0
2024-08-19 13:00:00,HAM_001,HAM_001_ROBOT_1,26,10.49,0.9827,2,0,1.84,5.24,0
2024-08-19 14:00:00,MUC_001,MUC_001_ROBOT_1,12,9.23,0.9886,1,0,1.76,5.0,0
2024-08-19 14:00:00,BER_001,BER_001_ROBOT_1,14,8.75,0.9691,1,0,0.58,5.87,0
2024-08-19 14:00:00,HAM_001,HAM_001_ROBOT_1,19,10.61,0.9897,2,0,1.2,5.29,0
2024-08-19 15:00:00,MUC_001,MUC_001_ROBOT_1,19,11.98,0.9655,0,0,0.66,4.17,0
2024-08-19 15:00:00,BER_001,BER_001_ROBOT_1,23,11.77,0.9672,0,0,1.34,4.28,0
2024-08-19 15:00:00,HAM_001,HAM_001_ROBOT_1,12,11.41,0.969,1,0,1.03,5.4,0
2024-08-19 16:00:00,MUC_001,MUC_001_ROBOT_1,25,11.08,0.9717,1,0,1.75,5.13,0
2024-08-19 16:00:00,BER_001,BER_001_ROBOT_1,25,9.9,0.9738,2,0,0.81,5.76,0
2024-08-19 16:00:00,HAM_001,HAM_001_ROBOT_1,27,9.48,0.9633,1,0,1.01,5.37,0
2024-08-19 17:00:00,MUC_001,MUC_001_ROBOT_1,27,8.05,0.9626,2,0,1.68,4.99,0
2024-08-19 17:00:00,BER_001,BER_001_ROBOT_1,26,9.33,0.9711,0,0,0.79,4.36,0
2024-08-19 17:00:00,HAM_001,HAM_001_ROBOT_1,15,11.17,0.959,1,0,1.66,4.81,0
2024-08-19 18:00:00,MUC_001,MUC_001_ROBOT_1,26,8.13,0.9515,2,0,0.6,5.81,0
2024-08-19 18:00:00,BER_001,BER_001_ROBOT_1,15,11.86,0.9686,1,0,1.75,5.57,0
2024-08-19 18:00:00,HAM_001,HAM_001_ROBOT_1,10,8.84,0.9697,1,0,0.52,5.59,0
2024-08-19 19:00:00,MUC_001,MUC_001_ROBOT_1,13,8.9,0.9717,2,0,0.63,4.19,0
2024-08-19 19:00:00,BER_001,BER_001_ROBOT_1,22,9.39,0.9715,0,0,0.52,5.25,0
2024-08-19 19:00:00,HAM_001,HAM_001_ROBOT_1,18,8.22,0.984,1,0,1.27,4.38,0
2024-08-19 20:00:00,MUC_001,MUC_001_ROBOT_1,11,9.28,0.9527,0,0,1.44,5.25,0
2024-08-19 20:00:00,BER_001,BER_001_ROBOT_1,24,10.57,0.9603,2,0,1.24,4.38,0
2024-08-19 20:00:00,HAM_001,HAM_001_ROBOT_1,10,10.1,0.9594,0,0,1.31,4.83,0
2024-08-19 21:00:00,MUC_001,MUC_001_ROBOT_1,24,10.3,0.9613,0,0,1.72,5.07,0
2024-08-19 21:00:00,BER_001,BER_001_ROBOT_1,12,11.19,0.9883,1,0,0.79,5.35,0
2024-08-19 21:00:00,HAM_001,HAM_001_ROBOT_1,27,9.68,0.9546,2,0,0.94,5.72,0
2024-08-19 22:00:00,MUC_001,MUC_001_ROBOT_1,13,8.8,0.9663,1,0,1.17,4.57,0
2024-08-19 22:00:00,BER_001,BER_001_ROBOT_1,14,11.39,0.9847,2,0,1.1,5.72,0
2024-08-19 22:00:00,HAM_001,HAM_001_ROBOT_1,18,11.61,0.9565,0,0,1.99,4.55,0
2024-08-19 23:00:00,MUC_001,MUC_001_ROBOT_1,17,9.08,0.9799,0,0,1.11,4.1,0
2024-08-19 23:00:00,BER_001,BER_001_ROBOT_1,25,8.15,0.9542,2,0,1.01,4.06,0
2024-08-19 23:00:00,HAM_001,HAM_001_ROBOT_1,14,10.23,0.9687,0,0,1.49,5.75,0
2024-08-20 00:00:00,MUC_001,MUC_001_ROBOT_1,30,9.47,0.9722,1,0,1.11,5.13,0
2024-08-20 00:00:00,BER_001,BER_001_ROBOT_1,25,9.92,0.9557,2,0,1.65,5.39,0
2024-08-20 00:00:00,HAM_001,HAM_001_ROBOT_1,20,8.23,0.9725,2,0,0.72,4.45,0
2024-08-20 01:00:00,MUC_001,MUC_001_ROBOT_1,13,11.36,0.9593,0,0,1.63,5.24,0
2024-08-20 01:00:00,BER_001,BER_001_ROBOT_1,29,11.36,0.9776,2,0,1.28,5.8,0
2024-08-20 01:00:00,HAM_001,HAM_001_ROBOT_1,12,9.14,0.9713,1,0,0.83,4.5,0
2024-08-20 02:00:00,MUC_001,MUC_001_ROBOT_1,30,10.76,0.9888,1,0,1.14,4.79,0
2024-08-20 02:00:00,BER_001,BER_001_ROBOT_1,18,8.16,0.9837,0,0,0.89,5.15,0
2024-08-20 02:00:00,HAM_001,HAM_001_ROBOT_1,18,9.22,0.972,1,0,0.5,4.49,0
2024-08-20 03:00:00,MUC_001,MUC_001_ROBOT_1,24,11.65,0.9651,2,0,1.44,4.61,0
2024-08-20 03:00:00,BER_001,BER_001_ROBOT_1,20,9.77,0.9604,2,0,1.45,4.15,0
2024-08-20 03:00:00,HAM_001,HAM_001_ROBOT_1,28,11.76,0.9721,1,0,0.92,4.3,0
2024-08-20 04:00:00,MUC_001,MUC_001_ROBOT_1,24,11.26,0.9512,2,0,0.84,5.41,0
2024-08-20 04:00:00,BER_001,BER_001_ROBOT_1,27,8.81,0.9844,0,0,0.67,4.06,0
2024-08-20 04:00:00,HAM_001,HAM_001_ROBOT_1,20,11.5,0.9508,2,0,1.68,5.32,0
2024-08-20 05:00:00,MUC_001,MUC_001_ROBOT_1,16,10.39,0.9585,0,0,0.95,4.84,0
2024-08-20 05:00:00,BER_001,BER_001_ROBOT_1,30,11.07,0.9626,0,0,1.09,4.8,0
2024-08-20 05:00:00,HAM_001,HAM_001_ROBOT_1,28,11.7,0.9599,2,0,1.21,5.45,0
2024-08-20 06:00:00,MUC_001,MUC_001_ROBOT_1,11,8.41,0.96,1,0,1.81,4.43,0
2024-08-20 06:00:00,BER_001,BER_001_ROBOT_1,15,8.6,0.9611,1,0,0.57,5.07,0
2024-08-20 06:00:00,HAM_001,HAM_001_ROBOT_1,29,9.35,0.9768,1,0,0.98,4.09,0
2024-08-20 07:00:00,MUC_001,MUC_001_ROBOT_1,23,10.38,0.9854,0,0,1.14,4.17,0
2024-08-20 07:00:00,BER_001,BER_001_ROBOT_1,20,11.52,0.9718,0,0,0.99,5.09,0
2024-08-20 07:00:00,HAM_001,HAM_001_ROBOT_1,22,11.85,0.9508,2,0,1.73,5.26,0
2024-08-20 08:00:00,MUC_001,MUC_001_ROBOT_1,20,11.47,0.9708,2,0,1.48,5.21,0
2024-08-20 08:00:00,BER_001,BER_001_ROBOT_1,14,10.18,0.9886,2,0,0.84,4.84,0
2024-08-20 08:00:00,HAM_001,HAM_001_ROBOT_1,22,11.31,0.9691,0,0,0.54,5.49,0
2024-08-20 09:00:00,MUC_001,MUC_001_ROBOT_1,16,9.47,0.968,1,0,1.67,5.29,0
2024-08-20 09:00:00,BER_001,BER_001_ROBOT_1,14,10.5,0.9822,2,0,0.89,5.97,0
2024-08-20 09:00:00,HAM_001,HAM_001_ROBOT_1,17,8.3,0.9848,1,0,1.95,4.39,0
2024-08-20 10:00:00,MUC_001,MUC_001_ROBOT_1,28,11.06,0.9707,2,0,0.62,5.18,0
2024-08-20 10:00:00,BER_001,BER_001_ROBOT_1,13,11.59,0.9759,1,0,1.88,5.69,0
2024-08-20 10:00:00,HAM_001,HAM_001_ROBOT_1,27,11.27,0.976,1,0,1.0,5.47,0
2024-08-20 11:00:00,MUC_001,MUC_001_ROBOT_1,24,11.81,0.9797,2,0,1.63,5.59,0
2024-08-20 11:00:00,BER_001,BER_001_ROBOT_1,15,9.81,0.9899,0,0,1.47,4.22,0
2024-08-20 11:00:00,HAM_001,HAM_001_ROBOT_1,30,10.37,0.961,2,0,1.35,4.01,0
2024-08-20 12:00:00,MUC_001,MUC_001_ROBOT_1,28,11.2,0.9703,2,0,1.08,4.8,0
2024-08-20 12:00:00,BER_001,BER_001_ROBOT_1,10,8.3,0.9518,2,0,1.38,4.55,0
2024-08-20 12:00:00,HAM_001,HAM_001_ROBOT_1,29,9.53,0.9662,0,0,1.01,4.56,0
2024-08-20 13:00:00,MUC_001,MUC_001_ROBOT_1,13,8.92,0.9537,0,0,0.85,4.05,0
2024-08-20 13:00:00,BER_001,BER_001_ROBOT_1,19,10.51,0.974,0,0,1.53,5.66,0
2024-08-20 13:00:00,HAM_001,HAM_001_ROBOT_1,22,8.63,0.9637,1,0,1.25,4.5,0
2024-08-20 14:00:00,MUC_001,MUC_001_ROBOT_1,29,11.99,0.9516,1,0,0.68,5.53,0
2024-08-20 14:00:00,BER_001,BER_001_ROBOT_1,14,10.83,0.9888,0,0,1.33,4.72,0
2024-08-20 14:00:00,HAM_001,HAM_001_ROBOT_1,23,9.76,0.9816,1,0,1.38,5.6,0
2024-08-20 15:00:00,MUC_001,MUC_001_ROBOT_1,23,9.84,0.9638,2,0,0.52,4.28,0
2024-08-20 15:00:00,BER_001,BER_001_ROBOT_1,20,10.42,0.9802,1,0,1.45,4.5,0
2024-08-20 15:00:00,HAM_001,HAM_001_ROBOT_1,20,10.3,0.9846,0,0,1.37,5.63,0
2024-08-20 16:00:00,MUC_001,MUC_001_ROBOT_1,19,9.64,0.961,0,0,1.92,4.09,0
2024-08-20 16:00:00,BER_001,BER_001_ROBOT_1,20,10.98,0.9684,0,0,1.6,4.11,0
2024-08-20 16:00:00,HAM_001,HAM_001_ROBOT_1,11,8.11,0.973,0,0,1.71,4.16,0
2024-08-20 17:00:00,MUC_001,MUC_001_ROBOT_1,24,10.49,0.9823,1,0,1.79,4.78,0
2024-08-20 17:00:00,BER_001,BER_001_ROBOT_1,19,10.14,0.9525,2,0,0.81,4.81,0
2024-08-20 17:00:00,HAM_001,HAM_001_ROBOT_1,25,9.29,0.9627,0,0,1.44,5.34,0
2024-08-20 18:00:00,MUC_001,MUC_001_ROBOT_1,29,8.79,0.9765,1,0,0.6,5.49,0
2024-08-20 18:00:00,BER_001,BER_001_ROBOT_1,30,10.69,0.9764,0,0,0.66,5.48,0
2024-08-20 18:00:00,HAM_001,HAM_001_ROBOT_1,22,10.0,0.953,2,0,0.9,4.39,0
2024-08-20 19:00:00,MUC_001,MUC_001_ROBOT_1,23,11.57,0.956,2,0,1.77,4.4,0
2024-08-20 19:00:00,BER_001,BER_001_ROBOT_1,30,11.27,0.9546,0,0,1.91,5.41,0
2024-08-20 19:00:00,HAM_001,HAM_001_ROBOT_1,14,11.08,0.9575,0,0,0.83,4.22,0
2024-08-20 20:00:00,MUC_001,MUC_001_ROBOT_1,30,10.16,0.9887,2,0,1.01,4.94,0
2024-08-20 20:00:00,BER_001,BER_001_ROBOT_1,29,11.34,0.9627,1,0,0.72,5.22,0
2024-08-20 20:00:00,HAM_001,HAM_001_ROBOT_1,26,11.91,0.9847,1,0,1.64,4.93,0
2024-08-20 21:00:00,MUC_001,MUC_001_ROBOT_1,25,9.44,0.9871,0,0,0.91,4.83,0
2024-08-20 21:00:00,BER_001,BER_001_ROBOT_1,5,9.94,0.7855,5,48,0.93,4.2,1
2024-08-20 21:00:00,HAM_001,HAM_001_ROBOT_1,12,9.01,0.9863,0,0,1.97,5.35,0
2024-08-20 22:00:00,MUC_001,MUC_001_ROBOT_1,29,11.06,0.9797,2,0,1.79,5.5,0
2024-08-20 22:00:00,BER_001,BER_001_ROBOT_1,11,8.99,0.9501,0,0,0.78,4.83,0
2024-08-20 22:00:00,HAM_001,HAM_001_ROBOT_1,27,8.35,0.9559,2,0,1.45,5.4,0
2024-08-20 23:00:00,MUC_001,MUC_001_ROBOT_1,25,11.57,0.9683,1,0,1.23,4.9,0
2024-08-20 23:00:00,BER_001,BER_001_ROBOT_1,5,10.79,0.7616,5,39,1.83,5.73,1
2024-08-20 23:00:00,HAM_001,HAM_001_ROBOT_1,30,11.57,0.9809,2,0,0.67,5.49,0
2024-08-21 00:00:00,MUC_001,MUC_001_ROBOT_1,21,8.93,0.9602,2,0,1.96,5.63,0
2024-08-21 00:00:00,BER_001,BER_001_ROBOT_1,25,11.35,0.9812,2,0,1.37,5.92,0
2024-08-21 00:00:00,HAM_001,HAM_001_ROBOT_1,30,8.02,0.9846,1,0,0.61,4.04,0
2024-08-21 01:00:00,MUC_001,MUC_001_ROBOT_1,17,8.29,0.9762,0,0,0.57,4.25,0
2024-08-21 01:00:00,BER_001,BER_001_ROBOT_1,12,9.28,0.958,0,0,0.75,4.38,0
2024-08-21 01:00:00,HAM_001,HAM_001_ROBOT_1,18,10.9,0.9506,1,0,0.77,4.01,0
2024-08-21 02:00:00,MUC_001,MUC_001_ROBOT_1,18,11.4,0.9564,1,0,1.94,5.38,0
2024-08-21 02:00:00,BER_001,BER_001_ROBOT_1,24,10.62,0.981,1,0,0.8,5.78,0
2024-08-21 02:00:00,HAM_001,HAM_001_ROBOT_1,20,11.93,0.9729,0,0,0.73,4.46,0
2024-08-21 03:00:00,MUC_001,MUC_001_ROBOT_1,27,10.07,0.9847,2,0,1.86,4.74,0
2024-08-21 03:00:00,BER_001,BER_001_ROBOT_1,20,10.85,0.9887,0,0,1.07,5.5,0
2024-08-21 03:00:00,HAM_001,HAM_001_ROBOT_1,30,8.92,0.9858,1,0,0.94,4.3,0
2024-08-21 04:00:00,MUC_001,MUC_001_ROBOT_1,16,8.07,0.9683,1,0,0.72,5.72,0
2024-08-21 04:00:00,BER_001,BER_001_ROBOT_1,20,10.05,0.9816,1,0,1.05,4.71,0
2024-08-21 04:00:00,HAM_001,HAM_001_ROBOT_1,25,8.88,0.9556,0,0,1.95,5.69,0
2024-08-21 05:00:00,MUC_001,MUC_001_ROBOT_1,22,11.8,0.9792,2,0,1.35,4.93,0
2024-08-21 05:00:00,BER_001,BER_001_ROBOT_1,19,10.2,0.9873,1,0,1.09,4.96,0
2024-08-21 05:00:00,HAM_001,HAM_001_ROBOT_1,18,9.82,0.9829,1,0,0.6,5.04,0
2024-08-21 06:00:00,MUC_001,MUC_001_ROBOT_1,21,10.63,0.9804,1,0,1.92,4.93,0
2024-08-21 06:00:00,BER_001,BER_001_ROBOT_1,20,10.77,0.9874,0,0,1.47,5.57,0
2024-08-21 06:00:00,HAM_001,HAM_001_ROBOT_1,26,8.7,0.9799,1,0,0.84,5.44,0
2024-08-21 07:00:00,MUC_001,MUC_001_ROBOT_1,25,10.67,0.9706,1,0,1.42,4.5,0
2024-08-21 07:00:00,BER_001,BER_001_ROBOT_1,24,10.09,0.9711,1,0,0.99,5.48,0
2024-08-21 07:00:00,HAM_001,HAM_001_ROBOT_1,12,8.25,0.9826,2,0,0.83,5.37,0
2024-08-21 08:00:00,MUC_001,MUC_001_ROBOT_1,14,9.72,0.9555,1,0,0.58,4.57,0
2024-08-21 08:00:00,BER_001,BER_001_ROBOT_1,17,11.23,0.9561,0,0,1.23,4.18,0
2024-08-21 08:00:00,HAM_001,HAM_001_ROBOT_1,30,11.06,0.9748,1,0,0.63,4.23,0
2024-08-21 09:00:00,MUC_001,MUC_001_ROBOT_1,12,9.41,0.9848,0,0,1.72,5.57,0
2024-08-21 09:00:00,BER_001,BER_001_ROBOT_1,25,10.43,0.9829,1,0,0.65,5.66,0
2024-08-21 09:00:00,HAM_001,HAM_001_ROBOT_1,11,8.59,0.9766,0,0,0.66,5.14,0
2024-08-21 10:00:00,MUC_001,MUC_001_ROBOT_1,12,10.68,0.9614,2,0,1.11,5.21,0
2024-08-21 10:00:00,BER_001,BER_001_ROBOT_1,16,11.57,0.9866,2,0,1.58,4.5,0
2024-08-21 10:00:00,HAM_001,HAM_001_ROBOT_1,21,10.24,0.9772,0,0,0.59,4.21,0
2024-08-21 11:00:00,MUC_001,MUC_001_ROBOT_1,23,10.81,0.9843,0,0,0.7,4.46,0
2024-08-21 11:00:00,BER_001,BER_001_ROBOT_1,23,10.4,0.9755,0,0,1.44,5.23,0
2024-08-21 11:00:00,HAM_001,HAM_001_ROBOT_1,17,10.16,0.9624,2,0,1.26,5.77,0
2024-08-21 12:00:00,MUC_001,MUC_001_ROBOT_1,22,9.56,0.9578,2,0,1.04,5.17,0
2024-08-21 12:00:00,BER_001,BER_001_ROBOT_1,19,9.84,0.9657,2,0,1.62,4.54,0
2024-08-21 12:00:00,HAM_001,HAM_001_ROBOT_1,10,8.07,0.9514,0,0,0.96,5.14,0
2024-08-21 13:00:00,MUC_001,MUC_001_ROBOT_1,22,10.78,0.9837,2,0,1.39,6.0,0
2024-08-21 13:00:00,BER_001,BER_001_ROBOT_1,30,9.8,0.9727,0,0,0.93,5.56,0
2024-08-21 13:00:00,HAM_001,HAM_001_ROBOT_1,14,9.25,0.9694,1,0,1.86,5.12,0
2024-08-21 14:00:00,MUC_001,MUC_001_ROBOT_1,18,11.79,0.9664,1,0,0.94,5.38,0
2024-08-21 14:00:00,BER_001,BER_001_ROBOT_1,11,11.99,0.9538,0,0,1.27,5.57,0
2024-08-21 14:00:00,HAM_001,HAM_001_ROBOT_1,20,11.76,0.9775,0,0,1.91,5.42,0
2024-08-21 15:00:00,MUC_001,MUC_001_ROBOT_1,21,9.38,0.9706,1,0,0.77,5.88,0
2024-08-21 15:00:00,BER_001,BER_001_ROBOT_1,10,11.64,0.9734,0,0,0.96,5.81,0
2024-08-21 15:00:00,HAM_001,HAM_001_ROBOT_1,0,10.69,0.7594,7,20,1.57,5.95,1
2024-08-21 16:00:00,MUC_001,MUC_001_ROBOT_1,24,8.9,0.9767,1,0,1.38,5.07,0
2024-08-21 16:00:00,BER_001,BER_001_ROBOT_1,18,10.62,0.9579,0,0,1.52,5.91,0
2024-08-21 16:00:00,HAM_001,HAM_001_ROBOT_1,16,9.95,0.9825,1,0,0.95,4.35,0
2024-08-21 17:00:00,MUC_001,MUC_001_ROBOT_1,21,9.12,0.9513,1,0,0.58,4.49,0
2024-08-21 17:00:00,BER_001,BER_001_ROBOT_1,27,8.76,0.9524,0,0,0.53,5.77,0
2024-08-21 17:00:00,HAM_001,HAM_001_ROBOT_1,30,8.5,0.967,1,0,1.58,4.69,0
2024-08-21 18:00:00,MUC_001,MUC_001_ROBOT_1,10,11.51,0.9811,1,0,1.81,5.02,0
2024-08-21 18:00:00,BER_001,BER_001_ROBOT_1,27,11.47,0.9771,1,0,1.88,5.6,0
2024-08-21 18:00:00,HAM_001,HAM_001_ROBOT_1,29,11.75,0.9523,1,0,1.24,5.89,0
2024-08-21 19:00:00,MUC_001,MUC_001_ROBOT_1,26,11.46,0.9813,0,0,1.21,4.65,0
2024-08-21 19:00:00,BER_001,BER_001_ROBOT_1,17,11.07,0.9566,1,0,1.38,4.74,0
2024-08-21 19:00:00,HAM_001,HAM_001_ROBOT_1,22,11.01,0.9656,1,0,1.87,4.52,0
2024-08-21 20:00:00,MUC_001,MUC_001_ROBOT_1,14,8.28,0.9686,2,0,1.78,5.68,0
2024-08-21 20:00:00,BER_001,BER_001_ROBOT_1,5,10.82,0.783,4,48,0.87,5.03,1
2024-08-21 20:00:00,HAM_001,HAM_001_ROBOT_1,23,8.89,0.9818,2,0,1.96,4.48,0
2024-08-21 21:00:00,MUC_001,MUC_001_ROBOT_1,18,9.15,0.9622,0,0,1.92,4.61,0
2024-08-21 21:00:00,BER_001,BER_001_ROBOT_1,23,9.86,0.9631,0,0,1.6,5.61,0
2024-08-21 21:00:00,HAM_001,HAM_001_ROBOT_1,29,9.38,0.9878,0,0,1.04,4.42,0
2024-08-21 22:00:00,MUC_001,MUC_001_ROBOT_1,23,10.08,0.9779,2,0,1.97,4.35,0
2024-08-21 22:00:00,BER_001,BER_001_ROBOT_1,16,11.98,0.9825,1,0,1.26,4.03,0
2024-08-21 22:00:00,HAM_001,HAM_001_ROBOT_1,10,11.29,0.9836,0,0,1.44,5.79,0
2024-08-21 23:00:00,MUC_001,MUC_001_ROBOT_1,14,10.83,0.9703,1,0,1.1,5.25,0
2024-08-21 23:00:00,BER_001,BER_001_ROBOT_1,23,8.45,0.977,2,0,1.94,5.51,0
2024-08-21 23:00:00,HAM_001,HAM_001_ROBOT_1,21,8.58,0.9657,2,0,1.36,5.61,0
2024-08-22 00:00:00,MUC_001,MUC_001_ROBOT_1,17,8.38,0.9879,2,0,0.72,5.31,0
2024-08-22 00:00:00,BER_001,BER_001_ROBOT_1,27,8.69,0.9747,2,0,0.94,5.73,0
2024-08-22 00:00:00,HAM_001,HAM_001_ROBOT_1,20,8.81,0.9837,2,0,0.95,4.35,0
2024-08-22 01:00:00,MUC_001,MUC_001_ROBOT_1,26,10.18,0.9869,0,0,1.11,4.07,0
2024-08-22 01:00:00,BER_001,BER_001_ROBOT_1,22,8.36,0.9742,2,0,0.56,4.86,0
2024-08-22 01:00:00,HAM_001,HAM_001_ROBOT_1,23,10.44,0.958,1,0,1.78,5.64,0
2024-08-22 02:00:00,MUC_001,MUC_001_ROBOT_1,16,11.6,0.9686,1,0,1.32,5.05,0
2024-08-22 02:00:00,BER_001,BER_001_ROBOT_1,14,9.77,0.9551,2,0,0.51,4.01,0
2024-08-22 02:00:00,HAM_001,HAM_001_ROBOT_1,19,8.7,0.954,0,0,1.57,5.63,0
2024-08-22 03:00:00,MUC_001,MUC_001_ROBOT_1,16,11.69,0.9506,2,0,1.37,4.85,0
2024-08-22 03:00:00,BER_001,BER_001_ROBOT_1,30,9.22,0.9716,2,0,1.92,5.6,0
2024-08-22 03:00:00,HAM_001,HAM_001_ROBOT_1,12,10.68,0.9681,2,0,1.28,5.05,0
2024-08-22 04:00:00,MUC_001,MUC_001_ROBOT_1,29,10.11,0.9565,1,0,1.44,4.39,0
2024-08-22 04:00:00,BER_001,BER_001_ROBOT_1,10,11.01,0.9766,0,0,0.59,5.67,0
2024-08-22 04:00:00,HAM_001,HAM_001_ROBOT_1,21,11.41,0.9762,0,0,1.15,5.87,0
2024-08-22 05:00:00,MUC_001,MUC_001_ROBOT_1,29,11.15,0.975,0,0,1.87,4.2,0
2024-08-22 05:00:00,BER_001,BER_001_ROBOT_1,21,9.03,0.9548,1,0,1.87,5.82,0
2024-08-22 05:00:00,HAM_001,HAM_001_ROBOT_1,21,9.83,0.9867,1,0,1.28,4.78,0
2024-08-22 06:00:00,MUC_001,MUC_001_ROBOT_1,30,11.12,0.9782,0,0,1.63,5.16,0
2024-08-22 06:00:00,BER_001,BER_001_ROBOT_1,21,9.29,0.9681,2,0,1.98,5.64,0
2024-08-22 06:00:00,HAM_001,HAM_001_ROBOT_1,29,10.48,0.9584,2,0,1.42,5.25,0
2024-08-22 07:00:00,MUC_001,MUC_001_ROBOT_1,26,10.52,0.9679,1,0,0.72,5.71,0
2024-08-22 07:00:00,BER_001,BER_001_ROBOT_1,22,9.85,0.9775,2,0,1.01,5.0,0
2024-08-22 07:00:00,HAM_001,HAM_001_ROBOT_1,30,11.36,0.9855,2,0,1.64,4.89,0
2024-08-22 08:00:00,MUC_001,MUC_001_ROBOT_1,16,11.94,0.9581,0,0,1.15,4.06,0
2024-08-22 08:00:00,BER_001,BER_001_ROBOT_1,11,9.5,0.9667,0,0,0.91,5.37,0
2024-08-22 08:00:00,HAM_001,HAM_001_ROBOT_1,13,8.77,0.9688,2,0,1.3,4.24,0
2024-08-22 09:00:00,MUC_001,MUC_001_ROBOT_1,12,10.8,0.9556,0,0,1.5,5.53,0
2024-08-22 09:00:00,BER_001,BER_001_ROBOT_1,30,8.53,0.9597,2,0,1.34,5.68,0
2024-08-22 09:00:00,HAM_001,HAM_001_ROBOT_1,26,8.1,0.9607,0,0,1.82,4.14,0
2024-08-22 10:00:00,MUC_001,MUC_001_ROBOT_1,19,8.08,0.97,0,0,0.69,4.15,0
2024-08-22 10:00:00,BER_001,BER_001_ROBOT_1,27,8.61,0.9537,1,0,0.79,5.72,0
2024-08-22 10:00:00,HAM_001,HAM_001_ROBOT_1,22,10.35,0.9534,1,0,0.76,5.04,0
2024-08-22 11:00:00,MUC_001,MUC_001_ROBOT_1,27,9.07,0.9713,0,0,1.79,4.74,0
2024-08-22 11:00:00,BER_001,BER_001_ROBOT_1,18,10.43,0.9896,2,0,1.44,4.75,0
2024-08-22 11:00:00,HAM_001,HAM_001_ROBOT_1,23,10.68,0.9514,1,0,1.5,4.27,0
2024-08-22 12:00:00,MUC_001,MUC_001_ROBOT_1,21,8.53,0.9596,2,0,0.9,4.55,0
2024-08-22 12:00:00,BER_001,BER_001_ROBOT_1,10,8.85,0.9775,2,0,0.74,4.83,0
2024-08-22 12:00:00,HAM_001,HAM_001_ROBOT_1,27,11.85,0.9579,2,0,1.63,5.68,0
2024-08-22 13:00:00,MUC_001,MUC_001_ROBOT_1,10,9.39,0.9652,1,0,1.17,5.76,0
2024-08-22 13:00:00,BER_001,BER_001_ROBOT_1,20,11.32,0.9694,1,0,1.44,5.4,0
2024-08-22 13:00:00,HAM_001,HAM_001_ROBOT_1,29,11.35,0.9813,2,0,1.57,5.25,0
2024-08-22 14:00:00,MUC_001,MUC_001_ROBOT_1,11,9.36,0.9715,2,0,1.87,4.65,0
2024-08-22 14:00:00,BER_001,BER_001_ROBOT_1,22,8.81,0.9701,0,0,0.82,5.16,0
2024-08-22 14:00:00,HAM_001,HAM_001_ROBOT_1,26,8.89,0.9648,0,0,1.24,4.93,0
2024-08-22 15:00:00,MUC_001,MUC_001_ROBOT_1,13,8.79,0.9693,1,0,1.55,5.39,0
2024-08-22 15:00:00,BER_001,BER_001_ROBOT_1,12,9.73,0.9789,2,0,1.97,5.16,0
2024-08-22 15:00:00,HAM_001,HAM_001_ROBOT_1,1,9.68,0.8445,3,49,1.91,4.65,1
2024-08-22 16:00:00,MUC_001,MUC_001_ROBOT_1,22,11.82,0.974,0,0,1.27,4.08,0
2024-08-22 16:00:00,BER_001,BER_001_ROBOT_1,28,8.11,0.9833,2,0,1.12,5.04,0
2024-08-22 16:00:00,HAM_001,HAM_001_ROBOT_1,24,11.69,0.9614,1,0,0.73,5.99,0
2024-08-22 17:00:00,MUC_001,MUC_001_ROBOT_1,16,9.79,0.9598,0,0,1.42,5.07,0
2024-08-22 17:00:00,BER_001,BER_001_ROBOT_1,22,9.37,0.955,1,0,1.18,5.77,0
2024-08-22 17:00:00,HAM_001,HAM_001_ROBOT_1,25,11.3,0.951,1,0,1.35,5.25,0
2024-08-22 18:00:00,MUC_001,MUC_001_ROBOT_1,20,8.31,0.9669,1,0,1.88,4.53,0
2024-08-22 18:00:00,BER_001,BER_001_ROBOT_1,24,9.75,0.973,0,0,0.6,4.46,0
2024-08-22 18:00:00,HAM_001,HAM_001_ROBOT_1,15,11.06,0.9697,1,0,1.18,4.48,0
2024-08-22 19:00:00,MUC_001,MUC_001_ROBOT_1,12,11.13,0.9701,0,0,0.5,5.98,0
2024-08-22 19:00:00,BER_001,BER_001_ROBOT_1,30,8.02,0.9541,1,0,1.73,6.0,0
2024-08-22 19:00:00,HAM_001,HAM_001_ROBOT_1,15,11.43,0.9789,1,0,0.74,5.07,0
2024-08-22 20:00:00,MUC_001,MUC_001_ROBOT_1,18,9.76,0.9626,0,0,1.91,4.92,0
2024-08-22 20:00:00,BER_001,BER_001_ROBOT_1,10,11.21,0.9677,1,0,1.1,4.45,0
2024-08-22 20:00:00,HAM_001,HAM_001_ROBOT_1,21,11.63,0.9846,1,0,1.63,5.09,0
2024-08-22 21:00:00,MUC_001,MUC_001_ROBOT_1,16,10.71,0.9776,1,0,0.65,5.82,0
2024-08-22 21:00:00,BER_001,BER_001_ROBOT_1,25,9.04,0.9679,0,0,1.91,4.35,0
2024-08-22 21:00:00,HAM_001,HAM_001_ROBOT_1,24,8.12,0.9832,2,0,1.54,5.96,0
2024-08-22 22:00:00,MUC_001,MUC_001_ROBOT_1,14,8.56,0.9731,0,0,1.64,4.76,0
2024-08-22 22:00:00,BER_001,BER_001_ROBOT_1,4,8.5,0.7742,5,34,1.92,5.75,1
2024-08-22 22:00:00,HAM_001,HAM_001_ROBOT_1,18,8.73,0.9655,1,0,1.58,5.78,0
2024-08-22 23:00:00,MUC_001,MUC_001_ROBOT_1,14,8.03,0.9839,1,0,1.95,5.96,0
2024-08-22 23:00:00,BER_001,BER_001_ROBOT_1,25,10.07,0.9565,0,0,1.88,4.55,0
2024-08-22 23:00:00,HAM_001,HAM_001_ROBOT_1,14,9.04,0.9524,1,0,1.33,4.26,0
2024-08-23 00:00:00,MUC_001,MUC_001_ROBOT_1,13,11.58,0.9666,0,0,1.08,4.07,0
2024-08-23 00:00:00,BER_001,BER_001_ROBOT_1,15,9.61,0.9539,2,0,0.61,5.16,0
2024-08-23 00:00:00,HAM_001,HAM_001_ROBOT_1,13,11.53,0.9846,2,0,1.24,5.22,0
2024-08-23 01:00:00,MUC_001,MUC_001_ROBOT_1,1,9.35,0.7785,10,49,1.91,5.16,1
2024-08-23 01:00:00,BER_001,BER_001_ROBOT_1,15,8.15,0.956,1,0,1.81,4.81,0
2024-08-23 01:00:00,HAM_001,HAM_001_ROBOT_1,0,10.67,0.8404,6,50,0.61,5.42,1
2024-08-23 02:00:00,MUC_001,MUC_001_ROBOT_1,16,9.26,0.9611,0,0,1.54,5.56,0
2024-08-23 02:00:00,BER_001,BER_001_ROBOT_1,1,10.82,0.7355,10,47,0.94,4.55,1
2024-08-23 02:00:00,HAM_001,HAM_001_ROBOT_1,22,8.81,0.9638,0,0,0.7,5.6,0
2024-08-23 03:00:00,MUC_001,MUC_001_ROBOT_1,15,8.15,0.9551,0,0,0.59,5.17,0
2024-08-23 03:00:00,BER_001,BER_001_ROBOT_1,13,8.36,0.9646,0,0,1.93,4.39,0
2024-08-23 03:00:00,HAM_001,HAM_001_ROBOT_1,28,11.79,0.9606,1,0,1.82,4.17,0
2024-08-23 04:00:00,MUC_001,MUC_001_ROBOT_1,16,10.44,0.9633,1,0,1.54,5.78,0
2024-08-23 04:00:00,BER_001,BER_001_ROBOT_1,13,8.8,0.957,0,0,0.59,4.34,0
2024-08-23 04:00:00,HAM_001,HAM_001_ROBOT_1,16,8.39,0.9501,1,0,0.58,5.68,0
2024-08-23 05:00:00,MUC_001,MUC_001_ROBOT_1,16,11.37,0.9652,1,0,1.61,5.04,0
2024-08-23 05:00:00,BER_001,BER_001_ROBOT_1,0,8.46,0.776,4,28,1.59,5.31,1
2024-08-23 05:00:00,HAM_001,HAM_001_ROBOT_1,27,8.92,0.9838,1,0,0.67,4.93,0
2024-08-23 06:00:00,MUC_001,MUC_001_ROBOT_1,26,9.3,0.9799,2,0,0.6,4.8,0
2024-08-23 06:00:00,BER_001,BER_001_ROBOT_1,13,9.63,0.9629,2,0,0.82,5.11,0
2024-08-23 06:00:00,HAM_001,HAM_001_ROBOT_1,26,8.47,0.9811,1,0,1.11,5.05,0
2024-08-23 07:00:00,MUC_001,MUC_001_ROBOT_1,12,10.8,0.9602,0,0,1.01,4.36,0
2024-08-23 07:00:00,BER_001,BER_001_ROBOT_1,27,8.19,0.9776,1,0,1.09,4.92,0
2024-08-23 07:00:00,HAM_001,HAM_001_ROBOT_1,26,9.75,0.985,0,0,1.16,4.19,0
2024-08-23 08:00:00,MUC_001,MUC_001_ROBOT_1,15,10.78,0.9637,1,0,1.27,4.72,0
2024-08-23 08:00:00,BER_001,BER_001_ROBOT_1,23,11.39,0.9768,1,0,1.7,4.15,0
2024-08-23 08:00:00,HAM_001,HAM_001_ROBOT_1,19,8.81,0.9589,0,0,0.57,4.81,0
2024-08-23 09:00:00,MUC_001,MUC_001_ROBOT_1,25,8.52,0.9834,2,0,0.89,5.93,0
2024-08-23 09:00:00,BER_001,BER_001_ROBOT_1,14,8.43,0.9673,2,0,1.24,4.45,0
2024-08-23 09:00:00,HAM_001,HAM_001_ROBOT_1,4,9.92,0.8016,6,52,0.93,4.53,1
2024-08-23 10:00:00,MUC_001,MUC_001_ROBOT_1,30,11.66,0.9609,1,0,1.83,5.03,0
2024-08-23 10:00:00,BER_001,BER_001_ROBOT_1,23,8.16,0.9868,2,0,1.72,5.14,0
2024-08-23 10:00:00,HAM_001,HAM_001_ROBOT_1,25,11.95,0.9743,1,0,1.88,5.19,0
2024-08-23 11:00:00,MUC_001,MUC_001_ROBOT_1,23,9.63,0.9657,0,0,1.74,4.58,0
2024-08-23 11:00:00,BER_001,BER_001_ROBOT_1,12,9.92,0.9698,0,0,0.56,4.33,0
2024-08-23 11:00:00,HAM_001,HAM_001_ROBOT_1,30,10.16,0.9595,0,0,0.88,5.52,0
2024-08-23 12:00:00,MUC_001,MUC_001_ROBOT_1,19,11.83,0.9744,0,0,0.52,5.37,0
2024-08-23 12:00:00,BER_001,BER_001_ROBOT_1,14,11.35,0.9847,1,0,1.69,5.56,0
2024-08-23 12:00:00,HAM_001,HAM_001_ROBOT_1,1,10.6,0.8126,5,51,0.53,4.58,1
2024-08-23 13:00:00,MUC_001,MUC_001_ROBOT_1,28,11.67,0.9895,1,0,1.02,4.53,0
2024-08-23 13:00:00,BER_001,BER_001_ROBOT_1,25,10.36,0.9737,0,0,0.81,5.19,0
2024-08-23 13:00:00,HAM_001,HAM_001_ROBOT_1,0,10.99,0.7797,6,35,1.64,5.11,1
2024-08-23 14:00:00,MUC_001,MUC_001_ROBOT_1,23,9.47,0.9813,1,0,1.78,4.42,0
2024-08-23 14:00:00,BER_001,BER_001_ROBOT_1,10,11.15,0.9774,1,0,1.58,4.36,0
2024-08-23 14:00:00,HAM_001,HAM_001_ROBOT_1,22,10.01,0.9866,2,0,1.94,5.76,0
2024-08-23 15:00:00,MUC_001,MUC_001_ROBOT_1,11,11.68,0.9577,2,0,0.96,5.3,0
2024-08-23 15:00:00,BER_001,BER_001_ROBOT_1,20,11.04,0.9685,2,0,0.91,5.65,0
2024-08-23 15:00:00,HAM_001,HAM_001_ROBOT_1,10,10.0,0.9519,2,0,0.98,5.88,0
2024-08-23 16:00:00,MUC_001,MUC_001_ROBOT_1,21,8.96,0.9831,2,0,1.93,5.29,0
2024-08-23 16:00:00,BER_001,BER_001_ROBOT_1,17,9.17,0.9647,2,0,1.25,5.07,0
2024-08-23 16:00:00,HAM_001,HAM_001_ROBOT_1,24,10.61,0.984,1,0,0.75,5.79,0
2024-08-23 17:00:00,MUC_001,MUC_001_ROBOT_1,29,9.74,0.9701,1,0,0.84,5.69,0
2024-08-23 17:00:00,BER_001,BER_001_ROBOT_1,12,11.95,0.9672,1,0,1.97,4.1,0
2024-08-23 17:00:00,HAM_001,HAM_001_ROBOT_1,19,10.23,0.9528,2,0,0.91,4.81,0
2024-08-23 18:00:00,MUC_001,MUC_001_ROBOT_1,5,10.48,0.7474,3,48,1.56,5.08,1
2024-08-23 18:00:00,BER_001,BER_001_ROBOT_1,14,8.83,0.9509,1,0,0.66,5.24,0
2024-08-23 18:00:00,HAM_001,HAM_001_ROBOT_1,11,10.94,0.97,0,0,0.99,4.98,0
2024-08-23 19:00:00,MUC_001,MUC_001_ROBOT_1,27,11.26,0.9518,0,0,1.58,4.25,0
2024-08-23 19:00:00,BER_001,BER_001_ROBOT_1,28,8.95,0.9757,0,0,0.71,5.34,0
2024-08-23 19:00:00,HAM_001,HAM_001_ROBOT_1,21,10.77,0.9885,2,0,1.44,4.07,0
2024-08-23 20:00:00,MUC_001,MUC_001_ROBOT_1,26,9.39,0.9656,0,0,1.18,5.11,0
2024-08-23 20:00:00,BER_001,BER_001_ROBOT_1,11,9.5,0.9711,0,0,0.9,5.66,0
2024-08-23 20:00:00,HAM_001,HAM_001_ROBOT_1,27,11.08,0.9771,0,0,1.21,5.39,0
2024-08-23 21:00:00,MUC_001,MUC_001_ROBOT_1,14,10.66,0.9842,1,0,1.93,5.3,0
2024-08-23 21:00:00,BER_001,BER_001_ROBOT_1,25,9.01,0.9781,2,0,1.39,4.34,0
2024-08-23 21:00:00,HAM_001,HAM_001_ROBOT_1,15,11.75,0.9763,2,0,1.42,5.15,0
2024-08-23 22:00:00,MUC_001,MUC_001_ROBOT_1,16,11.8,0.9626,2,0,0.66,5.77,0
2024-08-23 22:00:00,BER_001,BER_001_ROBOT_1,15,11.65,0.9834,0,0,0.65,5.72,0
2024-08-23 22:00:00,HAM_001,HAM_001_ROBOT_1,22,10.7,0.9746,2,0,1.59,5.37,0
2024-08-23 23:00:00,MUC_001,MUC_001_ROBOT_1,5,11.51,0.7207,6,57,0.81,5.01,1
2024-08-23 23:00:00,BER_001,BER_001_ROBOT_1,27,9.16,0.9749,2,0,1.42,5.88,0
2024-08-23 23:00:00,HAM_001,HAM_001_ROBOT_1,11,11.02,0.9694,2,0,1.58,5.42,0
2024-08-24 00:00:00,MUC_001,MUC_001_ROBOT_1,11,9.17,0.9815,1,0,1.55,4.91,0
2024-08-24 00:00:00,BER_001,BER_001_ROBOT_1,28,8.44,0.9592,1,0,0.75,4.54,0
2024-08-24 00:00:00,HAM_001,HAM_001_ROBOT_1,17,9.66,0.9815,2,0,2.0,4.88,0
2024-08-24 01:00:00,MUC_001,MUC_001_ROBOT_1,24,11.34,0.9578,2,0,1.51,4.89,0
2024-08-24 01:00:00,BER_001,BER_001_ROBOT_1,20,8.91,0.9785,0,0,1.65,5.7,0
2024-08-24 01:00:00,HAM_001,HAM_001_ROBOT_1,13,8.45,0.9594,2,0,1.17,4.47,0
2024-08-24 02:00:00,MUC_001,MUC_001_ROBOT_1,10,8.97,0.975,2,0,1.98,4.42,0
2024-08-24 02:00:00,BER_001,BER_001_ROBOT_1,13,11.05,0.9711,1,0,0.83,5.66,0
2024-08-24 02:00:00,HAM_001,HAM_001_ROBOT_1,19,10.76,0.9646,2,0,1.33,4.24,0
2024-08-24 03:00:00,MUC_001,MUC_001_ROBOT_1,14,10.39,0.9897,1,0,0.67,5.03,0
2024-08-24 03:00:00,BER_001,BER_001_ROBOT_1,17,10.9,0.977,0,0,1.98,5.56,0
2024-08-24 03:00:00,HAM_001,HAM_001_ROBOT_1,27,8.46,0.9678,0,0,1.21,4.01,0
2024-08-24 04:00:00,MUC_001,MUC_001_ROBOT_1,18,11.33,0.9745,2,0,0.67,5.04,0
2024-08-24 04:00:00,BER_001,BER_001_ROBOT_1,15,8.3,0.9813,1,0,1.51,4.38,0
2024-08-24 04:00:00,HAM_001,HAM_001_ROBOT_1,11,8.7,0.9505,0,0,1.91,5.56,0
2024-08-24 05:00:00,MUC_001,MUC_001_ROBOT_1,21,10.06,0.959,0,0,1.62,5.4,0
2024-08-24 05:00:00,BER_001,BER_001_ROBOT_1,11,10.42,0.9774,2,0,1.69,5.47,0
2024-08-24 05:00:00,HAM_001,HAM_001_ROBOT_1,15,11.0,0.9516,1,0,1.67,5.93,0
2024-08-24 06:00:00,MUC_001,MUC_001_ROBOT_1,22,9.46,0.9757,2,0,1.06,4.0,0
2024-08-24 06:00:00,BER_001,BER_001_ROBOT_1,11,9.11,0.9812,2,0,1.34,5.49,0
2024-08-24 06:00:00,HAM_001,HAM_001_ROBOT_1,18,8.78,0.9561,2,0,1.97,5.03,0
2024-08-24 07:00:00,MUC_001,MUC_001_ROBOT_1,21,9.37,0.9831,0,0,0.61,5.94,0
2024-08-24 07:00:00,BER_001,BER_001_ROBOT_1,29,8.02,0.9782,0,0,0.72,4.03,0
2024-08-24 07:00:00,HAM_001,HAM_001_ROBOT_1,28,10.36,0.9894,0,0,0.8,4.84,0
2024-08-24 08:00:00,MUC_001,MUC_001_ROBOT_1,21,9.47,0.9576,0,0,0.68,5.71,0
2024-08-24 08:00:00,BER_001,BER_001_ROBOT_1,16,9.44,0.976,0,0,0.61,5.18,0
2024-08-24 08:00:00,HAM_001,HAM_001_ROBOT_1,24,11.26,0.9534,1,0,1.65,4.85,0
2024-08-24 09:00:00,MUC_001,MUC_001_ROBOT_1,29,10.62,0.9556,2,0,0.75,5.71,0
2024-08-24 09:00:00,BER_001,BER_001_ROBOT_1,29,8.47,0.9894,0,0,1.98,5.34,0
2024-08-24 09:00:00,HAM_001,HAM_001_ROBOT_1,26,8.5,0.9609,1,0,1.29,5.67,0
2024-08-24 10:00:00,MUC_001,MUC_001_ROBOT_1,20,10.66,0.9649,1,0,0.51,4.73,0
2024-08-24 10:00:00,BER_001,BER_001_ROBOT_1,20,9.57,0.9898,1,0,1.5,4.26,0
2024-08-24 10:00:00,HAM_001,HAM_001_ROBOT_1,27,10.1,0.9676,0,0,0.99,4.52,0
2024-08-24 11:00:00,MUC_001,MUC_001_ROBOT_1,27,8.36,0.9718,2,0,1.81,5.66,0
2024-08-24 11:00:00,BER_001,BER_001_ROBOT_1,28,9.59,0.9744,0,0,1.03,4.94,0
2024-08-24 11:00:00,HAM_001,HAM_001_ROBOT_1,12,10.6,0.9848,2,0,1.97,4.17,0
2024-08-24 12:00:00,MUC_001,MUC_001_ROBOT_1,28,8.89,0.9886,2,0,1.69,5.43,0
2024-08-24 12:00:00,BER_001,BER_001_ROBOT_1,15,9.91,0.987,1,0,1.47,4.04,0
2024-08-24 12:00:00,HAM_001,HAM_001_ROBOT_1,27,11.18,0.9724,1,0,1.62,5.16,0
2024-08-24 13:00:00,MUC_001,MUC_001_ROBOT_1,22,8.4,0.9739,2,0,1.57,5.5,0
2024-08-24 13:00:00,BER_001,BER_001_ROBOT_1,21,11.99,0.9719,0,0,1.15,5.17,0
2024-08-24 13:00:00,HAM_001,HAM_001_ROBOT_1,12,11.04,0.9568,0,0,0.86,5.2,0
2024-08-24 14:00:00,MUC_001,MUC_001_ROBOT_1,20,8.88,0.9725,0,0,0.54,5.17,0
2024-08-24 14:00:00,BER_001,BER_001_ROBOT_1,14,9.23,0.9787,0,0,1.76,5.3,0
2024-08-24 14:00:00,HAM_001,HAM_001_ROBOT_1,5,8.61,0.705,9,15,1.4,4.98,1
2024-08-24 15:00:00,MUC_001,MUC_001_ROBOT_1,14,11.75,0.9676,1,0,0.98,4.24,0
2024-08-24 15:00:00,BER_001,BER_001_ROBOT_1,20,11.76,0.9545,1,0,0.66,5.71,0
2024-08-24 15:00:00,HAM_001,HAM_001_ROBOT_1,26,10.99,0.9641,1,0,1.55,5.83,0
2024-08-24 16:00:00,MUC_001,MUC_001_ROBOT_1,16,9.39,0.9704,0,0,1.36,5.65,0
2024-08-24 16:00:00,BER_001,BER_001_ROBOT_1,13,11.43,0.9535,0,0,0.7,4.89,0
2024-08-24 16:00:00,HAM_001,HAM_001_ROBOT_1,15,8.31,0.9803,0,0,1.98,5.63,0
2024-08-24 17:00:00,MUC_001,MUC_001_ROBOT_1,20,8.34,0.9521,2,0,0.62,4.94,0
2024-08-24 17:00:00,BER_001,BER_001_ROBOT_1,23,10.11,0.9503,2,0,1.33,5.37,0
2024-08-24 17:00:00,HAM_001,HAM_001_ROBOT_1,11,9.36,0.9698,1,0,0.94,5.18,0
2024-08-24 18:00:00,MUC_001,MUC_001_ROBOT_1,30,10.73,0.9655,2,0,1.57,5.28,0
2024-08-24 18:00:00,BER_001,BER_001_ROBOT_1,0,8.8,0.7804,9,33,0.68,4.25,1
2024-08-24 18:00:00,HAM_001,HAM_001_ROBOT_1,23,10.93,0.956,0,0,0.5,4.13,0
2024-08-24 19:00:00,MUC_001,MUC_001_ROBOT_1,10,9.89,0.9537,1,0,0.86,4.24,0
2024-08-24 19:00:00,BER_001,BER_001_ROBOT_1,27,9.45,0.9618,2,0,1.86,5.38,0
2024-08-24 19:00:00,HAM_001,HAM_001_ROBOT_1,10,11.8,0.9589,1,0,1.41,4.61,0
2024-08-24 20:00:00,MUC_001,MUC_001_ROBOT_1,24,8.04,0.9742,2,0,0.94,5.97,0
2024-08-24 20:00:00,BER_001,BER_001_ROBOT_1,16,8.37,0.9699,0,0,0.72,5.46,0
2024-08-24 20:00:00,HAM_001,HAM_001_ROBOT_1,27,11.12,0.9648,2,0,1.28,5.92,0
2024-08-24 21:00:00,MUC_001,MUC_001_ROBOT_1,25,11.65,0.99,1,0,1.87,5.4,0
2024-08-24 21:00:00,BER_001,BER_001_ROBOT_1,10,8.62,0.9596,2,0,1.78,4.53,0
2024-08-24 21:00:00,HAM_001,HAM_001_ROBOT_1,27,10.46,0.9538,1,0,0.82,5.25,0
2024-08-24 22:00:00,MUC_001,MUC_001_ROBOT_1,23,8.71,0.9644,2,0,0.82,5.08,0
2024-08-24 22:00:00,BER_001,BER_001_ROBOT_1,16,11.74,0.9732,2,0,1.29,5.37,0
2024-08-24 22:00:00,HAM_001,HAM_001_ROBOT_1,14,8.89,0.9642,2,0,1.9,4.79,0
2024-08-24 23:00:00,MUC_001,MUC_001_ROBOT_1,11,9.77,0.9575,2,0,1.72,5.62,0
2024-08-24 23:00:00,BER_001,BER_001_ROBOT_1,29,9.29,0.9697,1,0,1.28,4.39,0
2024-08-24 23:00:00,HAM_001,HAM_001_ROBOT_1,29,9.71,0.9808,1,0,0.53,4.27,0
2024-08-25 00:00:00,MUC_001,MUC_001_ROBOT_1,23,10.19,0.9617,1,0,1.94,4.77,0
2024-08-25 00:00:00,BER_001,BER_001_ROBOT_1,17,8.5,0.9826,1,0,1.62,4.49,0
2024-08-25 00:00:00,HAM_001,HAM_001_ROBOT_1,23,9.83,0.9592,1,0,1.4,5.47,0
2024-08-25 01:00:00,MUC_001,MUC_001_ROBOT_1,22,10.08,0.951,0,0,0.63,5.96,0
2024-08-25 01:00:00,BER_001,BER_001_ROBOT_1,17,10.86,0.9878,2,0,1.85,4.62,0
2024-08-25 01:00:00,HAM_001,HAM_001_ROBOT_1,14,8.02,0.9851,2,0,1.82,5.41,0
2024-08-25 02:00:00,MUC_001,MUC_001_ROBOT_1,25,11.56,0.9619,1,0,0.65,4.03,0
2024-08-25 02:00:00,BER_001,BER_001_ROBOT_1,18,9.07,0.9819,0,0,1.73,4.13,0
2024-08-25 02:00:00,HAM_001,HAM_001_ROBOT_1,10,8.5,0.9623,0,0,1.15,4.19,0
2024-08-25 03:00:00,MUC_001,MUC_001_ROBOT_1,19,9.84,0.9661,0,0,0.51,5.72,0
2024-08-25 03:00:00,BER_001,BER_001_ROBOT_1,15,9.53,0.9563,2,0,1.61,5.15,0
2024-08-25 03:00:00,HAM_001,HAM_001_ROBOT_1,30,8.02,0.9595,0,0,1.23,5.9,0
2024-08-25 04:00:00,MUC_001,MUC_001_ROBOT_1,24,10.33,0.9798,2,0,0.53,5.34,0
2024-08-25 04:00:00,BER_001,BER_001_ROBOT_1,21,8.88,0.982,1,0,1.69,5.9,0
2024-08-25 04:00:00,HAM_001,HAM_001_ROBOT_1,16,11.17,0.9834,2,0,1.64,4.99,0
2024-08-25 05:00:00,MUC_001,MUC_001_ROBOT_1,22,9.72,0.9715,1,0,1.48,4.08,0
2024-08-25 05:00:00,BER_001,BER_001_ROBOT_1,25,11.09,0.9678,1,0,1.37,5.83,0
2024-08-25 05:00:00,HAM_001,HAM_001_ROBOT_1,25,10.61,0.9855,0,0,1.67,5.27,0
2024-08-25 06:00:00,MUC_001,MUC_001_ROBOT_1,27,11.01,0.9597,0,0,1.18,5.24,0
2024-08-25 06:00:00,BER_001,BER_001_ROBOT_1,1,8.13,0.7864,10,34,1.47,5.55,1
2024-08-25 06:00:00,HAM_001,HAM_001_ROBOT_1,26,11.0,0.9717,1,0,0.71,4.45,0
2024-08-25 07:00:00,MUC_001,MUC_001_ROBOT_1,22,9.43,0.9829,2,0,1.0,5.05,0
2024-08-25 07:00:00,BER_001,BER_001_ROBOT_1,12,11.37,0.9664,0,0,1.72,5.83,0
2024-08-25 07:00:00,HAM_001,HAM_001_ROBOT_1,24,9.11,0.9599,1,0,1.52,4.24,0
2024-08-25 08:00:00,MUC_001,MUC_001_ROBOT_1,16,9.84,0.9706,0,0,0.55,5.45,0
2024-08-25 08:00:00,BER_001,BER_001_ROBOT_1,10,8.63,0.9692,1,0,1.15,4.05,0
2024-08-25 08:00:00,HAM_001,HAM_001_ROBOT_1,14,8.46,0.979,2,0,0.68,4.69,0
2024-08-25 09:00:00,MUC_001,MUC_001_ROBOT_1,25,8.42,0.9737,2,0,1.14,5.7,0
2024-08-25 09:00:00,BER_001,BER_001_ROBOT_1,24,10.59,0.9671,2,0,1.68,4.75,0
2024-08-25 09:00:00,HAM_001,HAM_001_ROBOT_1,26,10.73,0.9612,0,0,1.12,5.6,0
2024-08-25 10:00:00,MUC_001,MUC_001_ROBOT_1,2,11.07,0.766,5,34,0.5,4.76,1
2024-08-25 10:00:00,BER_001,BER_001_ROBOT_1,21,9.15,0.9615,1,0,0.53,5.48,0
2024-08-25 10:00:00,HAM_001,HAM_001_ROBOT_1,10,8.28,0.9649,2,0,1.18,5.33,0
2024-08-25 11:00:00,MUC_001,MUC_001_ROBOT_1,28,9.92,0.972,1,0,0.52,5.23,0
2024-08-25 11:00:00,BER_001,BER_001_ROBOT_1,26,11.47,0.9785,1,0,1.31,5.88,0
2024-08-25 11:00:00,HAM_001,HAM_001_ROBOT_1,27,9.38,0.9576,1,0,1.36,5.77,0
2024-08-25 12:00:00,MUC_001,MUC_001_ROBOT_1,18,10.63,0.9636,1,0,1.16,4.26,0
2024-08-25 12:00:00,BER_001,BER_001_ROBOT_1,16,8.32,0.9899,1,0,1.44,4.66,0
2024-08-25 12:00:00,HAM_001,HAM_001_ROBOT_1,21,10.11,0.9824,2,0,0.57,4.8,0
2024-08-25 13:00:00,MUC_001,MUC_001_ROBOT_1,5,11.6,0.7905,5,32,1.19,4.52,1
2024-08-25 13:00:00,BER_001,BER_001_ROBOT_1,29,9.18,0.9526,2,0,1.08,4.11,0
2024-08-25 13:00:00,HAM_001,HAM_001_ROBOT_1,26,11.63,0.9572,2,0,1.23,5.65,0
2024-08-25 14:00:00,MUC_001,MUC_001_ROBOT_1,21,9.43,0.9522,1,0,0.85,4.69,0
2024-08-25 14:00:00,BER_001,BER_001_ROBOT_1,22,8.02,0.9549,2,0,0.7,4.55,0
2024-08-25 14:00:00,HAM_001,HAM_001_ROBOT_1,0,8.09,0.8277,6,35,1.13,5.11,1
2024-08-25 15:00:00,MUC_001,MUC_001_ROBOT_1,29,11.97,0.9564,1,0,1.37,5.29,0
2024-08-25 15:00:00,BER_001,BER_001_ROBOT_1,29,10.02,0.9566,2,0,1.51,4.6,0
2024-08-25 15:00:00,HAM_001,HAM_001_ROBOT_1,15,9.14,0.9674,2,0,1.81,4.5,0
2024-08-25 16:00:00,MUC_001,MUC_001_ROBOT_1,16,11.69,0.9514,1,0,1.72,5.38,0
2024-08-25 16:00:00,BER_001,BER_001_ROBOT_1,25,8.02,0.9818,2,0,1.24,5.12,0
2024-08-25 16:00:00,HAM_001,HAM_001_ROBOT_1,27,11.65,0.972,1,0,1.09,5.92,0
2024-08-25 17:00:00,MUC_001,MUC_001_ROBOT_1,25,11.5,0.9624,2,0,1.5,4.71,0
2024-08-25 17:00:00,BER_001,BER_001_ROBOT_1,21,9.74,0.9593,1,0,1.21,4.01,0
2024-08-25 17:00:00,HAM_001,HAM_001_ROBOT_1,20,10.81,0.9579,0,0,0.71,5.77,0
2024-08-25 18:00:00,MUC_001,MUC_001_ROBOT_1,24,11.69,0.966,1,0,0.66,5.3,0
2024-08-25 18:00:00,BER_001,BER_001_ROBOT_1,17,8.08,0.9685,2,0,1.34,4.28,0
2024-08-25 18:00:00,HAM_001,HAM_001_ROBOT_1,25,9.74,0.9737,1,0,0.67,4.25,0
2024-08-25 19:00:00,MUC_001,MUC_001_ROBOT_1,30,11.4,0.9579,0,0,1.15,4.59,0
2024-08-25 19:00:00,BER_001,BER_001_ROBOT_1,22,11.2,0.9701,1,0,1.0,4.86,0
2024-08-25 19:00:00,HAM_001,HAM_001_ROBOT_1,19,10.66,0.9859,1,0,0.71,4.91,0
2024-08-25 20:00:00,MUC_001,MUC_001_ROBOT_1,27,10.36,0.9582,2,0,0.72,4.37,0
2024-08-25 20:00:00,BER_001,BER_001_ROBOT_1,12,10.36,0.9573,1,0,1.2,4.01,0
2024-08-25 20:00:00,HAM_001,HAM_001_ROBOT_1,23,9.11,0.9791,2,0,1.03,5.55,0
2024-08-25 21:00:00,MUC_001,MUC_001_ROBOT_1,15,9.65,0.9856,1,0,1.41,5.96,0
2024-08-25 21:00:00,BER_001,BER_001_ROBOT_1,21,10.53,0.987,1,0,1.06,5.09,0
2024-08-25 21:00:00,HAM_001,HAM_001_ROBOT_1,12,9.49,0.9621,0,0,2.0,4.95,0
2024-08-25 22:00:00,MUC_001,MUC_001_ROBOT_1,22,8.13,0.9635,1,0,0.94,4.16,0
2024-08-25 22:00:00,BER_001,BER_001_ROBOT_1,13,11.86,0.9558,0,0,0.96,4.08,0
2024-08-25 22:00:00,HAM_001,HAM_001_ROBOT_1,27,11.11,0.9801,2,0,0.78,5.85,0
2024-08-25 23:00:00,MUC_001,MUC_001_ROBOT_1,22,8.1,0.974,2,0,1.32,4.17,0
2024-08-25 23:00:00,BER_001,BER_001_ROBOT_1,15,11.64,0.9595,0,0,0.65,4.85,0
2024-08-25 23:00:00,HAM_001,HAM_001_ROBOT_1,26,11.75,0.9624,0,0,1.22,4.19,0
2024-08-26 00:00:00,MUC_001,MUC_001_ROBOT_1,11,8.26,0.9595,1,0,1.44,5.39,0
2024-08-26 00:00:00,BER_001,BER_001_ROBOT_1,30,11.35,0.9711,0,0,1.19,4.88,0
2024-08-26 00:00:00,HAM_001,HAM_001_ROBOT_1,11,9.54,0.9599,0,0,1.23,5.6,0
2024-08-26 01:00:00,MUC_001,MUC_001_ROBOT_1,26,9.38,0.9879,2,0,0.62,5.88,0
2024-08-26 01:00:00,BER_001,BER_001_ROBOT_1,30,10.59,0.9868,1,0,1.83,4.71,0
2024-08-26 01:00:00,HAM_001,HAM_001_ROBOT_1,24,9.1,0.9737,2,0,1.07,5.21,0
2024-08-26 02:00:00,MUC_001,MUC_001_ROBOT_1,29,8.14,0.9701,1,0,0.88,5.27,0
2024-08-26 02:00:00,BER_001,BER_001_ROBOT_1,20,8.47,0.9803,0,0,1.26,4.03,0
2024-08-26 02:00:00,HAM_001,HAM_001_ROBOT_1,28,8.63,0.9794,0,0,1.55,5.24,0
2024-08-26 03:00:00,MUC_001,MUC_001_ROBOT_1,18,8.24,0.951,1,0,0.56,5.1,0
2024-08-26 03:00:00,BER_001,BER_001_ROBOT_1,22,10.27,0.9678,0,0,1.62,5.53,0
2024-08-26 03:00:00,HAM_001,HAM_001_ROBOT_1,26,10.6,0.9593,0,0,1.29,4.86,0
2024-08-26 04:00:00,MUC_001,MUC_001_ROBOT_1,26,10.62,0.9653,0,0,0.92,4.2,0
2024-08-26 04:00:00,BER_001,BER_001_ROBOT_1,21,10.53,0.9851,0,0,1.59,4.61,0
2024-08-26 04:00:00,HAM_001,HAM_001_ROBOT_1,30,11.52,0.9626,2,0,1.68,5.86,0
2024-08-26 05:00:00,MUC_001,MUC_001_ROBOT_1,10,9.24,0.9681,2,0,1.41,4.65,0
2024-08-26 05:00:00,BER_001,BER_001_ROBOT_1,16,9.1,0.9805,0,0,1.18,5.62,0
2024-08-26 05:00:00,HAM_001,HAM_001_ROBOT_1,18,11.89,0.9763,2,0,1.33,4.37,0
2024-08-26 06:00:00,MUC_001,MUC_001_ROBOT_1,27,9.44,0.9581,0,0,0.75,5.88,0
2024-08-26 06:00:00,BER_001,BER_001_ROBOT_1,13,10.02,0.9801,2,0,0.58,4.44,0
2024-08-26 06:00:00,HAM_001,HAM_001_ROBOT_1,14,8.26,0.9659,2,0,0.84,4.82,0
2024-08-26 07:00:00,MUC_001,MUC_001_ROBOT_1,10,8.96,0.9757,2,0,1.73,5.71,0
2024-08-26 07:00:00,BER_001,BER_001_ROBOT_1,10,11.33,0.9791,1,0,0.6,5.45,0
2024-08-26 07:00:00,HAM_001,HAM_001_ROBOT_1,3,10.29,0.7673,9,38,1.37,4.37,1
2024-08-26 08:00:00,MUC_001,MUC_001_ROBOT_1,19,9.78,0.9528,0,0,1.34,4.49,0
2024-08-26 08:00:00,BER_001,BER_001_ROBOT_1,10,8.38,0.957,2,0,0.83,4.3,0
2024-08-26 08:00:00,HAM_001,HAM_001_ROBOT_1,29,11.25,0.9634,1,0,1.88,5.57,0
2024-08-26 09:00:00,MUC_001,MUC_001_ROBOT_1,28,8.42,0.9709,0,0,0.65,4.16,0
2024-08-26 09:00:00,BER_001,BER_001_ROBOT_1,26,8.68,0.964,0,0,1.4,4.88,0
2024-08-26 09:00:00,HAM_001,HAM_001_ROBOT_1,11,9.07,0.9768,1,0,1.72,4.91,0
2024-08-26 10:00:00,MUC_001,MUC_001_ROBOT_1,28,11.69,0.9602,0,0,1.22,4.89,0
2024-08-26 10:00:00,BER_001,BER_001_ROBOT_1,14,10.98,0.9561,1,0,0.59,5.56,0
2024-08-26 10:00:00,HAM_001,HAM_001_ROBOT_1,25,10.11,0.9724,0,0,1.07,4.08,0
2024-08-26 11:00:00,MUC_001,MUC_001_ROBOT_1,16,10.48,0.958,0,0,1.65,5.51,0
2024-08-26 11:00:00,BER_001,BER_001_ROBOT_1,30,10.21,0.9796,0,0,1.6,5.88,0
2024-08-26 11:00:00,HAM_001,HAM_001_ROBOT_1,11,11.94,0.9658,0,0,1.27,4.44,0
2024-08-26 12:00:00,MUC_001,MUC_001_ROBOT_1,16,10.43,0.9733,2,0,0.51,4.29,0
2024-08-26 12:00:00,BER_001,BER_001_ROBOT_1,13,10.23,0.9612,2,0,1.43,4.25,0
2024-08-26 12:00:00,HAM_001,HAM_001_ROBOT_1,11,11.79,0.9568,1,0,1.53,4.38,0
2024-08-26 13:00:00,MUC_001,MUC_001_ROBOT_1,25,10.1,0.9508,2,0,1.46,4.6,0
2024-08-26 13:00:00,BER_001,BER_001_ROBOT_1,29,9.53,0.9671,1,0,1.34,4.01,0
2024-08-26 13:00:00,HAM_001,HAM_001_ROBOT_1,26,10.43,0.9532,0,0,1.49,4.4,0
2024-08-26 14:00:00,MUC_001,MUC_001_ROBOT_1,20,8.37,0.9597,1,0,0.51,4.55,0
2024-08-26 14:00:00,BER_001,BER_001_ROBOT_1,18,9.45,0.9745,2,0,1.03,4.77,0
2024-08-26 14:00:00,HAM_001,HAM_001_ROBOT_1,30,10.03,0.9845,0,0,0.75,5.81,0
2024-08-26 15:00:00,MUC_001,MUC_001_ROBOT_1,19,11.48,0.9572,0,0,1.17,5.89,0
2024-08-26 15:00:00,BER_001,BER_001_ROBOT_1,15,10.3,0.9823,1,0,1.37,4.07,0
2024-08-26 15:00:00,HAM_001,HAM_001_ROBOT_1,13,11.78,0.9764,0,0,1.03,5.38,0
2024-08-26 16:00:00,MUC_001,MUC_001_ROBOT_1,11,8.04,0.9512,2,0,1.04,5.23,0
2024-08-26 16:00:00,BER_001,BER_001_ROBOT_1,21,8.25,0.9664,2,0,1.6,5.33,0
2024-08-26 16:00:00,HAM_001,HAM_001_ROBOT_1,25,11.21,0.9847,0,0,1.39,4.23,0
2024-08-26 17:00:00,MUC_001,MUC_001_ROBOT_1,27,8.24,0.9507,0,0,1.93,5.87,0
2024-08-26 17:00:00,BER_001,BER_001_ROBOT_1,29,10.6,0.9769,2,0,1.95,5.52,0
2024-08-26 17:00:00,HAM_001,HAM_001_ROBOT_1,17,9.86,0.9593,2,0,1.32,5.36,0
2024-08-26 18:00:00,MUC_001,MUC_001_ROBOT_1,27,11.81,0.9892,2,0,0.9,4.64,0
2024-08-26 18:00:00,BER_001,BER_001_ROBOT_1,17,10.44,0.9525,0,0,1.65,4.53,0
2024-08-26 18:00:00,HAM_001,HAM_001_ROBOT_1,11,8.72,0.9597,1,0,1.55,4.58,0
2024-08-26 19:00:00,MUC_001,MUC_001_ROBOT_1,12,10.87,0.9514,1,0,1.88,5.36,0
2024-08-26 19:00:00,BER_001,BER_001_ROBOT_1,21,9.19,0.9635,0,0,1.05,4.61,0
2024-08-26 19:00:00,HAM_001,HAM_001_ROBOT_1,21,10.66,0.9516,0,0,1.02,5.41,0
2024-08-26 20:00:00,MUC_001,MUC_001_ROBOT_1,13,10.39,0.9686,1,0,0.95,5.02,0
2024-08-26 20:00:00,BER_001,BER_001_ROBOT_1,25,8.32,0.9783,1,0,1.99,5.83,0
2024-08-26 20:00:00,HAM_001,HAM_001_ROBOT_1,14,10.79,0.9669,1,0,1.16,5.42,0
2024-08-26 21:00:00,MUC_001,MUC_001_ROBOT_1,15,8.15,0.9677,1,0,1.64,5.84,0
2024-08-26 21:00:00,BER_001,BER_001_ROBOT_1,16,9.22,0.9567,1,0,1.05,4.23,0
2024-08-26 21:00:00,HAM_001,HAM_001_ROBOT_1,13,9.44,0.9888,0,0,1.23,5.47,0
2024-08-26 22:00:00,MUC_001,MUC_001_ROBOT_1,21,9.64,0.9724,0,0,1.91,5.71,0
2024-08-26 22:00:00,BER_001,BER_001_ROBOT_1,23,8.49,0.9731,0,0,1.39,4.27,0
2024-08-26 22:00:00,HAM_001,HAM_001_ROBOT_1,25,8.51,0.9798,0,0,1.86,5.31,0
2024-08-26 23:00:00,MUC_001,MUC_001_ROBOT_1,0,9.18,0.8183,9,29,0.58,4.01,1
2024-08-26 23:00:00,BER_001,BER_001_ROBOT_1,21,8.58,0.9806,1,0,0.92,4.65,0
2024-08-26 23:00:00,HAM_001,HAM_001_ROBOT_1,28,9.34,0.9731,0,0,0.89,5.9,0
2024-08-27 00:00:00,MUC_001,MUC_001_ROBOT_1,23,8.11,0.9725,0,0,0.6,5.98,0
2024-08-27 00:00:00,BER_001,BER_001_ROBOT_1,14,11.8,0.9734,1,0,1.24,5.52,0
2024-08-27 00:00:00,HAM_001,HAM_001_ROBOT_1,29,8.62,0.9888,0,0,0.5,4.1,0
2024-08-27 01:00:00,MUC_001,MUC_001_ROBOT_1,30,10.27,0.9678,2,0,1.49,5.38,0
2024-08-27 01:00:00,BER_001,BER_001_ROBOT_1,20,8.77,0.9506,2,0,1.72,4.43,0
2024-08-27 01:00:00,HAM_001,HAM_001_ROBOT_1,19,8.94,0.9685,0,0,1.14,4.03,0
2024-08-27 02:00:00,MUC_001,MUC_001_ROBOT_1,15,9.5,0.9712,1,0,1.62,5.95,0
2024-08-27 02:00:00,BER_001,BER_001_ROBOT_1,14,11.83,0.9676,0,0,0.58,4.25,0
2024-08-27 02:00:00,HAM_001,HAM_001_ROBOT_1,23,10.54,0.9883,1,0,1.49,5.85,0
2024-08-27 03:00:00,MUC_001,MUC_001_ROBOT_1,17,10.94,0.9697,1,0,1.51,5.6,0
2024-08-27 03:00:00,BER_001,BER_001_ROBOT_1,13,8.09,0.9728,1,0,1.49,4.89,0
2024-08-27 03:00:00,HAM_001,HAM_001_ROBOT_1,28,9.29,0.9832,2,0,1.74,4.53,0
2024-08-27 04:00:00,MUC_001,MUC_001_ROBOT_1,16,11.27,0.9821,0,0,0.79,4.76,0
2024-08-27 04:00:00,BER_001,BER_001_ROBOT_1,11,9.97,0.9535,2,0,1.35,5.74,0
2024-08-27 04:00:00,HAM_001,HAM_001_ROBOT_1,10,9.88,0.963,0,0,1.78,4.58,0
2024-08-27 05:00:00,MUC_001,MUC_001_ROBOT_1,25,9.82,0.9733,0,0,1.93,4.7,0
2024-08-27 05:00:00,BER_001,BER_001_ROBOT_1,10,9.93,0.9514,2,0,1.28,4.72,0
2024-08-27 05:00:00,HAM_001,HAM_001_ROBOT_1,21,11.81,0.9672,2,0,1.84,4.67,0
2024-08-27 06:00:00,MUC_001,MUC_001_ROBOT_1,18,10.2,0.953,2,0,1.19,4.8,0
2024-08-27 06:00:00,BER_001,BER_001_ROBOT_1,18,11.39,0.9755,1,0,1.47,4.44,0
2024-08-27 06:00:00,HAM_001,HAM_001_ROBOT_1,21,11.79,0.9541,2,0,1.21,5.54,0
2024-08-27 07:00:00,MUC_001,MUC_001_ROBOT_1,26,8.79,0.9794,1,0,0.74,5.01,0
2024-08-27 07:00:00,BER_001,BER_001_ROBOT_1,20,8.38,0.9829,2,0,1.81,4.97,0
2024-08-27 07:00:00,HAM_001,HAM_001_ROBOT_1,4,10.02,0.8177,5,15,1.22,4.19,1
2024-08-27 08:00:00,MUC_001,MUC_001_ROBOT_1,28,11.93,0.9654,0,0,1.35,5.18,0
2024-08-27 08:00:00,BER_001,BER_001_ROBOT_1,18,10.36,0.9641,1,0,1.14,5.78,0
2024-08-27 08:00:00,HAM_001,HAM_001_ROBOT_1,27,9.22,0.9753,1,0,1.58,5.53,0
2024-08-27 09:00:00,MUC_001,MUC_001_ROBOT_1,27,9.01,0.989,2,0,1.88,5.35,0
2024-08-27 09:00:00,BER_001,BER_001_ROBOT_1,11,8.21,0.965,0,0,1.6,5.72,0
2024-08-27 09:00:00,HAM_001,HAM_001_ROBOT_1,10,10.74,0.9644,2,0,1.4,5.75,0
2024-08-27 10:00:00,MUC_001,MUC_001_ROBOT_1,10,9.22,0.9833,1,0,1.8,4.08,0
2024-08-27 10:00:00,BER_001,BER_001_ROBOT_1,10,11.35,0.9561,0,0,1.84,4.75,0
2024-08-27 10:00:00,HAM_001,HAM_001_ROBOT_1,13,10.14,0.9807,2,0,0.58,5.55,0
2024-08-27 11:00:00,MUC_001,MUC_001_ROBOT_1,26,8.66,0.9859,2,0,0.73,5.13,0
2024-08-27 11:00:00,BER_001,BER_001_ROBOT_1,14,9.19,0.9599,2,0,0.61,5.85,0
2024-08-27 11:00:00,HAM_001,HAM_001_ROBOT_1,18,8.4,0.9656,2,0,1.26,5.65,0
2024-08-27 12:00:00,MUC_001,MUC_001_ROBOT_1,22,9.92,0.977,2,0,1.71,5.28,0
2024-08-27 12:00:00,BER_001,BER_001_ROBOT_1,4,10.61,0.7251,3,30,0.9,4.4,1
2024-08-27 12:00:00,HAM_001,HAM_001_ROBOT_1,21,8.87,0.956,2,0,1.5,4.44,0
2024-08-27 13:00:00,MUC_001,MUC_001_ROBOT_1,25,10.6,0.9505,0,0,1.99,4.91,0
2024-08-27 13:00:00,BER_001,BER_001_ROBOT_1,20,11.31,0.9708,1,0,1.17,4.52,0
2024-08-27 13:00:00,HAM_001,HAM_001_ROBOT_1,18,9.79,0.9581,0,0,1.34,5.42,0
2024-08-27 14:00:00,MUC_001,MUC_001_ROBOT_1,25,9.0,0.9805,1,0,1.48,4.92,0
2024-08-27 14:00:00,BER_001,BER_001_ROBOT_1,30,8.3,0.9788,0,0,1.0,5.48,0
2024-08-27 14:00:00,HAM_001,HAM_001_ROBOT_1,29,10.37,0.9849,2,0,1.7,5.22,0
2024-08-27 15:00:00,MUC_001,MUC_001_ROBOT_1,19,8.82,0.9793,2,0,1.9,4.84,0
2024-08-27 15:00:00,BER_001,BER_001_ROBOT_1,10,9.32,0.9635,2,0,0.54,4.23,0
2024-08-27 15:00:00,HAM_001,HAM_001_ROBOT_1,27,11.58,0.9853,0,0,0.61,4.24,0
2024-08-27 16:00:00,MUC_001,MUC_001_ROBOT_1,25,10.6,0.9881,2,0,1.33,4.13,0
2024-08-27 16:00:00,BER_001,BER_001_ROBOT_1,30,9.47,0.9753,1,0,1.09,5.31,0
2024-08-27 16:00:00,HAM_001,HAM_001_ROBOT_1,26,8.02,0.9745,0,0,1.39,5.59,0
2024-08-27 17:00:00,MUC_001,MUC_001_ROBOT_1,29,9.48,0.9736,2,0,0.64,4.23,0
2024-08-27 17:00:00,BER_001,BER_001_ROBOT_1,15,11.48,0.9656,1,0,1.02,5.26,0
2024-08-27 17:00:00,HAM_001,HAM_001_ROBOT_1,12,10.39,0.9881,0,0,0.59,5.98,0
2024-08-27 18:00:00,MUC_001,MUC_001_ROBOT_1,17,8.93,0.9706,0,0,1.02,5.03,0
2024-08-27 18:00:00,BER_001,BER_001_ROBOT_1,10,9.82,0.983,0,0,1.89,5.31,0
2024-08-27 18:00:00,HAM_001,HAM_001_ROBOT_1,20,10.23,0.9892,1,0,1.59,4.8,0
2024-08-27 19:00:00,MUC_001,MUC_001_ROBOT_1,12,9.83,0.9819,0,0,0.92,4.3,0
2024-08-27 19:00:00,BER_001,BER_001_ROBOT_1,11,9.87,0.9582,0,0,1.11,4.38,0
2024-08-27 19:00:00,HAM_001,HAM_001_ROBOT_1,23,11.01,0.978,0,0,0.94,4.06,0
2024-08-27 20:00:00,MUC_001,MUC_001_ROBOT_1,28,11.55,0.9671,2,0,0.61,4.07,0
2024-08-27 20:00:00,BER_001,BER_001_ROBOT_1,12,8.28,0.9865,0,0,1.37,5.03,0
2024-08-27 20:00:00,HAM_001,HAM_001_ROBOT_1,17,9.98,0.9592,0,0,1.92,4.53,0
2024-08-27 21:00:00,MUC_001,MUC_001_ROBOT_1,27,10.41,0.9719,1,0,1.62,5.12,0
2024-08-27 21:00:00,BER_001,BER_001_ROBOT_1,20,9.68,0.9629,1,0,0.5,5.44,0
2024-08-27 21:00:00,HAM_001,HAM_001_ROBOT_1,24,10.61,0.953,0,0,0.73,5.88,0
2024-08-27 22:00:00,MUC_001,MUC_001_ROBOT_1,26,9.87,0.9831,0,0,1.62,4.61,0
2024-08-27 22:00:00,BER_001,BER_001_ROBOT_1,14,8.53,0.9712,1,0,1.44,5.71,0
2024-08-27 22:00:00,HAM_001,HAM_001_ROBOT_1,18,10.98,0.9796,2,0,0.93,5.07,0
2024-08-27 23:00:00,MUC_001,MUC_001_ROBOT_1,13,11.6,0.984,1,0,0.59,4.34,0
2024-08-27 23:00:00,BER_001,BER_001_ROBOT_1,30,8.62,0.975,0,0,0.77,5.76,0
2024-08-27 23:00:00,HAM_001,HAM_001_ROBOT_1,16,11.9,0.9729,1,0,0.98,4.51,0
2024-08-28 00:00:00,MUC_001,MUC_001_ROBOT_1,17,11.14,0.9757,2,0,0.72,4.23,0
2024-08-28 00:00:00,BER_001,BER_001_ROBOT_1,21,8.27,0.9703,2,0,0.53,4.84,0
2024-08-28 00:00:00,HAM_001,HAM_001_ROBOT_1,16,9.89,0.9646,2,0,0.99,5.54,0
2024-08-28 01:00:00,MUC_001,MUC_001_ROBOT_1,23,9.81,0.9867,0,0,0.65,5.95,0
2024-08-28 01:00:00,BER_001,BER_001_ROBOT_1,11,10.58,0.9539,0,0,0.85,5.52,0
2024-08-28 01:00:00,HAM_001,HAM_001_ROBOT_1,28,8.56,0.9893,0,0,1.27,5.27,0
2024-08-28 02:00:00,MUC_001,MUC_001_ROBOT_1,22,9.38,0.9534,2,0,1.13,4.93,0
2024-08-28 02:00:00,BER_001,BER_001_ROBOT_1,12,8.73,0.9796,0,0,1.24,5.5,0
2024-08-28 02:00:00,HAM_001,HAM_001_ROBOT_1,28,8.18,0.9863,0,0,1.72,5.6,0
2024-08-28 03:00:00,MUC_001,MUC_001_ROBOT_1,19,10.68,0.9892,0,0,0.85,5.69,0
2024-08-28 03:00:00,BER_001,BER_001_ROBOT_1,14,9.02,0.959,1,0,0.59,4.34,0
2024-08-28 03:00:00,HAM_001,HAM_001_ROBOT_1,16,10.24,0.9777,1,0,1.45,5.48,0
2024-08-28 04:00:00,MUC_001,MUC_001_ROBOT_1,4,10.79,0.8382,3,43,1.89,5.55,1
2024-08-28 04:00:00,BER_001,BER_001_ROBOT_1,19,9.02,0.9768,2,0,1.48,5.72,0
2024-08-28 04:00:00,HAM_001,HAM_001_ROBOT_1,24,11.41,0.9854,2,0,0.7,4.0,0
2024-08-28 05:00:00,MUC_001,MUC_001_ROBOT_1,16,10.6,0.9884,2,0,0.73,5.98,0
2024-08-28 05:00:00,BER_001,BER_001_ROBOT_1,12,11.7,0.9884,2,0,1.81,5.9,0
2024-08-28 05:00:00,HAM_001,HAM_001_ROBOT_1,18,9.95,0.9546,2,0,1.85,4.0,0
2024-08-28 06:00:00,MUC_001,MUC_001_ROBOT_1,17,8.18,0.9779,1,0,0.56,4.85,0
2024-08-28 06:00:00,BER_001,BER_001_ROBOT_1,30,8.19,0.9872,2,0,1.23,4.56,0
2024-08-28 06:00:00,HAM_001,HAM_001_ROBOT_1,23,10.71,0.971,1,0,0.91,4.9,0
2024-08-28 07:00:00,MUC_001,MUC_001_ROBOT_1,22,11.38,0.9797,0,0,1.26,5.42,0
2024-08-28 07:00:00,BER_001,BER_001_ROBOT_1,18,10.55,0.9548,1,0,1.9,4.9,0
2024-08-28 07:00:00,HAM_001,HAM_001_ROBOT_1,28,10.26,0.9822,2,0,0.81,4.98,0
2024-08-28 08:00:00,MUC_001,MUC_001_ROBOT_1,28,11.21,0.9642,1,0,1.7,4.86,0
2024-08-28 08:00:00,BER_001,BER_001_ROBOT_1,18,8.19,0.9835,0,0,1.55,5.89,0
2024-08-28 08:00:00,HAM_001,HAM_001_ROBOT_1,15,11.58,0.9771,0,0,1.27,4.42,0
2024-08-28 09:00:00,MUC_001,MUC_001_ROBOT_1,20,9.69,0.9832,1,0,0.68,5.47,0
2024-08-28 09:00:00,BER_001,BER_001_ROBOT_1,26,10.36,0.978,1,0,1.0,5.46,0
2024-08-28 09:00:00,HAM_001,HAM_001_ROBOT_1,20,8.11,0.9898,1,0,0.78,5.11,0
2024-08-28 10:00:00,MUC_001,MUC_001_ROBOT_1,1,9.59,0.7815,6,57,1.91,5.13,1
2024-08-28 10:00:00,BER_001,BER_001_ROBOT_1,18,10.64,0.9562,2,0,1.34,4.69,0
2024-08-28 10:00:00,HAM_001,HAM_001_ROBOT_1,27,11.49,0.9588,0,0,0.82,5.04,0
2024-08-28 11:00:00,MUC_001,MUC_001_ROBOT_1,15,11.88,0.9863,2,0,1.5,5.77,0
2024-08-28 11:00:00,BER_001,BER_001_ROBOT_1,28,8.85,0.976,1,0,0.98,5.9,0
2024-08-28 11:00:00,HAM_001,HAM_001_ROBOT_1,22,8.28,0.9894,1,0,1.65,4.47,0
2024-08-28 12:00:00,MUC_001,MUC_001_ROBOT_1,30,11.64,0.9655,2,0,1.62,4.3,0
2024-08-28 12:00:00,BER_001,BER_001_ROBOT_1,11,8.65,0.9784,1,0,1.74,5.25,0
2024-08-28 12:00:00,HAM_001,HAM_001_ROBOT_1,14,10.74,0.9573,2,0,0.6,4.16,0
2024-08-28 13:00:00,MUC_001,MUC_001_ROBOT_1,10,11.46,0.9728,1,0,1.78,4.94,0
2024-08-28 13:00:00,BER_001,BER_001_ROBOT_1,23,8.31,0.9784,2,0,1.34,4.91,0
2024-08-28 13:00:00,HAM_001,HAM_001_ROBOT_1,21,8.27,0.9882,0,0,1.89,5.09,0
2024-08-28 14:00:00,MUC_001,MUC_001_ROBOT_1,22,9.14,0.9747,0,0,1.02,5.69,0
2024-08-28 14:00:00,BER_001,BER_001_ROBOT_1,20,11.72,0.9552,1,0,1.61,4.42,0
2024-08-28 14:00:00,HAM_001,HAM_001_ROBOT_1,21,9.38,0.9862,1,0,1.78,4.95,0
2024-08-28 15:00:00,MUC_001,MUC_001_ROBOT_1,28,9.17,0.9677,1,0,0.55,5.11,0
2024-08-28 15:00:00,BER_001,BER_001_ROBOT_1,24,9.18,0.967,1,0,1.1,5.53,0
2024-08-28 15:00:00,HAM_001,HAM_001_ROBOT_1,22,10.18,0.9731,1,0,1.31,4.13,0
2024-08-28 16:00:00,MUC_001,MUC_001_ROBOT_1,27,11.56,0.9822,0,0,1.32,4.36,0
2024-08-28 16:00:00,BER_001,BER_001_ROBOT_1,19,8.28,0.988,2,0,0.87,4.46,0
2024-08-28 16:00:00,HAM_001,HAM_001_ROBOT_1,11,10.96,0.959,2,0,0.83,4.53,0
2024-08-28 17:00:00,MUC_001,MUC_001_ROBOT_1,25,11.11,0.9795,0,0,1.58,4.89,0
2024-08-28 17:00:00,BER_001,BER_001_ROBOT_1,27,11.95,0.9893,2,0,0.52,5.18,0
2024-08-28 17:00:00,HAM_001,HAM_001_ROBOT_1,11,10.1,0.9599,1,0,1.63,4.97,0
2024-08-28 18:00:00,MUC_001,MUC_001_ROBOT_1,18,9.59,0.9728,1,0,1.45,4.44,0
2024-08-28 18:00:00,BER_001,BER_001_ROBOT_1,21,11.27,0.9706,2,0,1.1,5.41,0
2024-08-28 18:00:00,HAM_001,HAM_001_ROBOT_1,10,9.31,0.971,1,0,1.97,5.73,0
2024-08-28 19:00:00,MUC_001,MUC_001_ROBOT_1,20,11.64,0.9502,1,0,1.33,5.59,0
2024-08-28 19:00:00,BER_001,BER_001_ROBOT_1,29,11.01,0.9638,2,0,0.57,4.15,0
2024-08-28 19:00:00,HAM_001,HAM_001_ROBOT_1,28,11.92,0.9576,1,0,1.97,5.81,0
2024-08-28 20:00:00,MUC_001,MUC_001_ROBOT_1,11,9.75,0.9737,0,0,1.11,5.78,0
2024-08-28 20:00:00,BER_001,BER_001_ROBOT_1,15,8.38,0.9622,1,0,1.28,5.9,0
2024-08-28 20:00:00,HAM_001,HAM_001_ROBOT_1,26,10.39,0.9665,0,0,1.09,4.92,0
2024-08-28 21:00:00,MUC_001,MUC_001_ROBOT_1,23,11.45,0.9584,0,0,0.93,4.71,0
2024-08-28 21:00:00,BER_001,BER_001_ROBOT_1,10,8.81,0.9739,1,0,1.0,5.33,0
2024-08-28 21:00:00,HAM_001,HAM_001_ROBOT_1,10,9.03,0.9898,1,0,1.17,4.02,0
2024-08-28 22:00:00,MUC_001,MUC_001_ROBOT_1,29,10.27,0.967,1,0,1.62,5.93,0
2024-08-28 22:00:00,BER_001,BER_001_ROBOT_1,22,8.51,0.9841,2,0,1.15,4.79,0
2024-08-28 22:00:00,HAM_001,HAM_001_ROBOT_1,17,11.68,0.9831,0,0,1.32,5.78,0
2024-08-28 23:00:00,MUC_001,MUC_001_ROBOT_1,27,11.02,0.9589,0,0,0.81,4.76,0
2024-08-28 23:00:00,BER_001,BER_001_ROBOT_1,14,9.36,0.9817,0,0,1.54,4.31,0
2024-08-28 23:00:00,HAM_001,HAM_001_ROBOT_1,26,8.82,0.9754,1,0,1.73,5.5,0
2024-08-29 00:00:00,MUC_001,MUC_001_ROBOT_1,25,9.96,0.9526,1,0,1.39,5.65,0
2024-08-29 00:00:00,BER_001,BER_001_ROBOT_1,3,10.5,0.7847,9,49,1.81,5.71,1
2024-08-29 00:00:00,HAM_001,HAM_001_ROBOT_1,14,10.38,0.9508,0,0,1.78,4.72,0
2024-08-29 01:00:00,MUC_001,MUC_001_ROBOT_1,21,8.17,0.965,2,0,1.37,4.17,0
2024-08-29 01:00:00,BER_001,BER_001_ROBOT_1,20,11.67,0.95,1,0,1.22,4.12,0
2024-08-29 01:00:00,HAM_001,HAM_001_ROBOT_1,13,9.9,0.9693,0,0,1.89,4.13,0
2024-08-29 02:00:00,MUC_001,MUC_001_ROBOT_1,12,10.1,0.978,1,0,0.74,5.3,0
2024-08-29 02:00:00,BER_001,BER_001_ROBOT_1,28,9.04,0.9649,2,0,0.85,5.6,0
2024-08-29 02:00:00,HAM_001,HAM_001_ROBOT_1,25,8.35,0.9537,1,0,0.74,4.81,0
2024-08-29 03:00:00,MUC_001,MUC_001_ROBOT_1,21,9.1,0.958,2,0,1.5,4.91,0
2024-08-29 03:00:00,BER_001,BER_001_ROBOT_1,18,9.92,0.9692,2,0,0.85,5.77,0
2024-08-29 03:00:00,HAM_001,HAM_001_ROBOT_1,14,10.88,0.9848,0,0,1.59,4.51,0
2024-08-29 04:00:00,MUC_001,MUC_001_ROBOT_1,28,11.71,0.9836,2,0,1.96,4.61,0
2024-08-29 04:00:00,BER_001,BER_001_ROBOT_1,22,9.57,0.9532,2,0,1.95,4.3,0
2024-08-29 04:00:00,HAM_001,HAM_001_ROBOT_1,24,10.85,0.9552,0,0,1.12,5.43,0
2024-08-29 05:00:00,MUC_001,MUC_001_ROBOT_1,10,9.58,0.9897,2,0,1.19,5.88,0
2024-08-29 05:00:00,BER_001,BER_001_ROBOT_1,13,9.5,0.9718,2,0,0.72,4.6,0
2024-08-29 05:00:00,HAM_001,HAM_001_ROBOT_1,26,10.12,0.9638,2,0,1.47,4.31,0
2024-08-29 06:00:00,MUC_001,MUC_001_ROBOT_1,16,8.37,0.9649,0,0,1.34,4.18,0
2024-08-29 06:00:00,BER_001,BER_001_ROBOT_1,28,9.5,0.9873,1,0,1.89,4.53,0
2024-08-29 06:00:00,HAM_001,HAM_001_ROBOT_1,25,11.49,0.962,0,0,1.01,5.15,0
2024-08-29 07:00:00,MUC_001,MUC_001_ROBOT_1,22,8.08,0.9674,1,0,0.72,5.71,0
2024-08-29 07:00:00,BER_001,BER_001_ROBOT_1,30,8.17,0.9771,1,0,0.71,4.48,0
2024-08-29 07:00:00,HAM_001,HAM_001_ROBOT_1,21,9.88,0.9785,2,0,1.32,4.4,0
2024-08-29 08:00:00,MUC_001,MUC_001_ROBOT_1,23,10.0,0.9535,1,0,0.77,5.04,0
2024-08-29 08:00:00,BER_001,BER_001_ROBOT_1,23,10.2,0.9679,1,0,1.05,5.23,0
2024-08-29 08:00:00,HAM_001,HAM_001_ROBOT_1,26,8.38,0.9645,2,0,1.62,4.12,0
2024-08-29 09:00:00,MUC_001,MUC_001_ROBOT_1,28,11.48,0.9718,2,0,0.99,5.04,0
2024-08-29 09:00:00,BER_001,BER_001_ROBOT_1,20,8.46,0.9799,0,0,1.28,4.99,0
2024-08-29 09:00:00,HAM_001,HAM_001_ROBOT_1,23,11.56,0.9549,2,0,1.27,5.84,0
2024-08-29 10:00:00,MUC_001,MUC_001_ROBOT_1,5,11.75,0.8149,5,28,0.53,5.1,1
2024-08-29 10:00:00,BER_001,BER_001_ROBOT_1,27,9.75,0.9555,1,0,1.35,5.91,0
2024-08-29 10:00:00,HAM_001,HAM_001_ROBOT_1,18,10.03,0.986,0,0,1.09,5.71,0
2024-08-29 11:00:00,MUC_001,MUC_001_ROBOT_1,21,9.98,0.9709,0,0,1.06,4.39,0
2024-08-29 11:00:00,BER_001,BER_001_ROBOT_1,29,8.33,0.9684,0,0,0.96,5.08,0
2024-08-29 11:00:00,HAM_001,HAM_001_ROBOT_1,10,11.18,0.9886,0,0,0.55,4.78,0
2024-08-29 12:00:00,MUC_001,MUC_001_ROBOT_1,24,9.07,0.979,1,0,1.12,5.28,0
2024-08-29 12:00:00,BER_001,BER_001_ROBOT_1,28,9.07,0.9592,0,0,1.17,5.83,0
2024-08-29 12:00:00,HAM_001,HAM_001_ROBOT_1,29,11.08,0.9545,1,0,1.18,4.01,0
2024-08-29 13:00:00,MUC_001,MUC_001_ROBOT_1,20,9.69,0.9741,2,0,1.09,5.07,0
2024-08-29 13:00:00,BER_001,BER_001_ROBOT_1,18,11.14,0.9799,0,0,1.24,5.57,0
2024-08-29 13:00:00,HAM_001,HAM_001_ROBOT_1,20,9.76,0.9648,0,0,0.83,5.25,0
2024-08-29 14:00:00,MUC_001,MUC_001_ROBOT_1,30,10.71,0.9704,0,0,1.41,4.44,0
2024-08-29 14:00:00,BER_001,BER_001_ROBOT_1,15,10.37,0.983,1,0,0.59,4.34,0
2024-08-29 14:00:00,HAM_001,HAM_001_ROBOT_1,19,9.33,0.9534,1,0,1.35,5.87,0
2024-08-29 15:00:00,MUC_001,MUC_001_ROBOT_1,0,9.45,0.8017,7,34,1.84,5.39,1
2024-08-29 15:00:00,BER_001,BER_001_ROBOT_1,19,8.88,0.9646,0,0,1.32,5.74,0
2024-08-29 15:00:00,HAM_001,HAM_001_ROBOT_1,20,11.92,0.9755,2,0,0.56,5.57,0
2024-08-29 16:00:00,MUC_001,MUC_001_ROBOT_1,19,10.63,0.9821,1,0,1.36,4.31,0
2024-08-29 16:00:00,BER_001,BER_001_ROBOT_1,28,9.08,0.9781,2,0,0.62,5.25,0
2024-08-29 16:00:00,HAM_001,HAM_001_ROBOT_1,16,8.71,0.9859,1,0,1.93,5.98,0
2024-08-29 17:00:00,MUC_001,MUC_001_ROBOT_1,28,10.31,0.98,2,0,1.91,5.63,0
2024-08-29 17:00:00,BER_001,BER_001_ROBOT_1,29,9.35,0.9786,1,0,0.52,4.34,0
2024-08-29 17:00:00,HAM_001,HAM_001_ROBOT_1,26,9.6,0.9629,1,0,0.71,4.69,0
2024-08-29 18:00:00,MUC_001,MUC_001_ROBOT_1,20,11.42,0.9784,0,0,1.39,5.94,0
2024-08-29 18:00:00,BER_001,BER_001_ROBOT_1,28,11.73,0.9512,0,0,1.58,5.04,0
2024-08-29 18:00:00,HAM_001,HAM_001_ROBOT_1,27,9.93,0.9552,2,0,1.29,5.8,0
2024-08-29 19:00:00,MUC_001,MUC_001_ROBOT_1,18,8.03,0.959,2,0,1.12,5.67,0
2024-08-29 19:00:00,BER_001,BER_001_ROBOT_1,23,8.17,0.9683,0,0,1.73,5.34,0
2024-08-29 19:00:00,HAM_001,HAM_001_ROBOT_1,10,10.13,0.9898,1,0,1.7,4.87,0
2024-08-29 20:00:00,MUC_001,MUC_001_ROBOT_1,30,11.08,0.9847,2,0,1.82,4.52,0
2024-08-29 20:00:00,BER_001,BER_001_ROBOT_1,14,10.64,0.9858,0,0,1.14,4.94,0
2024-08-29 20:00:00,HAM_001,HAM_001_ROBOT_1,27,8.19,0.9727,1,0,0.83,4.07,0
2024-08-29 21:00:00,MUC_001,MUC_001_ROBOT_1,17,9.77,0.988,1,0,1.07,5.13,0
2024-08-29 21:00:00,BER_001,BER_001_ROBOT_1,16,10.02,0.9621,2,0,0.64,4.72,0
2024-08-29 21:00:00,HAM_001,HAM_001_ROBOT_1,25,8.58,0.965,2,0,1.7,5.03,0
2024-08-29 22:00:00,MUC_001,MUC_001_ROBOT_1,18,11.72,0.9591,1,0,0.95,4.19,0
2024-08-29 22:00:00,BER_001,BER_001_ROBOT_1,18,9.32,0.9883,2,0,0.69,4.93,0
2024-08-29 22:00:00,HAM_001,HAM_001_ROBOT_1,15,9.05,0.9616,2,0,0.78,4.17,0
2024-08-29 23:00:00,MUC_001,MUC_001_ROBOT_1,20,12.0,0.985,0,0,0.53,4.61,0
2024-08-29 23:00:00,BER_001,BER_001_ROBOT_1,19,10.89,0.9885,1,0,1.61,5.52,0
2024-08-29 23:00:00,HAM_001,HAM_001_ROBOT_1,29,8.34,0.9868,0,0,1.54,4.1,0
2024-08-30 00:00:00,MUC_001,MUC_001_ROBOT_1,1,9.06,0.7591,3,58,1.47,5.93,1
2024-08-30 00:00:00,BER_001,BER_001_ROBOT_1,22,9.55,0.9861,0,0,1.76,5.99,0
2024-08-30 00:00:00,HAM_001,HAM_001_ROBOT_1,12,9.79,0.9738,0,0,1.41,5.34,0
2024-08-30 01:00:00,MUC_001,MUC_001_ROBOT_1,26,11.39,0.9679,2,0,1.1,4.08,0
2024-08-30 01:00:00,BER_001,BER_001_ROBOT_1,21,9.62,0.9863,1,0,1.67,5.2,0
2024-08-30 01:00:00,HAM_001,HAM_001_ROBOT_1,19,10.68,0.953,0,0,1.18,4.55,0
2024-08-30 02:00:00,MUC_001,MUC_001_ROBOT_1,10,8.85,0.9736,1,0,0.64,4.56,0
2024-08-30 02:00:00,BER_001,BER_001_ROBOT_1,0,11.66,0.8486,6,18,1.21,5.51,1
2024-08-30 02:00:00,HAM_001,HAM_001_ROBOT_1,19,11.52,0.979,2,0,1.79,5.17,0
2024-08-30 03:00:00,MUC_001,MUC_001_ROBOT_1,22,8.73,0.9601,2,0,1.52,5.85,0
2024-08-30 03:00:00,BER_001,BER_001_ROBOT_1,24,11.06,0.9812,1,0,0.58,4.29,0
2024-08-30 03:00:00,HAM_001,HAM_001_ROBOT_1,11,11.46,0.9685,2,0,1.3,5.48,0
2024-08-30 04:00:00,MUC_001,MUC_001_ROBOT_1,21,11.94,0.9837,1,0,1.28,5.78,0
2024-08-30 04:00:00,BER_001,BER_001_ROBOT_1,25,11.26,0.9724,2,0,0.62,5.96,0
2024-08-30 04:00:00,HAM_001,HAM_001_ROBOT_1,15,10.71,0.9588,1,0,1.9,5.55,0
2024-08-30 05:00:00,MUC_001,MUC_001_ROBOT_1,10,11.41,0.9871,1,0,0.64,4.96,0
2024-08-30 05:00:00,BER_001,BER_001_ROBOT_1,20,8.91,0.9596,1,0,1.76,4.05,0
2024-08-30 05:00:00,HAM_001,HAM_001_ROBOT_1,24,9.67,0.9797,1,0,1.6,4.28,0
2024-08-30 06:00:00,MUC_001,MUC_001_ROBOT_1,30,9.33,0.9628,2,0,0.79,4.21,0
2024-08-30 06:00:00,BER_001,BER_001_ROBOT_1,19,9.77,0.9824,2,0,0.64,4.62,0
2024-08-30 06:00:00,HAM_001,HAM_001_ROBOT_1,4,10.82,0.7483,7,56,1.89,5.04,1
2024-08-30 07:00:00,MUC_001,MUC_001_ROBOT_1,30,10.95,0.9782,2,0,1.14,4.38,0
2024-08-30 07:00:00,BER_001,BER_001_ROBOT_1,21,8.93,0.9542,2,0,1.1,5.48,0
2024-08-30 07:00:00,HAM_001,HAM_001_ROBOT_1,25,11.01,0.9518,2,0,0.64,4.02,0
2024-08-30 08:00:00,MUC_001,MUC_001_ROBOT_1,27,9.89,0.9514,2,0,1.09,4.47,0
2024-08-30 08:00:00,BER_001,BER_001_ROBOT_1,30,11.2,0.9782,1,0,1.35,4.79,0
2024-08-30 08:00:00,HAM_001,HAM_001_ROBOT_1,21,11.01,0.9516,0,0,1.0,5.18,0
2024-08-30 09:00:00,MUC_001,MUC_001_ROBOT_1,12,9.23,0.9702,0,0,1.27,5.17,0
2024-08-30 09:00:00,BER_001,BER_001_ROBOT_1,16,9.49,0.9511,0,0,1.8,5.84,0
2024-08-30 09:00:00,HAM_001,HAM_001_ROBOT_1,20,8.38,0.9793,2,0,1.1,5.87,0
2024-08-30 10:00:00,MUC_001,MUC_001_ROBOT_1,23,10.27,0.9689,2,0,1.69,4.57,0
2024-08-30 10:00:00,BER_001,BER_001_ROBOT_1,20,10.81,0.9618,2,0,1.47,5.92,0
2024-08-30 10:00:00,HAM_001,HAM_001_ROBOT_1,19,10.74,0.9543,0,0,1.7,4.36,0
2024-08-30 11:00:00,MUC_001,MUC_001_ROBOT_1,1,8.25,0.7209,4,43,0.71,4.98,1
2024-08-30 11:00:00,BER_001,BER_001_ROBOT_1,16,8.6,0.9555,2,0,1.83,4.1,0
2024-08-30 11:00:00,HAM_001,HAM_001_ROBOT_1,27,9.49,0.957,2,0,1.6,5.62,0
2024-08-30 12:00:00,MUC_001,MUC_001_ROBOT_1,12,10.38,0.9835,1,0,0.74,5.49,0
2024-08-30 12:00:00,BER_001,BER_001_ROBOT_1,18,11.17,0.9592,1,0,1.24,5.98,0
2024-08-30 12:00:00,HAM_001,HAM_001_ROBOT_1,26,8.36,0.9765,1,0,1.85,5.33,0
2024-08-30 13:00:00,MUC_001,MUC_001_ROBOT_1,24,10.01,0.9582,1,0,1.63,5.55,0
2024-08-30 13:00:00,BER_001,BER_001_ROBOT_1,13,9.64,0.99,1,0,0.83,4.19,0
2024-08-30 13:00:00,HAM_001,HAM_001_ROBOT_1,23,11.87,0.9605,1,0,0.83,5.62,0
2024-08-30 14:00:00,MUC_001,MUC_001_ROBOT_1,19,8.12,0.9638,2,0,0.94,5.75,0
2024-08-30 14:00:00,BER_001,BER_001_ROBOT_1,16,10.51,0.9821,2,0,0.93,4.84,0
2024-08-30 14:00:00,HAM_001,HAM_001_ROBOT_1,18,9.52,0.979,2,0,0.68,5.72,0
2024-08-30 15:00:00,MUC_001,MUC_001_ROBOT_1,10,8.36,0.9802,0,0,1.98,4.49,0
2024-08-30 15:00:00,BER_001,BER_001_ROBOT_1,25,11.73,0.9691,1,0,1.58,5.68,0
2024-08-30 15:00:00,HAM_001,HAM_001_ROBOT_1,21,8.05,0.9654,0,0,1.61,4.15,0
2024-08-30 16:00:00,MUC_001,MUC_001_ROBOT_1,27,11.12,0.9637,2,0,1.14,5.53,0
2024-08-30 16:00:00,BER_001,BER_001_ROBOT_1,15,9.83,0.9846,1,0,1.02,4.65,0
2024-08-30 16:00:00,HAM_001,HAM_001_ROBOT_1,19,11.86,0.9649,0,0,1.17,5.93,0
2024-08-30 17:00:00,MUC_001,MUC_001_ROBOT_1,29,8.91,0.9647,1,0,1.69,4.01,0
2024-08-30 17:00:00,BER_001,BER_001_ROBOT_1,11,10.51,0.9886,2,0,0.62,4.88,0
2024-08-30 17:00:00,HAM_001,HAM_001_ROBOT_1,21,11.97,0.9691,1,0,0.97,4.38,0
2024-08-30 18:00:00,MUC_001,MUC_001_ROBOT_1,16,9.55,0.9533,1,0,1.56,4.83,0
2024-08-30 18:00:00,BER_001,BER_001_ROBOT_1,17,10.03,0.9623,2,0,1.59,4.44,0
2024-08-30 18:00:00,HAM_001,HAM_001_ROBOT_1,19,10.67,0.9696,2,0,1.93,5.38,0
2024-08-30 19:00:00,MUC_001,MUC_001_ROBOT_1,30,10.06,0.9793,2,0,1.98,5.83,0
2024-08-30 19:00:00,BER_001,BER_001_ROBOT_1,14,8.9,0.9508,0,0,0.58,4.15,0
2024-08-30 19:00:00,HAM_001,HAM_001_ROBOT_1,29,8.28,0.9616,1,0,1.16,4.09,0
2024-08-30 20:00:00,MUC_001,MUC_001_ROBOT_1,30,11.02,0.9541,1,0,1.02,4.91,0
2024-08-30 20:00:00,BER_001,BER_001_ROBOT_1,13,11.66,0.9634,1,0,1.06,5.51,0
2024-08-30 20:00:00,HAM_001,HAM_001_ROBOT_1,21,10.4,0.9733,0,0,1.84,4.51,0
2024-08-30 21:00:00,MUC_001,MUC_001_ROBOT_1,18,11.08,0.9569,0,0,0.63,4.09,0
2024-08-30 21:00:00,BER_001,BER_001_ROBOT_1,22,11.33,0.9829,1,0,1.45,4.61,0
2024-08-30 21:00:00,HAM_001,HAM_001_ROBOT_1,15,10.64,0.9771,0,0,1.9,5.77,0
2024-08-30 22:00:00,MUC_001,MUC_001_ROBOT_1,23,8.22,0.9503,0,0,0.53,5.73,0
2024-08-30 22:00:00,BER_001,BER_001_ROBOT_1,25,9.21,0.9602,1,0,1.09,5.01,0
2024-08-30 22:00:00,HAM_001,HAM_001_ROBOT_1,27,11.53,0.9594,2,0,0.95,5.62,0
2024-08-30 23:00:00,MUC_001,MUC_001_ROBOT_1,16,9.37,0.9541,0,0,1.14,5.83,0
2024-08-30 23:00:00,BER_001,BER_001_ROBOT_1,26,11.13,0.9559,0,0,1.77,4.0,0
2024-08-30 23:00:00,HAM_001,HAM_001_ROBOT_1,18,11.23,0.9507,2,0,1.49,5.12,0
2024-08-31 00:00:00,MUC_001,MUC_001_ROBOT_1,10,11.61,0.9847,2,0,1.24,5.66,0
2024-08-31 00:00:00,BER_001,BER_001_ROBOT_1,29,9.81,0.9834,2,0,1.13,4.44,0
2024-08-31 00:00:00,HAM_001,HAM_001_ROBOT_1,11,10.42,0.9566,0,0,1.35,4.04,0
2024-08-31 01:00:00,MUC_001,MUC_001_ROBOT_1,1,10.36,0.73,4,24,0.97,4.53,1
2024-08-31 01:00:00,BER_001,BER_001_ROBOT_1,17,11.11,0.9842,2,0,0.65,5.77,0
2024-08-31 01:00:00,HAM_001,HAM_001_ROBOT_1,26,9.09,0.9598,2,0,1.18,4.82,0
2024-08-31 02:00:00,MUC_001,MUC_001_ROBOT_1,30,9.2,0.9645,2,0,2.0,5.59,0
2024-08-31 02:00:00,BER_001,BER_001_ROBOT_1,30,10.8,0.9718,1,0,0.88,5.76,0
2024-08-31 02:00:00,HAM_001,HAM_001_ROBOT_1,30,11.1,0.9554,1,0,1.78,4.16,0
2024-08-31 03:00:00,MUC_001,MUC_001_ROBOT_1,19,9.3,0.9739,0,0,1.1,5.21,0
2024-08-31 03:00:00,BER_001,BER_001_ROBOT_1,15,11.47,0.9653,1,0,1.04,4.55,0
2024-08-31 03:00:00,HAM_001,HAM_001_ROBOT_1,12,10.3,0.9799,1,0,1.63,4.27,0
2024-08-31 04:00:00,MUC_001,MUC_001_ROBOT_1,17,10.84,0.9695,1,0,1.49,5.89,0
2024-08-31 04:00:00,BER_001,BER_001_ROBOT_1,11,11.54,0.9542,0,0,1.66,5.52,0
2024-08-31 04:00:00,HAM_001,HAM_001_ROBOT_1,14,10.12,0.9815,2,0,1.76,4.59,0
2024-08-31 05:00:00,MUC_001,MUC_001_ROBOT_1,10,10.42,0.9835,0,0,1.72,4.97,0
2024-08-31 05:00:00,BER_001,BER_001_ROBOT_1,20,10.97,0.9821,2,0,1.96,4.48,0
2024-08-31 05:00:00,HAM_001,HAM_001_ROBOT_1,4,10.94,0.8254,10,19,1.17,4.27,1
2024-08-31 06:00:00,MUC_001,MUC_001_ROBOT_1,25,9.77,0.9759,2,0,1.9,4.72,0
2024-08-31 06:00:00,BER_001,BER_001_ROBOT_1,12,8.53,0.9614,1,0,1.07,5.44,0
2024-08-31 06:00:00,HAM_001,HAM_001_ROBOT_1,5,10.0,0.7266,9,50,0.79,5.63,1
2024-08-31 07:00:00,MUC_001,MUC_001_ROBOT_1,17,11.39,0.981,0,0,1.9,4.83,0
2024-08-31 07:00:00,BER_001,BER_001_ROBOT_1,25,8.91,0.9712,1,0,1.07,5.85,0
2024-08-31 07:00:00,HAM_001,HAM_001_ROBOT_1,13,9.28,0.9658,2,0,0.91,4.8,0
2024-08-31 08:00:00,MUC_001,MUC_001_ROBOT_1,23,9.34,0.9687,2,0,0.56,4.41,0
2024-08-31 08:00:00,BER_001,BER_001_ROBOT_1,28,9.29,0.9596,1,0,1.28,4.82,0
2024-08-31 08:00:00,HAM_001,HAM_001_ROBOT_1,22,8.27,0.9674,2,0,2.0,4.0,0
2024-08-31 09:00:00,MUC_001,MUC_001_ROBOT_1,30,10.04,0.9856,0,0,0.72,4.25,0
2024-08-31 09:00:00,BER_001,BER_001_ROBOT_1,0,10.28,0.7693,6,28,0.93,5.08,1
2024-08-31 09:00:00,HAM_001,HAM_001_ROBOT_1,16,9.18,0.9801,0,0,0.57,4.6,0
2024-08-31 10:00:00,MUC_001,MUC_001_ROBOT_1,17,8.21,0.963,2,0,1.49,4.96,0
2024-08-31 10:00:00,BER_001,BER_001_ROBOT_1,30,8.14,0.962,1,0,0.83,5.84,0
2024-08-31 10:00:00,HAM_001,HAM_001_ROBOT_1,18,11.71,0.9573,2,0,0.58,5.37,0
2024-08-31 11:00:00,MUC_001,MUC_001_ROBOT_1,18,10.84,0.9824,2,0,0.91,5.23,0
2024-08-31 11:00:00,BER_001,BER_001_ROBOT_1,23,8.48,0.9878,2,0,1.26,5.95,0
2024-08-31 11:00:00,HAM_001,HAM_001_ROBOT_1,26,10.05,0.9541,0,0,1.79,5.14,0
2024-08-31 12:00:00,MUC_001,MUC_001_ROBOT_1,26,9.12,0.9648,2,0,1.01,5.4,0
2024-08-31 12:00:00,BER_001,BER_001_ROBOT_1,27,9.87,0.9622,2,0,0.64,4.3,0
2024-08-31 12:00:00,HAM_001,HAM_001_ROBOT_1,24,9.75,0.9806,0,0,1.38,4.76,0
2024-08-31 13:00:00,MUC_001,MUC_001_ROBOT_1,2,8.02,0.7713,7,46,1.84,5.62,1
2024-08-31 13:00:00,BER_001,BER_001_ROBOT_1,11,10.06,0.9846,2,0,1.36,5.54,0
2024-08-31 13:00:00,HAM_001,HAM_001_ROBOT_1,10,8.06,0.9701,0,0,1.66,5.26,0
2024-08-31 14:00:00,MUC_001,MUC_001_ROBOT_1,13,11.7,0.9761,0,0,1.83,4.47,0
2024-08-31 14:00:00,BER_001,BER_001_ROBOT_1,23,9.89,0.9838,0,0,1.27,4.63,0
2024-08-31 14:00:00,HAM_001,HAM_001_ROBOT_1,11,10.24,0.9837,2,0,1.03,4.29,0
2024-08-31 15:00:00,MUC_001,MUC_001_ROBOT_1,22,9.47,0.96,0,0,1.3,5.72,0
2024-08-31 15:00:00,BER_001,BER_001_ROBOT_1,17,10.84,0.9559,0,0,0.64,5.38,0
2024-08-31 15:00:00,HAM_001,HAM_001_ROBOT_1,19,9.23,0.9646,2,0,1.99,4.87,0
2024-08-31 16:00:00,MUC_001,MUC_001_ROBOT_1,27,11.84,0.9845,1,0,0.79,4.67,0
2024-08-31 16:00:00,BER_001,BER_001_ROBOT_1,0,9.27,0.7723,3,52,1.21,5.18,1
2024-08-31 16:00:00,HAM_001,HAM_001_ROBOT_1,14,11.64,0.9774,2,0,1.55,4.85,0
2024-08-31 17:00:00,MUC_001,MUC_001_ROBOT_1,19,11.28,0.9848,0,0,1.82,5.87,0
2024-08-31 17:00:00,BER_001,BER_001_ROBOT_1,30,9.48,0.9506,1,0,0.89,5.87,0
2024-08-31 17:00:00,HAM_001,HAM_001_ROBOT_1,24,11.47,0.9548,2,0,1.85,4.45,0
2024-08-31 18:00:00,MUC_001,MUC_001_ROBOT_1,30,8.32,0.9826,0,0,1.65,4.12,0
2024-08-31 18:00:00,BER_001,BER_001_ROBOT_1,20,9.54,0.9845,0,0,1.75,5.16,0
2024-08-31 18:00:00,HAM_001,HAM_001_ROBOT_1,20,8.02,0.9621,0,0,1.48,4.67,0
2024-08-31 19:00:00,MUC_001,MUC_001_ROBOT_1,15,9.32,0.9776,1,0,1.4,4.97,0
2024-08-31 19:00:00,BER_001,BER_001_ROBOT_1,14,11.19,0.9721,0,0,1.99,4.44,0
2024-08-31 19:00:00,HAM_001,HAM_001_ROBOT_1,23,11.39,0.9533,0,0,1.82,5.19,0
2024-08-31 20:00:00,MUC_001,MUC_001_ROBOT_1,24,8.93,0.9508,0,0,1.5,5.19,0
2024-08-31 20:00:00,BER_001,BER_001_ROBOT_1,25,11.96,0.9853,0,0,1.01,4.97,0
2024-08-31 20:00:00,HAM_001,HAM_001_ROBOT_1,5,9.29,0.7094,10,39,0.83,4.62,1
2024-08-31 21:00:00,MUC_001,MUC_001_ROBOT_1,0,8.96,0.838,6,57,1.21,5.12,1
2024-08-31 21:00:00,BER_001,BER_001_ROBOT_1,22,9.39,0.9644,0,0,1.47,4.53,0
2024-08-31 21:00:00,HAM_001,HAM_001_ROBOT_1,30,9.02,0.9577,0,0,1.53,4.54,0
2024-08-31 22:00:00,MUC_001,MUC_001_ROBOT_1,20,10.47,0.9845,2,0,1.74,4.28,0
2024-08-31 22:00:00,BER_001,BER_001_ROBOT_1,27,10.66,0.9892,2,0,1.18,4.66,0
2024-08-31 22:00:00,HAM_001,HAM_001_ROBOT_1,12,11.89,0.9509,1,0,1.1,4.37,0
2024-08-31 23:00:00,MUC_001,MUC_001_ROBOT_1,30,10.32,0.9556,0,0,1.39,4.2,0
2024-08-31 23:00:00,BER_001,BER_001_ROBOT_1,27,9.92,0.9504,2,0,0.67,4.29,0
2024-08-31 23:00:00,HAM_001,HAM_001_ROBOT_1,30,8.13,0.9773,2,0,0.89,5.56,0
2024-09-01 00:00:00,MUC_001,MUC_001_ROBOT_1,3,10.32,0.7618,8,34,1.66,4.74,1
2024-09-01 00:00:00,BER_001,BER_001_ROBOT_1,24,10.26,0.9558,2,0,0.88,5.65,0
2024-09-01 00:00:00,HAM_001,HAM_001_ROBOT_1,17,11.4,0.9867,1,0,1.76,4.4,0
2024-09-01 01:00:00,MUC_001,MUC_001_ROBOT_1,11,10.99,0.9699,0,0,1.86,4.3,0
2024-09-01 01:00:00,BER_001,BER_001_ROBOT_1,17,11.92,0.9773,2,0,0.58,4.1,0
2024-09-01 01:00:00,HAM_001,HAM_001_ROBOT_1,11,9.96,0.9748,0,0,1.01,5.56,0
2024-09-01 02:00:00,MUC_001,MUC_001_ROBOT_1,19,8.69,0.9518,2,0,1.36,4.91,0
2024-09-01 02:00:00,BER_001,BER_001_ROBOT_1,19,8.22,0.9851,1,0,1.47,5.45,0
2024-09-01 02:00:00,HAM_001,HAM_001_ROBOT_1,10,9.5,0.9772,1,0,1.51,4.25,0
2024-09-01 03:00:00,MUC_001,MUC_001_ROBOT_1,28,9.98,0.9695,1,0,1.35,5.59,0
2024-09-01 03:00:00,BER_001,BER_001_ROBOT_1,19,9.9,0.9627,0,0,0.76,4.32,0
2024-09-01 03:00:00,HAM_001,HAM_001_ROBOT_1,23,8.44,0.9763,2,0,1.2,5.62,0
2024-09-01 04:00:00,MUC_001,MUC_001_ROBOT_1,30,8.02,0.9591,0,0,1.34,4.58,0
2024-09-01 04:00:00,BER_001,BER_001_ROBOT_1,2,8.49,0.8145,9,23,0.77,5.62,1
2024-09-01 04:00:00,HAM_001,HAM_001_ROBOT_1,11,11.3,0.9813,0,0,0.69,5.74,0
2024-09-01 05:00:00,MUC_001,MUC_001_ROBOT_1,18,8.37,0.9893,0,0,1.74,4.68,0
2024-09-01 05:00:00,BER_001,BER_001_ROBOT_1,2,8.83,0.7502,4,35,0.74,5.51,1
2024-09-01 05:00:00,HAM_001,HAM_001_ROBOT_1,3,11.8,0.7656,6,35,1.81,5.36,1
2024-09-01 06:00:00,MUC_001,MUC_001_ROBOT_1,20,8.17,0.9525,2,0,1.63,5.65,0
2024-09-01 06:00:00,BER_001,BER_001_ROBOT_1,16,9.29,0.9726,2,0,1.25,4.82,0
2024-09-01 06:00:00,HAM_001,HAM_001_ROBOT_1,17,10.35,0.9708,1,0,1.85,5.6,0
2024-09-01 07:00:00,MUC_001,MUC_001_ROBOT_1,20,9.16,0.9594,0,0,0.8,4.09,0
2024-09-01 07:00:00,BER_001,BER_001_ROBOT_1,21,8.79,0.9883,2,0,1.64,4.2,0
2024-09-01 07:00:00,HAM_001,HAM_001_ROBOT_1,12,9.08,0.9801,1,0,0.58,4.34,0
2024-09-01 08:00:00,MUC_001,MUC_001_ROBOT_1,13,8.46,0.9791,2,0,0.97,5.91,0
2024-09-01 08:00:00,BER_001,BER_001_ROBOT_1,16,8.21,0.9514,2,0,1.09,4.27,0
2024-09-01 08:00:00,HAM_001,HAM_001_ROBOT_1,12,8.93,0.9761,1,0,1.63,4.01,0
2024-09-01 09:00:00,MUC_001,MUC_001_ROBOT_1,12,11.6,0.9629,0,0,0.62,4.57,0
2024-09-01 09:00:00,BER_001,BER_001_ROBOT_1,13,10.66,0.981,2,0,0.96,5.05,0
2024-09-01 09:00:00,HAM_001,HAM_001_ROBOT_1,12,9.13,0.9627,0,0,1.39,5.87,0
2024-09-01 10:00:00,MUC_001,MUC_001_ROBOT_1,23,10.64,0.9723,0,0,1.64,4.85,0
2024-09-01 10:00:00,BER_001,BER_001_ROBOT_1,13,10.89,0.9852,0,0,1.98,5.0,0
2024-09-01 10:00:00,HAM_001,HAM_001_ROBOT_1,16,8.36,0.9885,2,0,0.62,4.7,0
2024-09-01 11:00:00,MUC_001,MUC_001_ROBOT_1,27,10.49,0.9885,0,0,0.52,5.32,0
2024-09-01 11:00:00,BER_001,BER_001_ROBOT_1,20,11.88,0.9691,0,0,1.82,5.52,0
2024-09-01 11:00:00,HAM_001,HAM_001_ROBOT_1,14,9.89,0.9766,0,0,1.84,5.83,0
2024-09-01 12:00:00,MUC_001,MUC_001_ROBOT_1,13,10.15,0.9564,0,0,1.17,4.47,0
2024-09-01 12:00:00,BER_001,BER_001_ROBOT_1,21,10.3,0.9642,2,0,1.1,5.36,0
2024-09-01 12:00:00,HAM_001,HAM_001_ROBOT_1,24,11.96,0.9718,1,0,1.23,4.97,0
2024-09-01 13:00:00,MUC_001,MUC_001_ROBOT_1,3,11.64,0.8333,7,23,1.27,5.63,1
2024-09-01 13:00:00,BER_001,BER_001_ROBOT_1,10,9.08,0.9518,1,0,0.52,5.19,0
2024-09-01 13:00:00,HAM_001,HAM_001_ROBOT_1,4,8.0,0.7342,7,34,1.24,4.52,1
2024-09-01 14:00:00,MUC_001,MUC_001_ROBOT_1,4,9.77,0.785,8,27,1.62,4.55,1
2024-09-01 14:00:00,BER_001,BER_001_ROBOT_1,11,8.53,0.9677,2,0,1.53,5.84,0
2024-09-01 14:00:00,HAM_001,HAM_001_ROBOT_1,3,8.46,0.7737,8,39,0.59,4.63,1
2024-09-01 15:00:00,MUC_001,MUC_001_ROBOT_1,13,8.21,0.9696,2,0,0.93,4.28,0
2024-09-01 15:00:00,BER_001,BER_001_ROBOT_1,12,8.37,0.9601,1,0,0.84,5.79,0
2024-09-01 15:00:00,HAM_001,HAM_001_ROBOT_1,19,9.2,0.9669,1,0,0.92,5.37,0
2024-09-01 16:00:00,MUC_001,MUC_001_ROBOT_1,19,10.02,0.9762,1,0,0.66,4.28,0
2024-09-01 16:00:00,BER_001,BER_001_ROBOT_1,29,8.39,0.9829,1,0,1.07,4.85,0
2024-09-01 16:00:00,HAM_001,HAM_001_ROBOT_1,18,10.18,0.9569,0,0,1.24,4.24,0
2024-09-01 17:00:00,MUC_001,MUC_001_ROBOT_1,14,10.62,0.9677,2,0,0.5,5.89,0
2024-09-01 17:00:00,BER_001,BER_001_ROBOT_1,25,10.2,0.9519,2,0,0.89,5.4,0
2024-09-01 17:00:00,HAM_001,HAM_001_ROBOT_1,28,8.56,0.9889,0,0,1.89,4.83,0
2024-09-01 18:00:00,MUC_001,MUC_001_ROBOT_1,0,10.91,0.7855,5,41,1.23,4.57,1
2024-09-01 18:00:00,BER_001,BER_001_ROBOT_1,17,9.79,0.9599,1,0,1.01,5.36,0
2024-09-01 18:00:00,HAM_001,HAM_001_ROBOT_1,22,8.14,0.984,2,0,1.27,5.8,0
2024-09-01 19:00:00,MUC_001,MUC_001_ROBOT_1,27,11.11,0.9681,2,0,1.42,5.59,0
2024-09-01 19:00:00,BER_001,BER_001_ROBOT_1,26,8.56,0.9843,2,0,1.01,5.6,0
2024-09-01 19:00:00,HAM_001,HAM_001_ROBOT_1,27,11.34,0.9574,2,0,1.51,4.31,0
2024-09-01 20:00:00,MUC_001,MUC_001_ROBOT_1,10,8.57,0.9767,0,0,1.88,5.57,0
2024-09-01 20:00:00,BER_001,BER_001_ROBOT_1,27,8.73,0.9616,2,0,1.32,4.11,0
2024-09-01 20:00:00,HAM_001,HAM_001_ROBOT_1,29,9.88,0.9778,1,0,1.15,5.31,0
2024-09-01 21:00:00,MUC_001,MUC_001_ROBOT_1,25,9.59,0.9544,0,0,0.99,4.08,0
2024-09-01 21:00:00,BER_001,BER_001_ROBOT_1,16,8.44,0.9859,1,0,0.75,4.09,0
2024-09-01 21:00:00,HAM_001,HAM_001_ROBOT_1,30,8.39,0.9556,0,0,0.52,4.96,0
2024-09-01 22:00:00,MUC_001,MUC_001_ROBOT_1,20,8.22,0.9659,1,0,1.76,5.13,0
2024-09-01 22:00:00,BER_001,BER_001_ROBOT_1,15,11.7,0.954,1,0,1.21,4.91,0
2024-09-01 22:00:00,HAM_001,HAM_001_ROBOT_1,25,11.61,0.9745,1,0,0.68,4.79,0
2024-09-01 23:00:00,MUC_001,MUC_001_ROBOT_1,24,9.34,0.987,2,0,1.91,4.29,0
2024-09-01 23:00:00,BER_001,BER_001_ROBOT_1,15,8.3,0.9834,2,0,0.58,4.82,0
2024-09-01 23:00:00,HAM_001,HAM_001_ROBOT_1,25,10.67,0.9822,1,0,1.08,5.89,0
2024-09-02 00:00:00,MUC_001,MUC_001_ROBOT_1,16,10.38,0.9882,0,0,0.87,5.75,0
2024-09-02 00:00:00,BER_001,BER_001_ROBOT_1,22,10.19,0.9502,0,0,1.18,5.35,0
2024-09-02 00:00:00,HAM_001,HAM_001_ROBOT_1,13,10.02,0.9665,2,0,1.85,4.27,0
2024-09-02 01:00:00,MUC_001,MUC_001_ROBOT_1,25,8.65,0.9765,1,0,1.7,4.63,0
2024-09-02 01:00:00,BER_001,BER_001_ROBOT_1,16,10.17,0.9503,1,0,1.61,5.66,0
2024-09-02 01:00:00,HAM_001,HAM_001_ROBOT_1,29,11.27,0.9687,0,0,1.9,4.78,0
2024-09-02 02:00:00,MUC_001,MUC_001_ROBOT_1,10,11.31,0.9688,1,0,0.98,4.66,0
2024-09-02 02:00:00,BER_001,BER_001_ROBOT_1,28,9.07,0.9666,1,0,1.48,5.74,0
2024-09-02 02:00:00,HAM_001,HAM_001_ROBOT_1,30,8.13,0.979,2,0,1.97,5.54,0
2024-09-02 03:00:00,MUC_001,MUC_001_ROBOT_1,13,9.82,0.95,0,0,0.74,5.08,0
2024-09-02 03:00:00,BER_001,BER_001_ROBOT_1,18,10.17,0.9591,0,0,0.93,5.41,0
2024-09-02 03:00:00,HAM_001,HAM_001_ROBOT_1,23,10.46,0.9609,1,0,1.67,5.21,0
2024-09-02 04:00:00,MUC_001,MUC_001_ROBOT_1,11,11.26,0.9816,2,0,0.55,5.18,0
2024-09-02 04:00:00,BER_001,BER_001_ROBOT_1,22,9.2,0.9697,1,0,1.26,5.85,0
2024-09-02 04:00:00,HAM_001,HAM_001_ROBOT_1,13,8.4,0.9741,1,0,1.75,4.26,0
2024-09-02 05:00:00,MUC_001,MUC_001_ROBOT_1,29,11.36,0.9798,1,0,0.99,5.69,0
2024-09-02 05:00:00,BER_001,BER_001_ROBOT_1,30,10.94,0.9892,2,0,0.97,4.08,0
2024-09-02 05:00:00,HAM_001,HAM_001_ROBOT_1,17,11.67,0.9691,2,0,1.29,4.52,0
2024-09-02 06:00:00,MUC_001,MUC_001_ROBOT_1,26,8.4,0.9534,2,0,1.67,5.27,0
2024-09-02 06:00:00,BER_001,BER_001_ROBOT_1,10,9.21,0.9671,2,0,1.04,4.92,0
2024-09-02 06:00:00,HAM_001,HAM_001_ROBOT_1,11,10.95,0.9502,2,0,0.54,4.2,0
2024-09-02 07:00:00,MUC_001,MUC_001_ROBOT_1,28,8.86,0.9622,2,0,1.91,5.21,0
2024-09-02 07:00:00,BER_001,BER_001_ROBOT_1,24,9.35,0.9672,2,0,1.19,4.33,0
2024-09-02 07:00:00,HAM_001,HAM_001_ROBOT_1,30,8.26,0.9778,1,0,1.24,5.3,0
2024-09-02 08:00:00,MUC_001,MUC_001_ROBOT_1,28,11.58,0.9501,2,0,1.67,4.39,0
2024-09-02 08:00:00,BER_001,BER_001_ROBOT_1,15,10.49,0.9882,2,0,0.71,4.79,0
2024-09-02 08:00:00,HAM_001,HAM_001_ROBOT_1,14,9.91,0.9532,1,0,1.61,5.33,0
2024-09-02 09:00:00,MUC_001,MUC_001_ROBOT_1,28,9.51,0.9564,0,0,0.87,5.3,0
2024-09-02 09:00:00,BER_001,BER_001_ROBOT_1,27,11.57,0.9763,1,0,1.78,5.26,0
2024-09-02 09:00:00,HAM_001,HAM_001_ROBOT_1,28,10.07,0.9726,2,0,1.82,4.95,0
2024-09-02 10:00:00,MUC_001,MUC_001_ROBOT_1,19,9.97,0.9816,1,0,0.97,5.14,0
2024-09-02 10:00:00,BER_001,BER_001_ROBOT_1,22,11.92,0.9746,1,0,1.87,4.18,0
2024-09-02 10:00:00,HAM_001,HAM_001_ROBOT_1,14,8.58,0.9824,2,0,1.13,5.16,0
2024-09-02 11:00:00,MUC_001,MUC_001_ROBOT_1,22,11.38,0.9757,2,0,1.15,4.16,0
2024-09-02 11:00:00,BER_001,BER_001_ROBOT_1,23,10.2,0.9505,1,0,1.86,5.75,0
2024-09-02 11:00:00,HAM_001,HAM_001_ROBOT_1,22,8.27,0.9792,0,0,0.98,4.97,0
2024-09-02 12:00:00,MUC_001,MUC_001_ROBOT_1,24,11.59,0.9693,2,0,1.62,5.41,0
2024-09-02 12:00:00,BER_001,BER_001_ROBOT_1,26,10.12,0.9539,0,0,0.5,4.31,0
2024-09-02 12:00:00,HAM_001,HAM_001_ROBOT_1,16,11.53,0.9504,0,0,1.65,4.84,0
2024-09-02 13:00:00,MUC_001,MUC_001_ROBOT_1,30,10.61,0.9731,0,0,0.88,5.49,0
2024-09-02 13:00:00,BER_001,BER_001_ROBOT_1,16,10.24,0.981,2,0,1.23,5.15,0
2024-09-02 13:00:00,HAM_001,HAM_001_ROBOT_1,25,10.48,0.9825,2,0,0.99,4.86,0
2024-09-02 14:00:00,MUC_001,MUC_001_ROBOT_1,26,11.63,0.9538,2,0,1.22,5.7,0
2024-09-02 14:00:00,BER_001,BER_001_ROBOT_1,18,11.6,0.9808,0,0,0.77,4.25,0
2024-09-02 14:00:00,HAM_001,HAM_001_ROBOT_1,24,11.14,0.9738,0,0,1.62,4.99,0
2024-09-02 15:00:00,MUC_001,MUC_001_ROBOT_1,21,11.7,0.9834,0,0,1.59,4.11,0
2024-09-02 15:00:00,BER_001,BER_001_ROBOT_1,13,9.53,0.979,2,0,1.38,4.58,0
2024-09-02 15:00:00,HAM_001,HAM_001_ROBOT_1,26,11.79,0.9716,2,0,1.34,4.54,0
2024-09-02 16:00:00,MUC_001,MUC_001_ROBOT_1,17,8.66,0.9661,0,0,0.77,4.7,0
2024-09-02 16:00:00,BER_001,BER_001_ROBOT_1,16,9.99,0.9745,2,0,1.07,4.15,0
2024-09-02 16:00:00,HAM_001,HAM_001_ROBOT_1,21,11.69,0.9854,1,0,0.83,5.08,0
2024-09-02 17:00:00,MUC_001,MUC_001_ROBOT_1,17,10.24,0.9891,0,0,1.67,5.48,0
2024-09-02 17:00:00,BER_001,BER_001_ROBOT_1,30,9.58,0.9551,0,0,1.26,4.78,0
2024-09-02 17:00:00,HAM_001,HAM_001_ROBOT_1,26,9.81,0.9768,2,0,0.86,5.03,0
2024-09-02 18:00:00,MUC_001,MUC_001_ROBOT_1,19,9.49,0.9501,1,0,0.66,4.22,0
2024-09-02 18:00:00,BER_001,BER_001_ROBOT_1,23,10.0,0.9611,1,0,1.27,5.36,0
2024-09-02 18:00:00,HAM_001,HAM_001_ROBOT_1,18,11.81,0.9534,2,0,1.61,4.38,0
2024-09-02 19:00:00,MUC_001,MUC_001_ROBOT_1,24,11.06,0.9701,2,0,1.89,4.35,0
2024-09-02 19:00:00,BER_001,BER_001_ROBOT_1,15,11.21,0.9548,1,0,0.87,5.42,0
2024-09-02 19:00:00,HAM_001,HAM_001_ROBOT_1,10,9.71,0.9722,2,0,0.69,4.94,0
2024-09-02 20:00:00,MUC_001,MUC_001_ROBOT_1,27,8.9,0.9788,1,0,1.73,5.36,0
2024-09-02 20:00:00,BER_001,BER_001_ROBOT_1,21,10.98,0.9714,0,0,1.67,4.71,0
2024-09-02 20:00:00,HAM_001,HAM_001_ROBOT_1,20,9.28,0.9892,0,0,1.59,5.04,0
2024-09-02 21:00:00,MUC_001,MUC_001_ROBOT_1,12,10.02,0.9602,1,0,0.9,5.68,0
2024-09-02 21:00:00,BER_001,BER_001_ROBOT_1,2,8.77,0.7084,10,42,1.51,5.95,1
2024-09-02 21:00:00,HAM_001,HAM_001_ROBOT_1,14,8.41,0.9875,0,0,1.03,4.99,0
2024-09-02 22:00:00,MUC_001,MUC_001_ROBOT_1,22,8.82,0.9716,1,0,0.73,4.98,0
2024-09-02 22:00:00,BER_001,BER_001_ROBOT_1,29,8.22,0.9658,1,0,1.51,4.48,0
2024-09-02 22:00:00,HAM_001,HAM_001_ROBOT_1,12,8.55,0.9871,2,0,1.34,4.43,0
2024-09-02 23:00:00,MUC_001,MUC_001_ROBOT_1,19,9.21,0.9838,1,0,0.69,5.69,0
2024-09-02 23:00:00,BER_001,BER_001_ROBOT_1,12,8.67,0.9549,1,0,1.48,5.15,0
2024-09-02 23:00:00,HAM_001,HAM_001_ROBOT_1,10,9.34,0.9863,1,0,1.1,4.8,0
2024-09-03 00:00:00,MUC_001,MUC_001_ROBOT_1,25,8.81,0.966,0,0,1.37,5.44,0
2024-09-03 00:00:00,BER_001,BER_001_ROBOT_1,23,9.15,0.9656,1,0,1.93,4.52,0
2024-09-03 00:00:00,HAM_001,HAM_001_ROBOT_1,28,9.33,0.9885,1,0,1.05,4.49,0
2024-09-03 01:00:00,MUC_001,MUC_001_ROBOT_1,13,10.31,0.965,0,0,1.33,4.72,0
2024-09-03 01:00:00,BER_001,BER_001_ROBOT_1,25,9.04,0.989,2,0,0.92,5.9,0
2024-09-03 01:00:00,HAM_001,HAM_001_ROBOT_1,13,9.0,0.9824,2,0,1.88,4.77,0
2024-09-03 02:00:00,MUC_001,MUC_001_ROBOT_1,15,10.36,0.9847,2,0,1.17,4.64,0
2024-09-03 02:00:00,BER_001,BER_001_ROBOT_1,30,11.48,0.9572,0,0,1.31,4.82,0
2024-09-03 02:00:00,HAM_001,HAM_001_ROBOT_1,10,8.36,0.9688,1,0,0.82,4.78,0
2024-09-03 03:00:00,MUC_001,MUC_001_ROBOT_1,12,8.19,0.9561,1,0,1.94,4.23,0
2024-09-03 03:00:00,BER_001,BER_001_ROBOT_1,16,11.69,0.957,2,0,0.93,4.43,0
2024-09-03 03:00:00,HAM_001,HAM_001_ROBOT_1,24,10.75,0.9543,2,0,1.66,4.97,0
2024-09-03 04:00:00,MUC_001,MUC_001_ROBOT_1,12,8.45,0.9883,2,0,1.19,5.53,0
2024-09-03 04:00:00,BER_001,BER_001_ROBOT_1,27,11.68,0.9617,1,0,1.3,5.61,0
2024-09-03 04:00:00,HAM_001,HAM_001_ROBOT_1,18,8.26,0.9658,2,0,1.16,5.83,0
2024-09-03 05:00:00,MUC_001,MUC_001_ROBOT_1,15,8.37,0.9512,2,0,1.34,5.63,0
2024-09-03 05:00:00,BER_001,BER_001_ROBOT_1,20,8.06,0.976,1,0,1.37,5.61,0
2024-09-03 05:00:00,HAM_001,HAM_001_ROBOT_1,30,10.95,0.9654,0,0,1.06,5.93,0
2024-09-03 06:00:00,MUC_001,MUC_001_ROBOT_1,16,8.06,0.9516,0,0,0.86,5.22,0
2024-09-03 06:00:00,BER_001,BER_001_ROBOT_1,13,10.54,0.9555,0,0,1.45,4.27,0
2024-09-03 06:00:00,HAM_001,HAM_001_ROBOT_1,12,10.65,0.9684,2,0,0.72,4.21,0
2024-09-03 07:00:00,MUC_001,MUC_001_ROBOT_1,15,10.25,0.9527,0,0,1.68,4.01,0
2024-09-03 07:00:00,BER_001,BER_001_ROBOT_1,13,10.19,0.9704,1,0,0.59,4.09,0
2024-09-03 07:00:00,HAM_001,HAM_001_ROBOT_1,24,8.48,0.9605,2,0,1.22,4.94,0
2024-09-03 08:00:00,MUC_001,MUC_001_ROBOT_1,29,9.4,0.971,2,0,1.58,5.2,0
2024-09-03 08:00:00,BER_001,BER_001_ROBOT_1,25,11.46,0.9664,1,0,1.01,5.2,0
2024-09-03 08:00:00,HAM_001,HAM_001_ROBOT_1,24,9.83,0.9857,2,0,1.06,5.28,0
2024-09-03 09:00:00,MUC_001,MUC_001_ROBOT_1,18,9.77,0.9662,1,0,1.6,4.98,0
2024-09-03 09:00:00,BER_001,BER_001_ROBOT_1,14,9.77,0.9626,2,0,1.37,5.37,0
2024-09-03 09:00:00,HAM_001,HAM_001_ROBOT_1,20,8.08,0.9834,2,0,1.85,4.65,0
2024-09-03 10:00:00,MUC_001,MUC_001_ROBOT_1,29,10.55,0.9611,1,0,1.91,4.59,0
2024-09-03 10:00:00,BER_001,BER_001_ROBOT_1,12,10.53,0.9542,2,0,1.9,4.83,0
2024-09-03 10:00:00,HAM_001,HAM_001_ROBOT_1,21,8.22,0.9844,0,0,1.81,5.99,0
2024-09-03 11:00:00,MUC_001,MUC_001_ROBOT_1,15,11.57,0.9515,0,0,1.68,5.81,0
2024-09-03 11:00:00,BER_001,BER_001_ROBOT_1,13,8.76,0.9704,0,0,1.1,5.78,0
2024-09-03 11:00:00,HAM_001,HAM_001_ROBOT_1,10,11.13,0.9671,1,0,1.93,5.54,0
2024-09-03 12:00:00,MUC_001,MUC_001_ROBOT_1,21,9.71,0.971,1,0,1.92,4.96,0
2024-09-03 12:00:00,BER_001,BER_001_ROBOT_1,13,8.07,0.9701,1,0,0.69,4.49,0
2024-09-03 12:00:00,HAM_001,HAM_001_ROBOT_1,26,11.91,0.9731,2,0,1.36,5.38,0
2024-09-03 13:00:00,MUC_001,MUC_001_ROBOT_1,13,8.4,0.9821,0,0,1.65,5.51,0
2024-09-03 13:00:00,BER_001,BER_001_ROBOT_1,13,11.37,0.9812,0,0,1.51,4.28,0
2024-09-03 13:00:00,HAM_001,HAM_001_ROBOT_1,14,9.93,0.9881,0,0,1.28,5.9,0
2024-09-03 14:00:00,MUC_001,MUC_001_ROBOT_1,17,10.05,0.9786,2,0,1.99,5.34,0
2024-09-03 14:00:00,BER_001,BER_001_ROBOT_1,12,8.18,0.9737,0,0,0.74,4.34,0
2024-09-03 14:00:00,HAM_001,HAM_001_ROBOT_1,24,11.18,0.9662,0,0,1.09,5.51,0
2024-09-03 15:00:00,MUC_001,MUC_001_ROBOT_1,4,9.24,0.801,8,18,0.76,4.17,1
2024-09-03 15:00:00,BER_001,BER_001_ROBOT_1,28,9.73,0.9561,1,0,1.09,5.5,0
2024-09-03 15:00:00,HAM_001,HAM_001_ROBOT_1,10,8.97,0.9869,2,0,1.54,5.68,0
2024-09-03 16:00:00,MUC_001,MUC_001_ROBOT_1,14,10.39,0.957,2,0,0.74,4.57,0
2024-09-03 16:00:00,BER_001,BER_001_ROBOT_1,27,9.94,0.9537,1,0,1.82,4.54,0
2024-09-03 16:00:00,HAM_001,HAM_001_ROBOT_1,24,11.72,0.9863,1,0,1.43,5.68,0
2024-09-03 17:00:00,MUC_001,MUC_001_ROBOT_1,24,11.06,0.9609,2,0,1.96,5.68,0
2024-09-03 17:00:00,BER_001,BER_001_ROBOT_1,11,8.93,0.9635,1,0,1.4,4.14,0
2024-09-03 17:00:00,HAM_001,HAM_001_ROBOT_1,19,10.6,0.9674,0,0,0.59,5.03,0
2024-09-03 18:00:00,MUC_001,MUC_001_ROBOT_1,21,9.87,0.9865,2,0,1.78,5.17,0
2024-09-03 18:00:00,BER_001,BER_001_ROBOT_1,15,9.21,0.9662,2,0,1.62,4.43,0
2024-09-03 18:00:00,HAM_001,HAM_001_ROBOT_1,13,8.3,0.9805,0,0,1.54,5.66,0
2024-09-03 19:00:00,MUC_001,MUC_001_ROBOT_1,10,10.84,0.977,2,0,1.14,5.52,0
2024-09-03 19:00:00,BER_001,BER_001_ROBOT_1,4,10.6,0.7677,5,31,1.63,4.33,1
2024-09-03 19:00:00,HAM_001,HAM_001_ROBOT_1,27,8.99,0.9724,0,0,1.08,5.13,0
2024-09-03 20:00:00,MUC_001,MUC_001_ROBOT_1,26,9.71,0.9826,1,0,1.08,5.61,0
2024-09-03 20:00:00,BER_001,BER_001_ROBOT_1,20,9.57,0.9578,2,0,1.93,5.4,0
2024-09-03 20:00:00,HAM_001,HAM_001_ROBOT_1,17,10.19,0.9808,1,0,1.42,5.66,0
2024-09-03 21:00:00,MUC_001,MUC_001_ROBOT_1,24,8.63,0.971,1,0,0.92,4.01,0
2024-09-03 21:00:00,BER_001,BER_001_ROBOT_1,19,8.44,0.9681,1,0,1.2,4.32,0
2024-09-03 21:00:00,HAM_001,HAM_001_ROBOT_1,11,8.93,0.9891,0,0,1.65,5.81,0
2024-09-03 22:00:00,MUC_001,MUC_001_ROBOT_1,17,8.47,0.9694,0,0,1.57,4.97,0
2024-09-03 22:00:00,BER_001,BER_001_ROBOT_1,17,11.18,0.9829,1,0,0.82,4.26,0
2024-09-03 22:00:00,HAM_001,HAM_001_ROBOT_1,14,8.22,0.9708,2,0,0.63,4.09,0
2024-09-03 23:00:00,MUC_001,MUC_001_ROBOT_1,29,9.41,0.9514,1,0,1.09,4.56,0
2024-09-03 23:00:00,BER_001,BER_001_ROBOT_1,17,11.52,0.9864,1,0,0.8,4.35,0
2024-09-03 23:00:00,HAM_001,HAM_001_ROBOT_1,24,8.06,0.978,2,0,1.67,5.9,0
2024-09-04 00:00:00,MUC_001,MUC_001_ROBOT_1,26,9.4,0.9742,2,0,1.3,4.34,0
2024-09-04 00:00:00,BER_001,BER_001_ROBOT_1,21,9.14,0.9856,0,0,0.92,4.65,0
2024-09-04 00:00:00,HAM_001,HAM_001_ROBOT_1,11,11.53,0.9713,1,0,1.37,4.81,0
2024-09-04 01:00:00,MUC_001,MUC_001_ROBOT_1,26,10.72,0.9751,2,0,1.15,5.3,0
2024-09-04 01:00:00,BER_001,BER_001_ROBOT_1,0,9.91,0.803,8,16,0.63,4.35,1
2024-09-04 01:00:00,HAM_001,HAM_001_ROBOT_1,26,11.07,0.9899,0,0,0.75,5.09,0
2024-09-04 02:00:00,MUC_001,MUC_001_ROBOT_1,16,11.72,0.9605,1,0,1.93,4.58,0
2024-09-04 02:00:00,BER_001,BER_001_ROBOT_1,10,9.27,0.9528,1,0,1.48,4.75,0
2024-09-04 02:00:00,HAM_001,HAM_001_ROBOT_1,22,11.73,0.964,1,0,0.88,4.46,0
2024-09-04 03:00:00,MUC_001,MUC_001_ROBOT_1,15,11.84,0.9575,1,0,1.17,4.71,0
2024-09-04 03:00:00,BER_001,BER_001_ROBOT_1,25,11.07,0.9812,0,0,1.15,4.66,0
2024-09-04 03:00:00,HAM_001,HAM_001_ROBOT_1,30,10.89,0.9815,1,0,1.3,5.26,0
2024-09-04 04:00:00,MUC_001,MUC_001_ROBOT_1,30,9.95,0.9543,0,0,0.57,5.96,0
2024-09-04 04:00:00,BER_001,BER_001_ROBOT_1,0,10.71,0.7547,10,60,1.6,4.69,1
2024-09-04 04:00:00,HAM_001,HAM_001_ROBOT_1,22,10.15,0.9786,0,0,1.77,4.75,0
2024-09-04 05:00:00,MUC_001,MUC_001_ROBOT_1,4,10.68,0.838,6,47,1.97,5.3,1
2024-09-04 05:00:00,BER_001,BER_001_ROBOT_1,16,9.12,0.9814,0,0,1.99,4.76,0
2024-09-04 05:00:00,HAM_001,HAM_001_ROBOT_1,11,8.17,0.9525,2,0,1.53,4.07,0
2024-09-04 06:00:00,MUC_001,MUC_001_ROBOT_1,29,10.75,0.9865,1,0,1.32,4.32,0
2024-09-04 06:00:00,BER_001,BER_001_ROBOT_1,20,11.44,0.9838,0,0,0.54,4.39,0
2024-09-04 06:00:00,HAM_001,HAM_001_ROBOT_1,13,11.51,0.9818,2,0,1.75,4.7,0
2024-09-04 07:00:00,MUC_001,MUC_001_ROBOT_1,19,11.36,0.958,0,0,1.31,5.34,0
2024-09-04 07:00:00,BER_001,BER_001_ROBOT_1,18,9.16,0.9773,1,0,1.91,4.59,0
2024-09-04 07:00:00,HAM_001,HAM_001_ROBOT_1,28,8.71,0.9783,2,0,0.77,4.17,0
2024-09-04 08:00:00,MUC_001,MUC_001_ROBOT_1,3,9.69,0.7773,4,22,1.75,5.0,1
2024-09-04 08:00:00,BER_001,BER_001_ROBOT_1,22,11.29,0.9775,0,0,1.33,5.68,0
2024-09-04 08:00:00,HAM_001,HAM_001_ROBOT_1,27,9.52,0.9861,0,0,0.87,5.98,0
2024-09-04 09:00:00,MUC_001,MUC_001_ROBOT_1,15,11.06,0.9694,2,0,1.18,4.55,0
2024-09-04 09:00:00,BER_001,BER_001_ROBOT_1,18,9.48,0.9762,0,0,1.77,5.68,0
2024-09-04 09:00:00,HAM_001,HAM_001_ROBOT_1,11,8.62,0.9645,0,0,1.09,5.46,0
2024-09-04 10:00:00,MUC_001,MUC_001_ROBOT_1,30,10.51,0.9699,2,0,1.21,4.22,0
2024-09-04 10:00:00,BER_001,BER_001_ROBOT_1,10,8.08,0.9513,2,0,0.8,5.75,0
2024-09-04 10:00:00,HAM_001,HAM_001_ROBOT_1,10,8.29,0.9584,0,0,1.69,4.65,0
2024-09-04 11:00:00,MUC_001,MUC_001_ROBOT_1,3,11.26,0.7708,4,49,1.05,4.32,1
2024-09-04 11:00:00,BER_001,BER_001_ROBOT_1,14,8.52,0.9513,0,0,1.35,4.66,0
2024-09-04 11:00:00,HAM_001,HAM_001_ROBOT_1,19,8.09,0.9614,2,0,1.79,5.41,0
2024-09-04 12:00:00,MUC_001,MUC_001_ROBOT_1,30,10.85,0.9895,2,0,1.99,4.57,0
2024-09-04 12:00:00,BER_001,BER_001_ROBOT_1,16,8.18,0.9506,2,0,1.72,5.58,0
2024-09-04 12:00:00,HAM_001,HAM_001_ROBOT_1,14,9.64,0.9632,2,0,0.96,5.1,0
2024-09-04 13:00:00,MUC_001,MUC_001_ROBOT_1,14,11.48,0.962,1,0,1.17,5.38,0
2024-09-04 13:00:00,BER_001,BER_001_ROBOT_1,28,9.44,0.9507,2,0,0.98,5.81,0
2024-09-04 13:00:00,HAM_001,HAM_001_ROBOT_1,27,11.08,0.9701,0,0,1.47,4.22,0
2024-09-04 14:00:00,MUC_001,MUC_001_ROBOT_1,13,9.53,0.9859,1,0,1.99,5.9,0
2024-09-04 14:00:00,BER_001,BER_001_ROBOT_1,10,10.73,0.9845,1,0,1.93,4.21,0
2024-09-04 14:00:00,HAM_001,HAM_001_ROBOT_1,10,9.76,0.9576,2,0,1.83,5.24,0
2024-09-04 15:00:00,MUC_001,MUC_001_ROBOT_1,13,8.47,0.9649,2,0,1.71,5.65,0
2024-09-04 15:00:00,BER_001,BER_001_ROBOT_1,27,8.41,0.9743,1,0,0.93,5.35,0
2024-09-04 15:00:00,HAM_001,HAM_001_ROBOT_1,17,11.55,0.9769,0,0,1.86,4.33,0
2024-09-04 16:00:00,MUC_001,MUC_001_ROBOT_1,12,9.03,0.9786,0,0,1.12,4.11,0
2024-09-04 16:00:00,BER_001,BER_001_ROBOT_1,11,8.46,0.954,0,0,1.85,5.47,0
2024-09-04 16:00:00,HAM_001,HAM_001_ROBOT_1,18,11.99,0.9736,2,0,1.21,5.06,0
2024-09-04 17:00:00,MUC_001,MUC_001_ROBOT_1,11,9.32,0.9866,1,0,0.89,4.7,0
2024-09-04 17:00:00,BER_001,BER_001_ROBOT_1,25,9.18,0.9749,1,0,0.93,5.29,0
2024-09-04 17:00:00,HAM_001,HAM_001_ROBOT_1,15,8.67,0.9551,1,0,0.52,4.89,0
2024-09-04 18:00:00,MUC_001,MUC_001_ROBOT_1,22,8.49,0.9727,2,0,1.47,5.4,0
2024-09-04 18:00:00,BER_001,BER_001_ROBOT_1,10,10.74,0.9549,1,0,0.89,4.97,0
2024-09-04 18:00:00,HAM_001,HAM_001_ROBOT_1,22,8.7,0.9511,2,0,0.99,4.05,0
2024-09-04 19:00:00,MUC_001,MUC_001_ROBOT_1,24,8.53,0.9514,0,0,1.7,5.02,0
2024-09-04 19:00:00,BER_001,BER_001_ROBOT_1,18,11.16,0.9685,0,0,1.24,5.07,0
2024-09-04 19:00:00,HAM_001,HAM_001_ROBOT_1,17,11.3,0.9705,2,0,1.84,5.11,0
2024-09-04 20:00:00,MUC_001,MUC_001_ROBOT_1,27,8.42,0.9541,0,0,1.02,5.28,0
2024-09-04 20:00:00,BER_001,BER_001_ROBOT_1,22,9.09,0.9645,1,0,0.98,4.55,0
2024-09-04 20:00:00,HAM_001,HAM_001_ROBOT_1,11,8.96,0.9721,2,0,0.88,4.17,0
2024-09-04 21:00:00,MUC_001,MUC_001_ROBOT_1,20,9.77,0.9705,2,0,0.51,5.25,0
2024-09-04 21:00:00,BER_001,BER_001_ROBOT_1,10,10.36,0.9781,1,0,1.33,5.16,0
2024-09-04 21:00:00,HAM_001,HAM_001_ROBOT_1,12,9.43,0.9806,2,0,1.21,4.35,0
2024-09-04 22:00:00,MUC_001,MUC_001_ROBOT_1,15,10.88,0.9698,2,0,1.53,4.07,0
2024-09-04 22:00:00,BER_001,BER_001_ROBOT_1,28,8.68,0.9759,2,0,1.26,4.52,0
2024-09-04 22:00:00,HAM_001,HAM_001_ROBOT_1,11,10.85,0.981,0,0,0.84,5.15,0
2024-09-04 23:00:00,MUC_001,MUC_001_ROBOT_1,25,11.72,0.9875,2,0,1.57,4.86,0
2024-09-04 23:00:00,BER_001,BER_001_ROBOT_1,28,9.02,0.973,1,0,1.08,4.9,0
2024-09-04 23:00:00,HAM_001,HAM_001_ROBOT_1,25,10.41,0.9592,1,0,0.89,4.02,0
2024-09-05 00:00:00,MUC_001,MUC_001_ROBOT_1,24,8.8,0.9726,2,0,1.87,5.09,0
2024-09-05 00:00:00,BER_001,BER_001_ROBOT_1,12,11.95,0.9609,0,0,1.7,5.29,0
2024-09-05 00:00:00,HAM_001,HAM_001_ROBOT_1,19,10.72,0.9698,0,0,1.57,5.41,0
2024-09-05 01:00:00,MUC_001,MUC_001_ROBOT_1,26,9.61,0.9577,0,0,1.67,4.95,0
2024-09-05 01:00:00,BER_001,BER_001_ROBOT_1,22,10.18,0.9631,1,0,0.83,4.35,0
2024-09-05 01:00:00,HAM_001,HAM_001_ROBOT_1,20,11.33,0.9531,0,0,0.7,5.28,0
2024-09-05 02:00:00,MUC_001,MUC_001_ROBOT_1,12,11.6,0.9715,1,0,1.74,5.53,0
2024-09-05 02:00:00,BER_001,BER_001_ROBOT_1,21,9.3,0.9593,1,0,1.5,4.64,0
2024-09-05 02:00:00,HAM_001,HAM_001_ROBOT_1,28,9.53,0.9565,1,0,1.94,4.14,0
2024-09-05 03:00:00,MUC_001,MUC_001_ROBOT_1,22,9.68,0.9812,1,0,0.75,4.07,0
2024-09-05 03:00:00,BER_001,BER_001_ROBOT_1,27,8.53,0.9707,1,0,2.0,5.56,0
2024-09-05 03:00:00,HAM_001,HAM_001_ROBOT_1,18,8.8,0.9636,0,0,0.86,5.66,0
2024-09-05 04:00:00,MUC_001,MUC_001_ROBOT_1,3,8.92,0.7031,5,57,0.92,4.61,1
2024-09-05 04:00:00,BER_001,BER_001_ROBOT_1,29,8.75,0.9587,1,0,1.13,4.75,0
2024-09-05 04:00:00,HAM_001,HAM_001_ROBOT_1,18,9.8,0.9805,1,0,1.57,5.27,0
2024-09-05 05:00:00,MUC_001,MUC_001_ROBOT_1,22,9.39,0.9581,1,0,1.73,4.85,0
2024-09-05 05:00:00,BER_001,BER_001_ROBOT_1,19,11.63,0.9723,0,0,1.36,5.88,0
2024-09-05 05:00:00,HAM_001,HAM_001_ROBOT_1,29,9.79,0.9809,1,0,1.89,5.25,0
2024-09-05 06:00:00,MUC_001,MUC_001_ROBOT_1,16,11.02,0.9556,1,0,1.24,4.72,0
2024-09-05 06:00:00,BER_001,BER_001_ROBOT_1,12,10.47,0.9552,2,0,1.6,5.74,0
2024-09-05 06:00:00,HAM_001,HAM_001_ROBOT_1,29,10.99,0.9801,0,0,0.69,5.4,0
2024-09-05 07:00:00,MUC_001,MUC_001_ROBOT_1,25,10.84,0.9803,0,0,1.87,4.52,0
2024-09-05 07:00:00,BER_001,BER_001_ROBOT_1,13,8.56,0.9568,2,0,1.84,4.34,0
2024-09-05 07:00:00,HAM_001,HAM_001_ROBOT_1,23,9.4,0.9575,0,0,1.8,4.46,0
2024-09-05 08:00:00,MUC_001,MUC_001_ROBOT_1,12,11.28,0.9688,1,0,0.71,5.8,0
2024-09-05 08:00:00,BER_001,BER_001_ROBOT_1,5,8.6,0.7464,8,15,0.52,5.96,1
2024-09-05 08:00:00,HAM_001,HAM_001_ROBOT_1,11,9.48,0.9601,1,0,0.72,5.41,0
2024-09-05 09:00:00,MUC_001,MUC_001_ROBOT_1,17,11.48,0.9811,1,0,0.61,4.88,0
2024-09-05 09:00:00,BER_001,BER_001_ROBOT_1,19,10.0,0.9794,1,0,1.34,4.34,0
2024-09-05 09:00:00,HAM_001,HAM_001_ROBOT_1,28,8.28,0.9601,0,0,0.62,5.9,0
2024-09-05 10:00:00,MUC_001,MUC_001_ROBOT_1,14,10.97,0.976,1,0,1.48,4.2,0
2024-09-05 10:00:00,BER_001,BER_001_ROBOT_1,22,10.33,0.9541,2,0,1.49,4.35,0
2024-09-05 10:00:00,HAM_001,HAM_001_ROBOT_1,21,10.87,0.9552,0,0,0.63,5.86,0
2024-09-05 11:00:00,MUC_001,MUC_001_ROBOT_1,29,11.58,0.9585,2,0,1.01,5.59,0
2024-09-05 11:00:00,BER_001,BER_001_ROBOT_1,11,9.46,0.9596,2,0,0.86,4.14,0
2024-09-05 11:00:00,HAM_001,HAM_001_ROBOT_1,11,10.5,0.9652,1,0,1.3,4.07,0
2024-09-05 12:00:00,MUC_001,MUC_001_ROBOT_1,18,10.3,0.9618,0,0,1.98,4.88,0
2024-09-05 12:00:00,BER_001,BER_001_ROBOT_1,11,10.53,0.9739,1,0,1.56,5.46,0
2024-09-05 12:00:00,HAM_001,HAM_001_ROBOT_1,13,10.28,0.9746,1,0,0.58,4.21,0
2024-09-05 13:00:00,MUC_001,MUC_001_ROBOT_1,11,11.72,0.9665,0,0,1.11,5.88,0
2024-09-05 13:00:00,BER_001,BER_001_ROBOT_1,30,9.87,0.9851,1,0,1.95,5.76,0
2024-09-05 13:00:00,HAM_001,HAM_001_ROBOT_1,13,8.71,0.9751,1,0,1.73,4.14,0
2024-09-05 14:00:00,MUC_001,MUC_001_ROBOT_1,14,8.86,0.97,2,0,1.81,4.02,0
2024-09-05 14:00:00,BER_001,BER_001_ROBOT_1,20,11.25,0.9692,0,0,1.41,5.81,0
2024-09-05 14:00:00,HAM_001,HAM_001_ROBOT_1,30,8.01,0.9522,0,0,1.18,5.06,0
2024-09-05 15:00:00,MUC_001,MUC_001_ROBOT_1,29,8.4,0.9659,1,0,1.29,4.18,0
2024-09-05 15:00:00,BER_001,BER_001_ROBOT_1,10,11.96,0.9577,1,0,1.72,5.86,0
2024-09-05 15:00:00,HAM_001,HAM_001_ROBOT_1,16,12.0,0.9559,0,0,2.0,4.82,0
2024-09-05 16:00:00,MUC_001,MUC_001_ROBOT_1,11,8.31,0.9684,2,0,1.39,5.65,0
2024-09-05 16:00:00,BER_001,BER_001_ROBOT_1,30,9.05,0.9816,0,0,0.64,4.79,0
2024-09-05 16:00:00,HAM_001,HAM_001_ROBOT_1,12,9.67,0.9719,0,0,1.65,4.53,0
2024-09-05 17:00:00,MUC_001,MUC_001_ROBOT_1,18,11.62,0.9627,1,0,0.73,4.17,0
2024-09-05 17:00:00,BER_001,BER_001_ROBOT_1,23,9.95,0.9722,1,0,0.89,4.62,0
2024-09-05 17:00:00,HAM_001,HAM_001_ROBOT_1,25,8.45,0.9865,2,0,1.27,5.26,0
2024-09-05 18:00:00,MUC_001,MUC_001_ROBOT_1,5,8.7,0.796,7,45,1.34,4.35,1
2024-09-05 18:00:00,BER_001,BER_001_ROBOT_1,25,9.33,0.955,2,0,1.72,4.44,0
2024-09-05 18:00:00,HAM_001,HAM_001_ROBOT_1,20,8.65,0.9526,0,0,1.09,4.64,0
2024-09-05 19:00:00,MUC_001,MUC_001_ROBOT_1,25,9.4,0.9729,0,0,1.52,4.18,0
2024-09-05 19:00:00,BER_001,BER_001_ROBOT_1,22,9.65,0.9733,0,0,0.56,5.32,0
2024-09-05 19:00:00,HAM_001,HAM_001_ROBOT_1,12,10.0,0.961,2,0,1.63,5.25,0
2024-09-05 20:00:00,MUC_001,MUC_001_ROBOT_1,16,11.13,0.959,0,0,0.5,4.38,0
2024-09-05 20:00:00,BER_001,BER_001_ROBOT_1,30,11.59,0.9646,1,0,1.78,4.19,0
2024-09-05 20:00:00,HAM_001,HAM_001_ROBOT_1,21,10.5,0.9556,0,0,1.07,5.99,0
2024-09-05 21:00:00,MUC_001,MUC_001_ROBOT_1,18,10.86,0.9591,1,0,1.21,4.25,0
2024-09-05 21:00:00,BER_001,BER_001_ROBOT_1,28,9.96,0.9634,2,0,1.83,4.94,0
2024-09-05 21:00:00,HAM_001,HAM_001_ROBOT_1,21,11.03,0.9663,1,0,1.47,5.08,0
2024-09-05 22:00:00,MUC_001,MUC_001_ROBOT_1,14,9.4,0.9652,1,0,1.67,4.62,0
2024-09-05 22:00:00,BER_001,BER_001_ROBOT_1,10,11.69,0.9722,2,0,1.36,5.16,0
2024-09-05 22:00:00,HAM_001,HAM_001_ROBOT_1,19,10.0,0.9573,2,0,0.84,5.72,0
2024-09-05 23:00:00,MUC_001,MUC_001_ROBOT_1,20,9.98,0.9863,2,0,1.6,4.04,0
2024-09-05 23:00:00,BER_001,BER_001_ROBOT_1,16,10.93,0.9676,1,0,1.28,4.31,0
2024-09-05 23:00:00,HAM_001,HAM_001_ROBOT_1,29,9.76,0.9711,0,0,0.97,5.87,0
2024-09-06 00:00:00,MUC_001,MUC_001_ROBOT_1,29,9.9,0.9677,2,0,1.28,4.7,0
2024-09-06 00:00:00,BER_001,BER_001_ROBOT_1,13,9.72,0.9737,0,0,0.77,4.05,0
2024-09-06 00:00:00,HAM_001,HAM_001_ROBOT_1,16,10.22,0.9716,2,0,1.86,4.32,0
2024-09-06 01:00:00,MUC_001,MUC_001_ROBOT_1,15,10.39,0.9866,1,0,1.71,6.0,0
2024-09-06 01:00:00,BER_001,BER_001_ROBOT_1,18,10.65,0.9792,2,0,1.42,5.04,0
2024-09-06 01:00:00,HAM_001,HAM_001_ROBOT_1,25,8.15,0.9739,2,0,0.6,5.87,0
2024-09-06 02:00:00,MUC_001,MUC_001_ROBOT_1,29,10.71,0.9807,0,0,0.84,5.73,0
2024-09-06 02:00:00,BER_001,BER_001_ROBOT_1,25,11.91,0.9717,1,0,1.13,4.16,0
2024-09-06 02:00:00,HAM_001,HAM_001_ROBOT_1,27,8.79,0.9718,0,0,1.55,4.33,0
2024-09-06 03:00:00,MUC_001,MUC_001_ROBOT_1,11,8.49,0.983,2,0,1.88,5.58,0
2024-09-06 03:00:00,BER_001,BER_001_ROBOT_1,10,8.51,0.9718,2,0,0.6,4.58,0
2024-09-06 03:00:00,HAM_001,HAM_001_ROBOT_1,30,10.97,0.962,1,0,0.76,5.19,0
2024-09-06 04:00:00,MUC_001,MUC_001_ROBOT_1,20,10.39,0.978,0,0,0.85,5.1,0
2024-09-06 04:00:00,BER_001,BER_001_ROBOT_1,22,9.09,0.9733,0,0,1.23,4.58,0
2024-09-06 04:00:00,HAM_001,HAM_001_ROBOT_1,25,11.4,0.9723,1,0,1.66,5.97,0
2024-09-06 05:00:00,MUC_001,MUC_001_ROBOT_1,11,8.48,0.9881,1,0,1.41,5.34,0
2024-09-06 05:00:00,BER_001,BER_001_ROBOT_1,26,10.03,0.9765,2,0,0.6,5.67,0
2024-09-06 05:00:00,HAM_001,HAM_001_ROBOT_1,10,9.36,0.9734,0,0,0.9,5.3,0
2024-09-06 06:00:00,MUC_001,MUC_001_ROBOT_1,21,10.1,0.9774,2,0,1.54,5.68,0
2024-09-06 06:00:00,BER_001,BER_001_ROBOT_1,20,9.22,0.9703,0,0,1.52,4.86,0
2024-09-06 06:00:00,HAM_001,HAM_001_ROBOT_1,30,9.28,0.9712,1,0,1.88,5.79,0
2024-09-06 07:00:00,MUC_001,MUC_001_ROBOT_1,30,10.67,0.9841,2,0,0.92,5.12,0
2024-09-06 07:00:00,BER_001,BER_001_ROBOT_1,22,9.59,0.976,1,0,1.33,4.95,0
2024-09-06 07:00:00,HAM_001,HAM_001_ROBOT_1,13,8.8,0.9748,1,0,0.66,5.57,0
2024-09-06 08:00:00,MUC_001,MUC_001_ROBOT_1,16,11.22,0.9721,0,0,1.11,4.83,0
2024-09-06 08:00:00,BER_001,BER_001_ROBOT_1,18,10.62,0.989,1,0,0.53,4.95,0
2024-09-06 08:00:00,HAM_001,HAM_001_ROBOT_1,23,10.33,0.9799,1,0,1.94,5.03,0
2024-09-06 09:00:00,MUC_001,MUC_001_ROBOT_1,28,8.43,0.985,2,0,1.72,5.86,0
2024-09-06 09:00:00,BER_001,BER_001_ROBOT_1,28,9.79,0.9536,0,0,1.07,5.57,0
2024-09-06 09:00:00,HAM_001,HAM_001_ROBOT_1,3,8.77,0.8181,4,30,0.86,5.63,1
2024-09-06 10:00:00,MUC_001,MUC_001_ROBOT_1,30,10.63,0.9696,1,0,1.63,5.75,0
2024-09-06 10:00:00,BER_001,BER_001_ROBOT_1,17,9.52,0.9766,2,0,1.4,4.35,0
2024-09-06 10:00:00,HAM_001,HAM_001_ROBOT_1,15,9.49,0.9653,1,0,1.01,5.77,0
2024-09-06 11:00:00,MUC_001,MUC_001_ROBOT_1,12,10.98,0.982,2,0,1.13,5.62,0
2024-09-06 11:00:00,BER_001,BER_001_ROBOT_1,26,8.78,0.9819,2,0,0.5,4.5,0
2024-09-06 11:00:00,HAM_001,HAM_001_ROBOT_1,23,11.54,0.9877,0,0,1.2,5.83,0
2024-09-06 12:00:00,MUC_001,MUC_001_ROBOT_1,25,8.99,0.9733,1,0,1.94,5.78,0
2024-09-06 12:00:00,BER_001,BER_001_ROBOT_1,25,11.06,0.9614,0,0,1.22,4.87,0
2024-09-06 12:00:00,HAM_001,HAM_001_ROBOT_1,23,8.39,0.9663,1,0,1.38,5.11,0
2024-09-06 13:00:00,MUC_001,MUC_001_ROBOT_1,22,10.47,0.9778,1,0,1.76,5.37,0
2024-09-06 13:00:00,BER_001,BER_001_ROBOT_1,13,9.99,0.9573,2,0,0.99,5.43,0
2024-09-06 13:00:00,HAM_001,HAM_001_ROBOT_1,12,8.68,0.9611,2,0,1.77,4.44,0
2024-09-06 14:00:00,MUC_001,MUC_001_ROBOT_1,27,9.69,0.9599,1,0,0.58,5.36,0
2024-09-06 14:00:00,BER_001,BER_001_ROBOT_1,25,10.94,0.9848,1,0,1.69,4.67,0
2024-09-06 14:00:00,HAM_001,HAM_001_ROBOT_1,14,9.25,0.9598,2,0,0.74,4.61,0
2024-09-06 15:00:00,MUC_001,MUC_001_ROBOT_1,11,11.42,0.967,0,0,1.22,5.33,0
2024-09-06 15:00:00,BER_001,BER_001_ROBOT_1,19,9.34,0.9645,1,0,1.94,5.0,0
2024-09-06 15:00:00,HAM_001,HAM_001_ROBOT_1,19,8.34,0.9834,0,0,1.93,4.61,0
2024-09-06 16:00:00,MUC_001,MUC_001_ROBOT_1,24,11.37,0.9643,1,0,1.87,5.73,0
2024-09-06 16:00:00,BER_001,BER_001_ROBOT_1,24,9.68,0.9652,0,0,1.58,5.82,0
2024-09-06 16:00:00,HAM_001,HAM_001_ROBOT_1,4,10.21,0.8156,10,49,1.75,4.58,1
2024-09-06 17:00:00,MUC_001,MUC_001_ROBOT_1,22,9.23,0.9535,1,0,0.5,4.27,0
2024-09-06 17:00:00,BER_001,BER_001_ROBOT_1,27,11.11,0.9677,2,0,1.34,5.77,0
2024-09-06 17:00:00,HAM_001,HAM_001_ROBOT_1,25,9.1,0.959,0,0,1.27,4.17,0
2024-09-06 18:00:00,MUC_001,MUC_001_ROBOT_1,16,10.02,0.9892,1,0,1.31,4.0,0
2024-09-06 18:00:00,BER_001,BER_001_ROBOT_1,22,10.41,0.978,2,0,1.39,4.96,0
2024-09-06 18:00:00,HAM_001,HAM_001_ROBOT_1,29,11.29,0.9856,0,0,0.78,5.19,0
2024-09-06 19:00:00,MUC_001,MUC_001_ROBOT_1,19,10.49,0.9711,2,0,1.54,5.91,0
2024-09-06 19:00:00,BER_001,BER_001_ROBOT_1,17,11.12,0.9761,1,0,0.95,4.08,0
2024-09-06 19:00:00,HAM_001,HAM_001_ROBOT_1,21,11.86,0.9513,2,0,0.95,5.76,0
2024-09-06 20:00:00,MUC_001,MUC_001_ROBOT_1,25,9.29,0.9797,2,0,1.87,4.81,0
2024-09-06 20:00:00,BER_001,BER_001_ROBOT_1,12,8.45,0.9615,1,0,1.62,5.95,0
2024-09-06 20:00:00,HAM_001,HAM_001_ROBOT_1,15,8.75,0.9535,0,0,1.02,4.2,0
2024-09-06 21:00:00,MUC_001,MUC_001_ROBOT_1,18,11.82,0.978,0,0,1.38,4.41,0
2024-09-06 21:00:00,BER_001,BER_001_ROBOT_1,12,9.52,0.9716,1,0,0.69,5.95,0
2024-09-06 21:00:00,HAM_001,HAM_001_ROBOT_1,12,10.4,0.9864,0,0,1.14,4.28,0
2024-09-06 22:00:00,MUC_001,MUC_001_ROBOT_1,10,8.47,0.9769,0,0,0.65,5.08,0
2024-09-06 22:00:00,BER_001,BER_001_ROBOT_1,27,11.57,0.9885,1,0,0.96,4.24,0
2024-09-06 22:00:00,HAM_001,HAM_001_ROBOT_1,14,11.69,0.986,2,0,0.61,5.07,0
2024-09-06 23:00:00,MUC_001,MUC_001_ROBOT_1,25,8.73,0.9564,1,0,1.75,4.93,0
2024-09-06 23:00:00,BER_001,BER_001_ROBOT_1,23,8.51,0.9833,2,0,0.67,5.76,0
2024-09-06 23:00:00,HAM_001,HAM_001_ROBOT_1,29,9.28,0.989,2,0,0.71,4.62,0
2024-09-07 00:00:00,MUC_001,MUC_001_ROBOT_1,14,11.41,0.987,1,0,0.92,4.32,0
2024-09-07 00:00:00,BER_001,BER_001_ROBOT_1,19,9.82,0.9895,0,0,1.3,5.46,0
2024-09-07 00:00:00,HAM_001,HAM_001_ROBOT_1,20,8.08,0.9681,0,0,1.56,5.89,0
2024-09-07 01:00:00,MUC_001,MUC_001_ROBOT_1,17,9.54,0.9603,2,0,1.02,4.19,0
2024-09-07 01:00:00,BER_001,BER_001_ROBOT_1,29,8.45,0.9778,2,0,1.09,5.3,0
2024-09-07 01:00:00,HAM_001,HAM_001_ROBOT_1,25,9.84,0.9616,0,0,0.72,4.72,0
2024-09-07 02:00:00,MUC_001,MUC_001_ROBOT_1,25,9.57,0.9544,1,0,0.52,4.66,0
2024-09-07 02:00:00,BER_001,BER_001_ROBOT_1,27,8.47,0.9523,2,0,1.15,4.05,0
2024-09-07 02:00:00,HAM_001,HAM_001_ROBOT_1,25,9.18,0.9809,0,0,1.17,4.68,0
2024-09-07 03:00:00,MUC_001,MUC_001_ROBOT_1,25,8.18,0.9506,2,0,0.6,5.25,0
2024-09-07 03:00:00,BER_001,BER_001_ROBOT_1,23,8.86,0.9605,1,0,1.31,4.33,0
2024-09-07 03:00:00,HAM_001,HAM_001_ROBOT_1,12,9.54,0.9618,1,0,0.63,4.46,0
2024-09-07 04:00:00,MUC_001,MUC_001_ROBOT_1,23,10.18,0.9545,0,0,1.43,5.84,0
2024-09-07 04:00:00,BER_001,BER_001_ROBOT_1,19,10.3,0.9619,0,0,0.96,4.65,0
2024-09-07 04:00:00,HAM_001,HAM_001_ROBOT_1,30,9.58,0.9548,1,0,0.76,5.81,0
2024-09-07 05:00:00,MUC_001,MUC_001_ROBOT_1,20,10.43,0.9611,2,0,1.61,4.68,0
2024-09-07 05:00:00,BER_001,BER_001_ROBOT_1,28,8.31,0.9629,1,0,1.23,4.34,0
2024-09-07 05:00:00,HAM_001,HAM_001_ROBOT_1,26,8.05,0.9647,0,0,1.48,4.03,0
2024-09-07 06:00:00,MUC_001,MUC_001_ROBOT_1,21,8.6,0.9786,1,0,1.5,5.05,0
2024-09-07 06:00:00,BER_001,BER_001_ROBOT_1,21,8.48,0.9621,2,0,0.81,5.87,0
2024-09-07 06:00:00,HAM_001,HAM_001_ROBOT_1,17,10.22,0.9888,2,0,0.73,5.36,0
2024-09-07 07:00:00,MUC_001,MUC_001_ROBOT_1,29,10.5,0.9571,0,0,1.87,4.24,0
2024-09-07 07:00:00,BER_001,BER_001_ROBOT_1,20,11.57,0.986,1,0,0.99,5.92,0
2024-09-07 07:00:00,HAM_001,HAM_001_ROBOT_1,19,9.66,0.9519,1,0,1.83,4.35,0
2024-09-07 08:00:00,MUC_001,MUC_001_ROBOT_1,24,9.1,0.9504,0,0,1.17,4.79,0
2024-09-07 08:00:00,BER_001,BER_001_ROBOT_1,20,10.57,0.9834,2,0,1.57,5.97,0
2024-09-07 08:00:00,HAM_001,HAM_001_ROBOT_1,26,11.37,0.9702,1,0,1.99,5.23,0
2024-09-07 09:00:00,MUC_001,MUC_001_ROBOT_1,15,9.39,0.9788,2,0,1.49,4.36,0
2024-09-07 09:00:00,BER_001,BER_001_ROBOT_1,25,11.32,0.9873,1,0,0.83,5.17,0
2024-09-07 09:00:00,HAM_001,HAM_001_ROBOT_1,18,10.02,0.9615,2,0,0.7,4.59,0
2024-09-07 10:00:00,MUC_001,MUC_001_ROBOT_1,26,10.45,0.9577,0,0,1.48,5.05,0
2024-09-07 10:00:00,BER_001,BER_001_ROBOT_1,23,9.69,0.9763,0,0,0.52,4.45,0
2024-09-07 10:00:00,HAM_001,HAM_001_ROBOT_1,15,10.62,0.9713,0,0,1.01,4.5,0
2024-09-07 11:00:00,MUC_001,MUC_001_ROBOT_1,19,8.36,0.9555,0,0,1.11,4.41,0
2024-09-07 11:00:00,BER_001,BER_001_ROBOT_1,25,10.95,0.9868,1,0,0.81,5.31,0
2024-09-07 11:00:00,HAM_001,HAM_001_ROBOT_1,27,11.66,0.9883,0,0,1.67,5.83,0
2024-09-07 12:00:00,MUC_001,MUC_001_ROBOT_1,20,8.83,0.9802,0,0,1.54,4.2,0
2024-09-07 12:00:00,BER_001,BER_001_ROBOT_1,27,11.25,0.9613,1,0,1.22,5.27,0
2024-09-07 12:00:00,HAM_001,HAM_001_ROBOT_1,16,8.67,0.9708,2,0,1.33,5.43,0
2024-09-07 13:00:00,MUC_001,MUC_001_ROBOT_1,30,8.77,0.9801,1,0,0.97,4.33,0
2024-09-07 13:00:00,BER_001,BER_001_ROBOT_1,12,11.89,0.952,0,0,1.9,4.51,0
2024-09-07 13:00:00,HAM_001,HAM_001_ROBOT_1,23,8.11,0.9694,0,0,0.72,4.49,0
2024-09-07 14:00:00,MUC_001,MUC_001_ROBOT_1,30,8.42,0.97,0,0,0.57,5.66,0
2024-09-07 14:00:00,BER_001,BER_001_ROBOT_1,10,9.24,0.9648,1,0,0.52,4.41,0
2024-09-07 14:00:00,HAM_001,HAM_001_ROBOT_1,2,11.36,0.797,10,56,0.8,5.24,1
2024-09-07 15:00:00,MUC_001,MUC_001_ROBOT_1,30,11.09,0.959,1,0,1.92,4.11,0
2024-09-07 15:00:00,BER_001,BER_001_ROBOT_1,28,9.23,0.9621,2,0,1.11,5.38,0
2024-09-07 15:00:00,HAM_001,HAM_001_ROBOT_1,12,8.22,0.9807,0,0,1.56,5.25,0
2024-09-07 16:00:00,MUC_001,MUC_001_ROBOT_1,18,10.62,0.9514,2,0,0.53,4.94,0
2024-09-07 16:00:00,BER_001,BER_001_ROBOT_1,13,11.32,0.9697,0,0,1.75,4.68,0
2024-09-07 16:00:00,HAM_001,HAM_001_ROBOT_1,24,10.48,0.9736,1,0,0.94,5.29,0
2024-09-07 17:00:00,MUC_001,MUC_001_ROBOT_1,29,11.87,0.9839,1,0,0.55,4.51,0
2024-09-07 17:00:00,BER_001,BER_001_ROBOT_1,18,11.08,0.9879,2,0,0.65,4.77,0
2024-09-07 17:00:00,HAM_001,HAM_001_ROBOT_1,27,10.72,0.9779,0,0,0.76,4.29,0
2024-09-07 18:00:00,MUC_001,MUC_001_ROBOT_1,28,10.66,0.9568,0,0,1.5,5.52,0
2024-09-07 18:00:00,BER_001,BER_001_ROBOT_1,10,9.34,0.9885,0,0,0.5,5.02,0
2024-09-07 18:00:00,HAM_001,HAM_001_ROBOT_1,23,9.12,0.9763,0,0,1.16,5.18,0
2024-09-07 19:00:00,MUC_001,MUC_001_ROBOT_1,26,11.43,0.979,2,0,1.69,4.64,0
2024-09-07 19:00:00,BER_001,BER_001_ROBOT_1,23,11.46,0.9887,2,0,1.58,5.33,0
2024-09-07 19:00:00,HAM_001,HAM_001_ROBOT_1,27,11.02,0.9784,0,0,1.61,4.82,0
2024-09-07 20:00:00,MUC_001,MUC_001_ROBOT_1,24,10.44,0.9607,0,0,1.16,5.24,0
2024-09-07 20:00:00,BER_001,BER_001_ROBOT_1,29,11.88,0.9739,0,0,0.95,4.98,0
2024-09-07 20:00:00,HAM_001,HAM_001_ROBOT_1,29,9.4,0.9701,2,0,0.89,5.34,0
2024-09-07 21:00:00,MUC_001,MUC_001_ROBOT_1,27,9.23,0.9605,2,0,1.76,5.03,0
2024-09-07 21:00:00,BER_001,BER_001_ROBOT_1,21,8.33,0.9876,2,0,0.78,4.66,0
2024-09-07 21:00:00,HAM_001,HAM_001_ROBOT_1,28,8.13,0.98,1,0,0.73,5.4,0
2024-09-07 22:00:00,MUC_001,MUC_001_ROBOT_1,25,9.9,0.9843,1,0,0.56,4.93,0
2024-09-07 22:00:00,BER_001,BER_001_ROBOT_1,25,11.49,0.9506,0,0,0.88,4.57,0
2024-09-07 22:00:00,HAM_001,HAM_001_ROBOT_1,1,11.84,0.7986,8,37,1.6,4.3,1
2024-09-07 23:00:00,MUC_001,MUC_001_ROBOT_1,13,9.67,0.9802,2,0,1.51,5.22,0
2024-09-07 23:00:00,BER_001,BER_001_ROBOT_1,24,11.64,0.9613,1,0,1.36,5.37,0
2024-09-07 23:00:00,HAM_001,HAM_001_ROBOT_1,11,11.04,0.9863,2,0,2.0,5.17,0
2024-09-08 00:00:00,MUC_001,MUC_001_ROBOT_1,26,9.52,0.9527,2,0,1.28,4.54,0
2024-09-08 00:00:00,BER_001,BER_001_ROBOT_1,24,9.66,0.9878,2,0,1.82,4.51,0
2024-09-08 00:00:00,HAM_001,HAM_001_ROBOT_1,28,10.4,0.9868,1,0,0.57,4.47,0
2024-09-08 01:00:00,MUC_001,MUC_001_ROBOT_1,1,9.55,0.7328,7,38,0.94,4.12,1
2024-09-08 01:00:00,BER_001,BER_001_ROBOT_1,22,8.46,0.9881,0,0,1.96,4.4,0
2024-09-08 01:00:00,HAM_001,HAM_001_ROBOT_1,19,11.49,0.9785,1,0,0.67,4.56,0
2024-09-08 02:00:00,MUC_001,MUC_001_ROBOT_1,18,10.18,0.9615,1,0,1.6,5.81,0
2024-09-08 02:00:00,BER_001,BER_001_ROBOT_1,14,8.35,0.9847,2,0,1.93,4.64,0
2024-09-08 02:00:00,HAM_001,HAM_001_ROBOT_1,30,9.79,0.9701,1,0,0.63,4.44,0
2024-09-08 03:00:00,MUC_001,MUC_001_ROBOT_1,12,10.18,0.9742,0,0,1.78,4.19,0
2024-09-08 03:00:00,BER_001,BER_001_ROBOT_1,14,10.45,0.9772,0,0,1.77,4.91,0
2024-09-08 03:00:00,HAM_001,HAM_001_ROBOT_1,11,9.5,0.9822,1,0,0.61,5.42,0
2024-09-08 04:00:00,MUC_001,MUC_001_ROBOT_1,16,10.51,0.9737,1,0,0.92,4.75,0
2024-09-08 04:00:00,BER_001,BER_001_ROBOT_1,12,9.61,0.9619,2,0,0.81,5.93,0
2024-09-08 04:00:00,HAM_001,HAM_001_ROBOT_1,24,8.57,0.9624,1,0,0.57,4.96,0
2024-09-08 05:00:00,MUC_001,MUC_001_ROBOT_1,13,9.46,0.9628,2,0,1.87,5.08,0
2024-09-08 05:00:00,BER_001,BER_001_ROBOT_1,14,8.06,0.9717,1,0,1.5,5.52,0
2024-09-08 05:00:00,HAM_001,HAM_001_ROBOT_1,24,9.18,0.9588,2,0,0.79,5.44,0
2024-09-08 06:00:00,MUC_001,MUC_001_ROBOT_1,21,9.12,0.977,1,0,0.66,4.15,0
2024-09-08 06:00:00,BER_001,BER_001_ROBOT_1,13,8.96,0.9555,1,0,0.52,4.37,0
2024-09-08 06:00:00,HAM_001,HAM_001_ROBOT_1,16,9.81,0.9794,2,0,1.65,4.93,0
2024-09-08 07:00:00,MUC_001,MUC_001_ROBOT_1,19,11.56,0.9644,0,0,0.76,4.96,0
2024-09-08 07:00:00,BER_001,BER_001_ROBOT_1,17,8.22,0.9739,2,0,0.96,5.83,0
2024-09-08 07:00:00,HAM_001,HAM_001_ROBOT_1,12,11.56,0.9852,0,0,0.95,5.44,0
2024-09-08 08:00:00,MUC_001,MUC_001_ROBOT_1,16,9.5,0.9637,1,0,1.83,5.5,0
2024-09-08 08:00:00,BER_001,BER_001_ROBOT_1,10,9.52,0.9673,0,0,1.78,5.55,0
2024-09-08 08:00:00,HAM_001,HAM_001_ROBOT_1,28,10.08,0.9558,1,0,1.22,4.98,0
2024-09-08 09:00:00,MUC_001,MUC_001_ROBOT_1,30,11.79,0.9592,2,0,1.27,4.87,0
2024-09-08 09:00:00,BER_001,BER_001_ROBOT_1,19,10.4,0.9647,1,0,1.24,4.26,0
2024-09-08 09:00:00,HAM_001,HAM_001_ROBOT_1,21,9.53,0.9757,0,0,1.96,5.74,0
2024-09-08 10:00:00,MUC_001,MUC_001_ROBOT_1,19,10.89,0.9591,2,0,0.88,4.12,0
2024-09-08 10:00:00,BER_001,BER_001_ROBOT_1,19,9.21,0.966,0,0,0.77,4.93,0
2024-09-08 10:00:00,HAM_001,HAM_001_ROBOT_1,10,8.9,0.9613,1,0,0.96,5.24,0
2024-09-08 11:00:00,MUC_001,MUC_001_ROBOT_1,27,8.53,0.9551,2,0,1.06,5.04,0
2024-09-08 11:00:00,BER_001,BER_001_ROBOT_1,20,11.58,0.9767,1,0,0.91,4.02,0
2024-09-08 11:00:00,HAM_001,HAM_001_ROBOT_1,28,10.31,0.9517,2,0,1.88,4.35,0
2024-09-08 12:00:00,MUC_001,MUC_001_ROBOT_1,21,11.99,0.9834,2,0,1.03,4.54,0
2024-09-08 12:00:00,BER_001,BER_001_ROBOT_1,14,11.86,0.9756,1,0,0.85,5.06,0
2024-09-08 12:00:00,HAM_001,HAM_001_ROBOT_1,22,9.18,0.9898,2,0,0.92,5.87,0
2024-09-08 13:00:00,MUC_001,MUC_001_ROBOT_1,10,9.18,0.9579,2,0,0.59,4.37,0
2024-09-08 13:00:00,BER_001,BER_001_ROBOT_1,21,9.46,0.9585,2,0,0.93,4.57,0
2024-09-08 13:00:00,HAM_001,HAM_001_ROBOT_1,28,8.28,0.9757,2,0,1.42,4.79,0
2024-09-08 14:00:00,MUC_001,MUC_001_ROBOT_1,3,8.14,0.7007,6,54,1.61,5.2,1
2024-09-08 14:00:00,BER_001,BER_001_ROBOT_1,10,10.29,0.9564,1,0,1.52,5.67,0
2024-09-08 14:00:00,HAM_001,HAM_001_ROBOT_1,11,8.92,0.9643,1,0,0.8,4.9,0
2024-09-08 15:00:00,MUC_001,MUC_001_ROBOT_1,20,9.75,0.9562,2,0,1.24,5.62,0
2024-09-08 15:00:00,BER_001,BER_001_ROBOT_1,12,8.99,0.9649,2,0,0.51,5.26,0
2024-09-08 15:00:00,HAM_001,HAM_001_ROBOT_1,25,11.96,0.9632,0,0,1.72,4.37,0
2024-09-08 16:00:00,MUC_001,MUC_001_ROBOT_1,10,11.55,0.9634,1,0,0.84,4.21,0
2024-09-08 16:00:00,BER_001,BER_001_ROBOT_1,29,10.99,0.9584,2,0,1.58,4.05,0
2024-09-08 16:00:00,HAM_001,HAM_001_ROBOT_1,19,9.93,0.9747,0,0,0.74,4.67,0
2024-09-08 17:00:00,MUC_001,MUC_001_ROBOT_1,13,8.33,0.9531,2,0,1.88,4.84,0
2024-09-08 17:00:00,BER_001,BER_001_ROBOT_1,5,8.85,0.7155,5,54,1.15,4.92,1
2024-09-08 17:00:00,HAM_001,HAM_001_ROBOT_1,15,11.28,0.9716,2,0,1.89,4.56,0
2024-09-08 18:00:00,MUC_001,MUC_001_ROBOT_1,12,8.24,0.9741,1,0,0.63,4.0,0
2024-09-08 18:00:00,BER_001,BER_001_ROBOT_1,5,9.93,0.7963,3,15,1.15,4.72,1
2024-09-08 18:00:00,HAM_001,HAM_001_ROBOT_1,25,11.4,0.9802,0,0,1.37,5.28,0
2024-09-08 19:00:00,MUC_001,MUC_001_ROBOT_1,26,9.47,0.9772,2,0,1.96,4.18,0
2024-09-08 19:00:00,BER_001,BER_001_ROBOT_1,17,11.37,0.9674,2,0,0.97,5.71,0
2024-09-08 19:00:00,HAM_001,HAM_001_ROBOT_1,22,10.7,0.9703,1,0,1.52,5.08,0
2024-09-08 20:00:00,MUC_001,MUC_001_ROBOT_1,18,10.0,0.9883,1,0,1.93,4.6,0
2024-09-08 20:00:00,BER_001,BER_001_ROBOT_1,11,10.56,0.9712,1,0,1.02,5.71,0
2024-09-08 20:00:00,HAM_001,HAM_001_ROBOT_1,17,11.64,0.9706,1,0,0.78,5.8,0
2024-09-08 21:00:00,MUC_001,MUC_001_ROBOT_1,13,9.91,0.9527,0,0,1.58,4.65,0
2024-09-08 21:00:00,BER_001,BER_001_ROBOT_1,12,11.18,0.9532,2,0,1.15,4.12,0
2024-09-08 21:00:00,HAM_001,HAM_001_ROBOT_1,18,9.74,0.9647,1,0,1.19,5.51,0
2024-09-08 22:00:00,MUC_001,MUC_001_ROBOT_1,24,11.18,0.9568,0,0,1.58,5.01,0
2024-09-08 22:00:00,BER_001,BER_001_ROBOT_1,10,8.76,0.9534,0,0,1.07,5.53,0
2024-09-08 22:00:00,HAM_001,HAM_001_ROBOT_1,10,9.75,0.9819,1,0,1.02,5.64,0
2024-09-08 23:00:00,MUC_001,MUC_001_ROBOT_1,21,8.89,0.9533,0,0,1.96,4.43,0
2024-09-08 23:00:00,BER_001,BER_001_ROBOT_1,24,8.84,0.9846,0,0,1.29,4.91,0
2024-09-08 23:00:00,HAM_001,HAM_001_ROBOT_1,11,9.76,0.956,2,0,1.95,5.57,0
2024-09-09 00:00:00,MUC_001,MUC_001_ROBOT_1,16,11.46,0.9681,0,0,1.23,4.23,0
2024-09-09 00:00:00,BER_001,BER_001_ROBOT_1,13,10.23,0.9773,2,0,1.36,4.46,0
2024-09-09 00:00:00,HAM_001,HAM_001_ROBOT_1,16,11.05,0.9717,2,0,1.52,4.63,0
2024-09-09 01:00:00,MUC_001,MUC_001_ROBOT_1,20,10.97,0.977,1,0,1.62,4.44,0
2024-09-09 01:00:00,BER_001,BER_001_ROBOT_1,25,8.27,0.9682,1,0,0.7,5.23,0
2024-09-09 01:00:00,HAM_001,HAM_001_ROBOT_1,3,8.05,0.706,10,15,1.85,5.51,1
2024-09-09 02:00:00,MUC_001,MUC_001_ROBOT_1,29,11.51,0.9768,0,0,1.75,5.12,0
2024-09-09 02:00:00,BER_001,BER_001_ROBOT_1,11,11.13,0.9852,0,0,1.5,5.81,0
2024-09-09 02:00:00,HAM_001,HAM_001_ROBOT_1,17,8.28,0.983,0,0,1.21,4.44,0
2024-09-09 03:00:00,MUC_001,MUC_001_ROBOT_1,17,9.22,0.9671,1,0,1.46,4.72,0
2024-09-09 03:00:00,BER_001,BER_001_ROBOT_1,24,11.85,0.9769,1,0,1.81,4.89,0
2024-09-09 03:00:00,HAM_001,HAM_001_ROBOT_1,14,9.2,0.9534,2,0,1.21,5.33,0
2024-09-09 04:00:00,MUC_001,MUC_001_ROBOT_1,12,11.32,0.9825,0,0,0.52,4.33,0
2024-09-09 04:00:00,BER_001,BER_001_ROBOT_1,10,10.91,0.9565,2,0,0.66,4.16,0
2024-09-09 04:00:00,HAM_001,HAM_001_ROBOT_1,25,10.87,0.9508,0,0,0.6,5.73,0
2024-09-09 05:00:00,MUC_001,MUC_001_ROBOT_1,16,8.94,0.9587,0,0,1.32,5.27,0
2024-09-09 05:00:00,BER_001,BER_001_ROBOT_1,23,11.69,0.963,1,0,1.48,5.27,0
2024-09-09 05:00:00,HAM_001,HAM_001_ROBOT_1,14,10.9,0.9806,1,0,1.76,4.81,0
2024-09-09 06:00:00,MUC_001,MUC_001_ROBOT_1,18,8.41,0.9835,2,0,1.42,4.02,0
2024-09-09 06:00:00,BER_001,BER_001_ROBOT_1,22,11.05,0.9813,1,0,1.38,4.64,0
2024-09-09 06:00:00,HAM_001,HAM_001_ROBOT_1,11,10.08,0.9589,0,0,0.59,4.29,0
2024-09-09 07:00:00,MUC_001,MUC_001_ROBOT_1,25,8.3,0.9554,0,0,1.14,5.0,0
2024-09-09 07:00:00,BER_001,BER_001_ROBOT_1,24,10.14,0.9574,0,0,1.84,4.75,0
2024-09-09 07:00:00,HAM_001,HAM_001_ROBOT_1,11,8.29,0.9838,1,0,0.55,5.7,0
2024-09-09 08:00:00,MUC_001,MUC_001_ROBOT_1,12,9.88,0.9726,1,0,1.3,4.08,0
2024-09-09 08:00:00,BER_001,BER_001_ROBOT_1,30,8.22,0.967,2,0,1.94,5.6,0
2024-09-09 08:00:00,HAM_001,HAM_001_ROBOT_1,23,10.57,0.9786,1,0,1.17,4.31,0
2024-09-09 09:00:00,MUC_001,MUC_001_ROBOT_1,30,11.9,0.9719,1,0,1.65,5.33,0
2024-09-09 09:00:00,BER_001,BER_001_ROBOT_1,22,10.56,0.9527,2,0,1.09,5.57,0
2024-09-09 09:00:00,HAM_001,HAM_001_ROBOT_1,26,9.36,0.976,0,0,1.18,5.02,0
2024-09-09 10:00:00,MUC_001,MUC_001_ROBOT_1,10,9.08,0.9766,2,0,1.74,5.15,0
2024-09-09 10:00:00,BER_001,BER_001_ROBOT_1,28,11.65,0.974,1,0,1.07,5.82,0
2024-09-09 10:00:00,HAM_001,HAM_001_ROBOT_1,19,9.13,0.9628,0,0,0.62,4.0,0
2024-09-09 11:00:00,MUC_001,MUC_001_ROBOT_1,27,9.2,0.9552,2,0,0.68,5.85,0
2024-09-09 11:00:00,BER_001,BER_001_ROBOT_1,26,8.27,0.9541,2,0,1.57,5.8,0
2024-09-09 11:00:00,HAM_001,HAM_001_ROBOT_1,18,9.4,0.9636,1,0,0.71,5.28,0
2024-09-09 12:00:00,MUC_001,MUC_001_ROBOT_1,17,10.21,0.9686,2,0,1.8,5.24,0
2024-09-09 12:00:00,BER_001,BER_001_ROBOT_1,20,10.97,0.962,2,0,1.87,4.07,0
2024-09-09 12:00:00,HAM_001,HAM_001_ROBOT_1,29,8.47,0.9803,1,0,0.67,5.9,0
2024-09-09 13:00:00,MUC_001,MUC_001_ROBOT_1,14,9.31,0.961,0,0,0.65,5.39,0
2024-09-09 13:00:00,BER_001,BER_001_ROBOT_1,18,9.36,0.9689,0,0,0.91,5.95,0
2024-09-09 13:00:00,HAM_001,HAM_001_ROBOT_1,18,8.38,0.9665,1,0,0.9,4.89,0
2024-09-09 14:00:00,MUC_001,MUC_001_ROBOT_1,19,10.82,0.9775,0,0,1.35,4.67,0
2024-09-09 14:00:00,BER_001,BER_001_ROBOT_1,15,9.84,0.9727,0,0,1.48,4.74,0
2024-09-09 14:00:00,HAM_001,HAM_001_ROBOT_1,20,8.21,0.9701,1,0,1.8,5.92,0
2024-09-09 15:00:00,MUC_001,MUC_001_ROBOT_1,12,11.85,0.9892,2,0,1.11,5.92,0
2024-09-09 15:00:00,BER_001,BER_001_ROBOT_1,26,9.41,0.9781,1,0,1.02,5.06,0
2024-09-09 15:00:00,HAM_001,HAM_001_ROBOT_1,30,8.47,0.9557,2,0,0.91,4.37,0
2024-09-09 16:00:00,MUC_001,MUC_001_ROBOT_1,14,9.07,0.965,0,0,0.56,4.05,0
2024-09-09 16:00:00,BER_001,BER_001_ROBOT_1,27,10.86,0.9622,1,0,0.54,4.75,0
2024-09-09 16:00:00,HAM_001,HAM_001_ROBOT_1,21,9.67,0.9709,0,0,1.79,5.38,0
2024-09-09 17:00:00,MUC_001,MUC_001_ROBOT_1,11,11.13,0.9523,2,0,1.13,5.17,0
2024-09-09 17:00:00,BER_001,BER_001_ROBOT_1,19,11.35,0.957,0,0,1.01,4.38,0
2024-09-09 17:00:00,HAM_001,HAM_001_ROBOT_1,10,10.52,0.9517,1,0,0.95,4.13,0
2024-09-09 18:00:00,MUC_001,MUC_001_ROBOT_1,18,9.97,0.9838,1,0,1.07,5.55,0
2024-09-09 18:00:00,BER_001,BER_001_ROBOT_1,26,10.2,0.9764,1,0,0.67,5.56,0
2024-09-09 18:00:00,HAM_001,HAM_001_ROBOT_1,16,9.19,0.9675,1,0,1.59,4.08,0
2024-09-09 19:00:00,MUC_001,MUC_001_ROBOT_1,15,10.02,0.9829,2,0,0.97,5.81,0
2024-09-09 19:00:00,BER_001,BER_001_ROBOT_1,28,8.76,0.9509,1,0,0.58,5.12,0
2024-09-09 19:00:00,HAM_001,HAM_001_ROBOT_1,26,11.79,0.9731,0,0,0.8,4.69,0
2024-09-09 20:00:00,MUC_001,MUC_001_ROBOT_1,30,8.53,0.9621,1,0,0.73,4.98,0
2024-09-09 20:00:00,BER_001,BER_001_ROBOT_1,11,11.3,0.9516,1,0,1.8,5.17,0
2024-09-09 20:00:00,HAM_001,HAM_001_ROBOT_1,3,10.72,0.7232,6,15,1.24,4.73,1
2024-09-09 21:00:00,MUC_001,MUC_001_ROBOT_1,12,9.26,0.9738,1,0,0.55,4.81,0
2024-09-09 21:00:00,BER_001,BER_001_ROBOT_1,25,8.68,0.9817,0,0,1.92,4.3,0
2024-09-09 21:00:00,HAM_001,HAM_001_ROBOT_1,30,8.45,0.9704,2,0,1.68,4.88,0
2024-09-09 22:00:00,MUC_001,MUC_001_ROBOT_1,20,11.28,0.9651,0,0,1.17,5.72,0
2024-09-09 22:00:00,BER_001,BER_001_ROBOT_1,20,8.18,0.9656,2,0,1.04,4.17,0
2024-09-09 22:00:00,HAM_001,HAM_001_ROBOT_1,19,9.76,0.9677,1,0,1.84,4.4,0
2024-09-09 23:00:00,MUC_001,MUC_001_ROBOT_1,29,8.25,0.9625,1,0,1.34,4.58,0
2024-09-09 23:00:00,BER_001,BER_001_ROBOT_1,16,8.29,0.979,1,0,1.73,5.08,0
2024-09-09 23:00:00,HAM_001,HAM_001_ROBOT_1,29,11.11,0.9834,0,0,0.66,4.12,0
2024-09-10 00:00:00,MUC_001,MUC_001_ROBOT_1,14,9.87,0.9687,2,0,1.12,4.45,0
2024-09-10 00:00:00,BER_001,BER_001_ROBOT_1,22,9.38,0.9566,2,0,1.82,4.45,0
2024-09-10 00:00:00,HAM_001,HAM_001_ROBOT_1,12,10.1,0.9515,1,0,1.31,5.07,0
2024-09-10 01:00:00,MUC_001,MUC_001_ROBOT_1,22,8.25,0.95,2,0,1.22,5.15,0
2024-09-10 01:00:00,BER_001,BER_001_ROBOT_1,11,10.87,0.9768,2,0,1.76,5.71,0
2024-09-10 01:00:00,HAM_001,HAM_001_ROBOT_1,16,11.92,0.9533,0,0,0.58,4.15,0
2024-09-10 02:00:00,MUC_001,MUC_001_ROBOT_1,15,9.41,0.9807,2,0,1.37,5.11,0
2024-09-10 02:00:00,BER_001,BER_001_ROBOT_1,19,11.37,0.9662,0,0,1.94,5.91,0
2024-09-10 02:00:00,HAM_001,HAM_001_ROBOT_1,26,11.75,0.9667,0,0,1.89,4.68,0
2024-09-10 03:00:00,MUC_001,MUC_001_ROBOT_1,23,8.75,0.9779,1,0,0.91,4.31,0
2024-09-10 03:00:00,BER_001,BER_001_ROBOT_1,26,11.12,0.9855,2,0,1.92,5.76,0
2024-09-10 03:00:00,HAM_001,HAM_001_ROBOT_1,10,11.68,0.9711,2,0,1.69,4.12,0
2024-09-10 04:00:00,MUC_001,MUC_001_ROBOT_1,11,10.27,0.9511,1,0,0.7,5.18,0
2024-09-10 04:00:00,BER_001,BER_001_ROBOT_1,11,11.66,0.9885,1,0,1.56,4.52,0
2024-09-10 04:00:00,HAM_001,HAM_001_ROBOT_1,23,11.32,0.9782,2,0,1.09,5.86,0
2024-09-10 05:00:00,MUC_001,MUC_001_ROBOT_1,16,10.93,0.9765,0,0,0.91,5.47,0
2024-09-10 05:00:00,BER_001,BER_001_ROBOT_1,13,11.84,0.9512,2,0,0.88,5.22,0
2024-09-10 05:00:00,HAM_001,HAM_001_ROBOT_1,20,8.49,0.9826,0,0,0.8,4.94,0
2024-09-10 06:00:00,MUC_001,MUC_001_ROBOT_1,15,9.93,0.9587,1,0,1.41,5.56,0
2024-09-10 06:00:00,BER_001,BER_001_ROBOT_1,16,10.3,0.9827,2,0,1.95,4.92,0
2024-09-10 06:00:00,HAM_001,HAM_001_ROBOT_1,23,10.97,0.9857,2,0,1.76,5.92,0
2024-09-10 07:00:00,MUC_001,MUC_001_ROBOT_1,11,11.39,0.9618,2,0,0.87,5.41,0
2024-09-10 07:00:00,BER_001,BER_001_ROBOT_1,29,9.57,0.9829,1,0,1.46,4.24,0
2024-09-10 07:00:00,HAM_001,HAM_001_ROBOT_1,26,9.43,0.958,1,0,1.97,4.78,0
2024-09-10 08:00:00,MUC_001,MUC_001_ROBOT_1,23,9.17,0.9532,0,0,0.85,4.26,0
2024-09-10 08:00:00,BER_001,BER_001_ROBOT_1,10,8.81,0.9631,1,0,1.9,5.01,0
2024-09-10 08:00:00,HAM_001,HAM_001_ROBOT_1,29,11.38,0.9876,1,0,0.89,4.83,0
2024-09-10 09:00:00,MUC_001,MUC_001_ROBOT_1,20,9.7,0.9766,0,0,1.21,5.75,0
2024-09-10 09:00:00,BER_001,BER_001_ROBOT_1,27,11.38,0.9738,2,0,1.87,5.84,0
2024-09-10 09:00:00,HAM_001,HAM_001_ROBOT_1,14,9.49,0.9665,1,0,1.57,5.75,0
2024-09-10 10:00:00,MUC_001,MUC_001_ROBOT_1,14,8.42,0.9528,2,0,1.44,4.93,0
2024-09-10 10:00:00,BER_001,BER_001_ROBOT_1,29,9.2,0.9545,2,0,1.85,5.74,0
2024-09-10 10:00:00,HAM_001,HAM_001_ROBOT_1,30,9.07,0.9552,2,0,1.36,4.23,0
2024-09-10 11:00:00,MUC_001,MUC_001_ROBOT_1,29,10.94,0.9608,2,0,0.7,5.38,0
2024-09-10 11:00:00,BER_001,BER_001_ROBOT_1,16,10.62,0.9895,0,0,0.86,5.91,0
2024-09-10 11:00:00,HAM_001,HAM_001_ROBOT_1,26,11.98,0.9768,0,0,1.58,5.81,0
2024-09-10 12:00:00,MUC_001,MUC_001_ROBOT_1,17,9.49,0.963,0,0,1.7,5.21,0
2024-09-10 12:00:00,BER_001,BER_001_ROBOT_1,25,9.22,0.977,0,0,1.62,5.85,0
2024-09-10 12:00:00,HAM_001,HAM_001_ROBOT_1,30,10.44,0.9701,2,0,1.33,5.66,0
2024-09-10 13:00:00,MUC_001,MUC_001_ROBOT_1,16,10.74,0.9825,2,0,1.11,5.35,0
2024-09-10 13:00:00,BER_001,BER_001_ROBOT_1,30,11.27,0.9643,0,0,0.82,4.33,0
2024-09-10 13:00:00,HAM_001,HAM_001_ROBOT_1,24,8.23,0.9702,2,0,0.75,4.48,0
2024-09-10 14:00:00,MUC_001,MUC_001_ROBOT_1,18,11.21,0.9531,1,0,1.62,5.78,0
2024-09-10 14:00:00,BER_001,BER_001_ROBOT_1,26,10.39,0.9685,1,0,0.63,5.44,0
2024-09-10 14:00:00,HAM_001,HAM_001_ROBOT_1,15,8.54,0.9682,0,0,0.84,5.39,0
2024-09-10 15:00:00,MUC_001,MUC_001_ROBOT_1,5,9.94,0.8334,8,29,1.23,5.83,1
2024-09-10 15:00:00,BER_001,BER_001_ROBOT_1,24,9.47,0.9761,2,0,0.57,4.45,0
2024-09-10 15:00:00,HAM_001,HAM_001_ROBOT_1,20,9.35,0.9616,1,0,1.98,5.51,0
2024-09-10 16:00:00,MUC_001,MUC_001_ROBOT_1,25,11.75,0.9597,1,0,1.66,5.33,0
2024-09-10 16:00:00,BER_001,BER_001_ROBOT_1,13,9.05,0.981,1,0,1.81,4.15,0
2024-09-10 16:00:00,HAM_001,HAM_001_ROBOT_1,28,9.73,0.9737,1,0,1.63,4.87,0
2024-09-10 17:00:00,MUC_001,MUC_001_ROBOT_1,27,8.61,0.986,2,0,1.59,4.98,0
2024-09-10 17:00:00,BER_001,BER_001_ROBOT_1,30,9.63,0.954,1,0,1.19,4.57,0
2024-09-10 17:00:00,HAM_001,HAM_001_ROBOT_1,20,8.19,0.9705,2,0,1.4,4.1,0
2024-09-10 18:00:00,MUC_001,MUC_001_ROBOT_1,21,9.31,0.9745,2,0,1.64,5.53,0
2024-09-10 18:00:00,BER_001,BER_001_ROBOT_1,30,11.73,0.9524,2,0,0.9,4.32,0
2024-09-10 18:00:00,HAM_001,HAM_001_ROBOT_1,26,10.97,0.9781,1,0,1.5,4.44,0
2024-09-10 19:00:00,MUC_001,MUC_001_ROBOT_1,16,11.33,0.9678,0,0,0.61,5.42,0
2024-09-10 19:00:00,BER_001,BER_001_ROBOT_1,28,10.57,0.9595,1,0,1.2,4.52,0
2024-09-10 19:00:00,HAM_001,HAM_001_ROBOT_1,14,9.17,0.9713,1,0,1.09,4.77,0
2024-09-10 20:00:00,MUC_001,MUC_001_ROBOT_1,5,8.35,0.8002,6,15,1.07,5.18,1
2024-09-10 20:00:00,BER_001,BER_001_ROBOT_1,23,9.39,0.9866,2,0,0.86,5.83,0
2024-09-10 20:00:00,HAM_001,HAM_001_ROBOT_1,20,9.02,0.9839,2,0,1.19,5.82,0
2024-09-10 21:00:00,MUC_001,MUC_001_ROBOT_1,29,11.21,0.958,2,0,1.78,5.75,0
2024-09-10 21:00:00,BER_001,BER_001_ROBOT_1,11,10.36,0.9508,0,0,1.79,4.41,0
2024-09-10 21:00:00,HAM_001,HAM_001_ROBOT_1,16,11.82,0.9668,0,0,1.09,4.71,0
2024-09-10 22:00:00,MUC_001,MUC_001_ROBOT_1,30,11.86,0.9819,0,0,1.21,5.83,0
2024-09-10 22:00:00,BER_001,BER_001_ROBOT_1,26,9.46,0.9649,0,0,1.68,4.82,0
2024-09-10 22:00:00,HAM_001,HAM_001_ROBOT_1,20,9.48,0.9805,2,0,1.9,4.22,0
2024-09-10 23:00:00,MUC_001,MUC_001_ROBOT_1,12,10.65,0.9586,0,0,0.85,5.18,0
2024-09-10 23:00:00,BER_001,BER_001_ROBOT_1,30,8.25,0.9596,1,0,1.85,4.77,0
2024-09-10 23:00:00,HAM_001,HAM_001_ROBOT_1,12,10.22,0.9569,0,0,1.12,5.81,0
2024-09-11 00:00:00,MUC_001,MUC_001_ROBOT_1,20,8.56,0.985,2,0,0.99,5.32,0
2024-09-11 00:00:00,BER_001,BER_001_ROBOT_1,30,11.09,0.9875,0,0,1.66,4.61,0
2024-09-11 00:00:00,HAM_001,HAM_001_ROBOT_1,29,8.64,0.9741,1,0,1.29,5.89,0
2024-09-11 01:00:00,MUC_001,MUC_001_ROBOT_1,11,11.61,0.9777,1,0,1.12,4.87,0
2024-09-11 01:00:00,BER_001,BER_001_ROBOT_1,12,10.38,0.9556,1,0,1.1,4.31,0
2024-09-11 01:00:00,HAM_001,HAM_001_ROBOT_1,13,10.24,0.9872,2,0,1.45,4.65,0
2024-09-11 02:00:00,MUC_001,MUC_001_ROBOT_1,17,10.91,0.9552,0,0,1.04,5.06,0
2024-09-11 02:00:00,BER_001,BER_001_ROBOT_1,12,9.19,0.9659,0,0,0.68,4.39,0
2024-09-11 02:00:00,HAM_001,HAM_001_ROBOT_1,22,10.39,0.9808,1,0,1.11,4.52,0
2024-09-11 03:00:00,MUC_001,MUC_001_ROBOT_1,27,9.24,0.9536,1,0,0.79,5.78,0
2024-09-11 03:00:00,BER_001,BER_001_ROBOT_1,16,8.82,0.9692,0,0,1.94,4.37,0
2024-09-11 03:00:00,HAM_001,HAM_001_ROBOT_1,30,11.99,0.971,1,0,1.77,4.31,0
2024-09-11 04:00:00,MUC_001,MUC_001_ROBOT_1,30,8.56,0.9555,0,0,0.79,5.07,0
2024-09-11 04:00:00,BER_001,BER_001_ROBOT_1,22,8.94,0.9581,1,0,1.66,5.27,0
2024-09-11 04:00:00,HAM_001,HAM_001_ROBOT_1,27,8.95,0.9647,2,0,0.53,4.05,0
2024-09-11 05:00:00,MUC_001,MUC_001_ROBOT_1,21,10.02,0.9762,0,0,1.29,4.7,0
2024-09-11 05:00:00,BER_001,BER_001_ROBOT_1,23,9.8,0.9574,1,0,1.98,5.56,0
2024-09-11 05:00:00,HAM_001,HAM_001_ROBOT_1,1,11.63,0.8081,10,18,1.91,4.07,1
2024-09-11 06:00:00,MUC_001,MUC_001_ROBOT_1,24,8.37,0.9628,0,0,0.64,4.92,0
2024-09-11 06:00:00,BER_001,BER_001_ROBOT_1,10,11.6,0.9819,2,0,1.98,4.84,0
2024-09-11 06:00:00,HAM_001,HAM_001_ROBOT_1,30,8.63,0.9673,2,0,0.9,5.69,0
2024-09-11 07:00:00,MUC_001,MUC_001_ROBOT_1,23,10.9,0.9514,2,0,1.69,4.49,0
2024-09-11 07:00:00,BER_001,BER_001_ROBOT_1,10,10.22,0.9693,0,0,0.79,4.27,0
2024-09-11 07:00:00,HAM_001,HAM_001_ROBOT_1,22,11.72,0.9831,2,0,0.7,4.56,0
2024-09-11 08:00:00,MUC_001,MUC_001_ROBOT_1,18,9.92,0.9524,0,0,0.63,5.56,0
2024-09-11 08:00:00,BER_001,BER_001_ROBOT_1,11,8.29,0.9836,1,0,1.55,5.09,0
2024-09-11 08:00:00,HAM_001,HAM_001_ROBOT_1,22,10.25,0.9854,2,0,1.41,5.59,0
2024-09-11 09:00:00,MUC_001,MUC_001_ROBOT_1,11,8.48,0.9813,2,0,0.92,5.76,0
2024-09-11 09:00:00,BER_001,BER_001_ROBOT_1,17,9.11,0.9538,1,0,0.5,5.31,0
2024-09-11 09:00:00,HAM_001,HAM_001_ROBOT_1,10,9.56,0.9805,2,0,0.9,5.53,0
2024-09-11 10:00:00,MUC_001,MUC_001_ROBOT_1,26,9.44,0.9547,1,0,0.56,5.21,0
2024-09-11 10:00:00,BER_001,BER_001_ROBOT_1,30,9.03,0.9641,0,0,1.19,5.77,0
2024-09-11 10:00:00,HAM_001,HAM_001_ROBOT_1,21,8.99,0.9703,2,0,1.19,5.9,0
2024-09-11 11:00:00,MUC_001,MUC_001_ROBOT_1,10,8.52,0.9748,1,0,0.74,5.22,0
2024-09-11 11:00:00,BER_001,BER_001_ROBOT_1,10,11.71,0.9564,0,0,1.57,4.13,0
2024-09-11 11:00:00,HAM_001,HAM_001_ROBOT_1,28,8.55,0.9517,2,0,0.82,5.82,0
2024-09-11 12:00:00,MUC_001,MUC_001_ROBOT_1,19,8.41,0.9714,1,0,1.49,4.14,0
2024-09-11 12:00:00,BER_001,BER_001_ROBOT_1,11,9.43,0.9534,1,0,1.27,4.52,0
2024-09-11 12:00:00,HAM_001,HAM_001_ROBOT_1,26,9.47,0.9731,2,0,1.16,4.28,0
2024-09-11 13:00:00,MUC_001,MUC_001_ROBOT_1,12,11.44,0.9547,0,0,0.82,5.81,0
2024-09-11 13:00:00,BER_001,BER_001_ROBOT_1,17,11.38,0.9505,1,0,1.52,5.82,0
2024-09-11 13:00:00,HAM_001,HAM_001_ROBOT_1,5,11.0,0.7132,8,39,0.79,4.19,1
2024-09-11 14:00:00,MUC_001,MUC_001_ROBOT_1,30,11.78,0.9702,0,0,1.39,5.35,0
2024-09-11 14:00:00,BER_001,BER_001_ROBOT_1,12,9.64,0.9787,2,0,1.44,4.56,0
2024-09-11 14:00:00,HAM_001,HAM_001_ROBOT_1,22,11.55,0.9825,2,0,1.0,5.57,0
2024-09-11 15:00:00,MUC_001,MUC_001_ROBOT_1,13,10.73,0.9623,0,0,1.17,5.01,0
2024-09-11 15:00:00,BER_001,BER_001_ROBOT_1,26,8.64,0.9712,1,0,0.73,5.66,0
2024-09-11 15:00:00,HAM_001,HAM_001_ROBOT_1,11,8.84,0.9727,1,0,1.18,5.93,0
2024-09-11 16:00:00,MUC_001,MUC_001_ROBOT_1,28,10.39,0.9605,1,0,1.25,4.92,0
2024-09-11 16:00:00,BER_001,BER_001_ROBOT_1,24,11.55,0.9692,1,0,0.61,5.18,0
2024-09-11 16:00:00,HAM_001,HAM_001_ROBOT_1,10,11.48,0.9534,0,0,1.56,4.61,0
2024-09-11 17:00:00,MUC_001,MUC_001_ROBOT_1,15,9.57,0.9863,1,0,1.43,4.33,0
2024-09-11 17:00:00,BER_001,BER_001_ROBOT_1,3,11.09,0.7299,3,15,0.92,5.63,1
2024-09-11 17:00:00,HAM_001,HAM_001_ROBOT_1,30,9.74,0.9778,2,0,1.01,5.25,0
2024-09-11 18:00:00,MUC_001,MUC_001_ROBOT_1,22,8.05,0.9502,2,0,0.66,5.43,0
2024-09-11 18:00:00,BER_001,BER_001_ROBOT_1,26,11.02,0.9741,1,0,1.3,5.73,0
2024-09-11 18:00:00,HAM_001,HAM_001_ROBOT_1,24,10.32,0.9656,0,0,0.96,5.4,0
2024-09-11 19:00:00,MUC_001,MUC_001_ROBOT_1,19,8.7,0.9881,0,0,1.14,5.1,0
2024-09-11 19:00:00,BER_001,BER_001_ROBOT_1,24,10.52,0.96,2,0,1.49,4.62,0
2024-09-11 19:00:00,HAM_001,HAM_001_ROBOT_1,21,10.3,0.9761,0,0,1.79,5.5,0
2024-09-11 20:00:00,MUC_001,MUC_001_ROBOT_1,10,9.65,0.9798,0,0,1.82,5.18,0
2024-09-11 20:00:00,BER_001,BER_001_ROBOT_1,26,11.19,0.9834,0,0,0.63,5.39,0
2024-09-11 20:00:00,HAM_001,HAM_001_ROBOT_1,26,10.76,0.979,2,0,1.0,5.52,0
2024-09-11 21:00:00,MUC_001,MUC_001_ROBOT_1,10,11.57,0.9817,2,0,0.78,4.62,0
2024-09-11 21:00:00,BER_001,BER_001_ROBOT_1,23,11.21,0.956,0,0,1.89,4.27,0
2024-09-11 21:00:00,HAM_001,HAM_001_ROBOT_1,30,10.19,0.9838,2,0,1.55,4.41,0
2024-09-11 22:00:00,MUC_001,MUC_001_ROBOT_1,30,9.79,0.9704,1,0,1.82,5.93,0
2024-09-11 22:00:00,BER_001,BER_001_ROBOT_1,21,10.27,0.9627,1,0,1.73,5.75,0
2024-09-11 22:00:00,HAM_001,HAM_001_ROBOT_1,13,8.12,0.9667,1,0,0.6,5.14,0
2024-09-11 23:00:00,MUC_001,MUC_001_ROBOT_1,22,10.62,0.9824,0,0,0.75,4.97,0
2024-09-11 23:00:00,BER_001,BER_001_ROBOT_1,24,10.27,0.9758,0,0,1.28,4.19,0
2024-09-11 23:00:00,HAM_001,HAM_001_ROBOT_1,11,9.59,0.9615,0,0,1.4,5.13,0
2024-09-12 00:00:00,MUC_001,MUC_001_ROBOT_1,25,10.43,0.9881,0,0,0.55,5.15,0
2024-09-12 00:00:00,BER_001,BER_001_ROBOT_1,17,10.86,0.9742,0,0,1.57,5.8,0
2024-09-12 00:00:00,HAM_001,HAM_001_ROBOT_1,21,9.59,0.9636,2,0,1.79,5.52,0
2024-09-12 01:00:00,MUC_001,MUC_001_ROBOT_1,23,10.84,0.9551,2,0,1.74,4.26,0
2024-09-12 01:00:00,BER_001,BER_001_ROBOT_1,11,9.1,0.9716,1,0,1.98,5.2,0
2024-09-12 01:00:00,HAM_001,HAM_001_ROBOT_1,15,8.56,0.9832,2,0,1.61,5.33,0
2024-09-12 02:00:00,MUC_001,MUC_001_ROBOT_1,13,11.37,0.9613,2,0,1.14,5.23,0
2024-09-12 02:00:00,BER_001,BER_001_ROBOT_1,21,11.71,0.9755,0,0,0.9,5.69,0
2024-09-12 02:00:00,HAM_001,HAM_001_ROBOT_1,2,10.84,0.7485,8,33,1.78,5.7,1
2024-09-12 03:00:00,MUC_001,MUC_001_ROBOT_1,21,11.06,0.9748,1,0,1.98,5.27,0
2024-09-12 03:00:00,BER_001,BER_001_ROBOT_1,10,10.76,0.9536,0,0,1.6,4.72,0
2024-09-12 03:00:00,HAM_001,HAM_001_ROBOT_1,2,9.06,0.8003,7,21,0.66,4.87,1
2024-09-12 04:00:00,MUC_001,MUC_001_ROBOT_1,15,10.9,0.9854,0,0,0.55,5.73,0
2024-09-12 04:00:00,BER_001,BER_001_ROBOT_1,13,11.01,0.9706,0,0,1.05,5.05,0
2024-09-12 04:00:00,HAM_001,HAM_001_ROBOT_1,23,8.29,0.9867,1,0,1.19,4.14,0
2024-09-12 05:00:00,MUC_001,MUC_001_ROBOT_1,13,9.25,0.9748,2,0,1.02,4.09,0
2024-09-12 05:00:00,BER_001,BER_001_ROBOT_1,10,10.63,0.9869,2,0,1.55,5.66,0
2024-09-12 05:00:00,HAM_001,HAM_001_ROBOT_1,26,10.05,0.9732,1,0,1.21,4.94,0
2024-09-12 06:00:00,MUC_001,MUC_001_ROBOT_1,11,10.63,0.9856,1,0,1.16,5.13,0
2024-09-12 06:00:00,BER_001,BER_001_ROBOT_1,11,9.96,0.9719,0,0,0.6,5.95,0
2024-09-12 06:00:00,HAM_001,HAM_001_ROBOT_1,1,11.91,0.7868,7,48,1.12,5.14,1
2024-09-12 07:00:00,MUC_001,MUC_001_ROBOT_1,23,9.0,0.9781,2,0,0.68,5.91,0
2024-09-12 07:00:00,BER_001,BER_001_ROBOT_1,12,10.41,0.985,0,0,0.94,4.19,0
2024-09-12 07:00:00,HAM_001,HAM_001_ROBOT_1,30,10.51,0.9874,2,0,1.82,5.13,0
2024-09-12 08:00:00,MUC_001,MUC_001_ROBOT_1,5,8.57,0.7386,7,53,1.74,5.73,1
2024-09-12 08:00:00,BER_001,BER_001_ROBOT_1,10,9.48,0.9867,2,0,1.46,4.11,0
2024-09-12 08:00:00,HAM_001,HAM_001_ROBOT_1,5,8.84,0.7265,9,43,1.66,5.42,1
2024-09-12 09:00:00,MUC_001,MUC_001_ROBOT_1,28,9.62,0.9637,1,0,0.95,5.36,0
2024-09-12 09:00:00,BER_001,BER_001_ROBOT_1,27,11.14,0.9747,0,0,1.22,4.55,0
2024-09-12 09:00:00,HAM_001,HAM_001_ROBOT_1,30,8.33,0.9875,2,0,0.9,5.47,0
2024-09-12 10:00:00,MUC_001,MUC_001_ROBOT_1,15,11.87,0.957,0,0,1.98,6.0,0
2024-09-12 10:00:00,BER_001,BER_001_ROBOT_1,11,10.4,0.9502,1,0,1.18,5.32,0
2024-09-12 10:00:00,HAM_001,HAM_001_ROBOT_1,21,9.65,0.9755,1,0,0.94,5.68,0
2024-09-12 11:00:00,MUC_001,MUC_001_ROBOT_1,22,9.11,0.9856,2,0,1.0,5.68,0
2024-09-12 11:00:00,BER_001,BER_001_ROBOT_1,28,9.63,0.9891,2,0,1.18,4.71,0
2024-09-12 11:00:00,HAM_001,HAM_001_ROBOT_1,29,11.22,0.9725,1,0,0.85,4.52,0
2024-09-12 12:00:00,MUC_001,MUC_001_ROBOT_1,28,8.85,0.9569,1,0,1.84,4.37,0
2024-09-12 12:00:00,BER_001,BER_001_ROBOT_1,25,11.63,0.9595,2,0,1.53,4.48,0
2024-09-12 12:00:00,HAM_001,HAM_001_ROBOT_1,21,11.42,0.9525,1,0,1.59,5.78,0
2024-09-12 13:00:00,MUC_001,MUC_001_ROBOT_1,27,8.65,0.9703,1,0,1.25,5.94,0
2024-09-12 13:00:00,BER_001,BER_001_ROBOT_1,30,8.22,0.9503,2,0,1.09,5.95,0
2024-09-12 13:00:00,HAM_001,HAM_001_ROBOT_1,28,10.03,0.9585,0,0,1.57,5.98,0
2024-09-12 14:00:00,MUC_001,MUC_001_ROBOT_1,17,11.83,0.9529,1,0,1.76,4.34,0
2024-09-12 14:00:00,BER_001,BER_001_ROBOT_1,16,10.19,0.981,0,0,1.64,4.97,0
2024-09-12 14:00:00,HAM_001,HAM_001_ROBOT_1,26,11.51,0.9853,2,0,0.96,5.25,0
2024-09-12 15:00:00,MUC_001,MUC_001_ROBOT_1,28,10.3,0.9524,2,0,0.94,4.33,0
2024-09-12 15:00:00,BER_001,BER_001_ROBOT_1,29,9.52,0.9811,2,0,1.51,5.2,0
2024-09-12 15:00:00,HAM_001,HAM_001_ROBOT_1,22,9.11,0.9752,1,0,1.08,5.97,0
2024-09-12 16:00:00,MUC_001,MUC_001_ROBOT_1,30,9.14,0.9697,2,0,1.38,5.89,0
2024-09-12 16:00:00,BER_001,BER_001_ROBOT_1,26,11.75,0.9757,1,0,0.51,4.96,0
2024-09-12 16:00:00,HAM_001,HAM_001_ROBOT_1,14,9.06,0.9859,0,0,1.94,5.2,0
2024-09-12 17:00:00,MUC_001,MUC_001_ROBOT_1,15,8.61,0.9835,2,0,1.05,5.79,0
2024-09-12 17:00:00,BER_001,BER_001_ROBOT_1,13,9.41,0.9879,0,0,1.16,5.85,0
2024-09-12 17:00:00,HAM_001,HAM_001_ROBOT_1,18,10.54,0.9729,1,0,1.53,5.23,0
2024-09-12 18:00:00,MUC_001,MUC_001_ROBOT_1,22,10.41,0.9856,2,0,1.35,5.76,0
2024-09-12 18:00:00,BER_001,BER_001_ROBOT_1,17,9.1,0.9594,0,0,1.3,5.03,0
2024-09-12 18:00:00,HAM_001,HAM_001_ROBOT_1,21,8.31,0.9857,1,0,0.58,4.75,0
2024-09-12 19:00:00,MUC_001,MUC_001_ROBOT_1,28,8.56,0.9897,1,0,0.67,5.52,0
2024-09-12 19:00:00,BER_001,BER_001_ROBOT_1,11,10.63,0.9634,2,0,0.61,5.45,0
2024-09-12 19:00:00,HAM_001,HAM_001_ROBOT_1,21,8.41,0.9854,1,0,0.68,4.21,0
2024-09-12 20:00:00,MUC_001,MUC_001_ROBOT_1,25,10.45,0.978,2,0,1.14,5.61,0
2024-09-12 20:00:00,BER_001,BER_001_ROBOT_1,19,10.89,0.9697,2,0,1.52,4.56,0
2024-09-12 20:00:00,HAM_001,HAM_001_ROBOT_1,30,9.87,0.9568,0,0,0.93,4.7,0
2024-09-12 21:00:00,MUC_001,MUC_001_ROBOT_1,24,11.73,0.9613,0,0,1.04,4.62,0
2024-09-12 21:00:00,BER_001,BER_001_ROBOT_1,24,8.27,0.9692,2,0,0.7,4.24,0
2024-09-12 21:00:00,HAM_001,HAM_001_ROBOT_1,20,8.07,0.9737,2,0,1.48,4.68,0
2024-09-12 22:00:00,MUC_001,MUC_001_ROBOT_1,26,10.14,0.9738,0,0,0.91,5.43,0
2024-09-12 22:00:00,BER_001,BER_001_ROBOT_1,28,8.56,0.9772,1,0,0.67,4.5,0
2024-09-12 22:00:00,HAM_001,HAM_001_ROBOT_1,13,9.46,0.9545,2,0,1.87,5.31,0
2024-09-12 23:00:00,MUC_001,MUC_001_ROBOT_1,18,9.81,0.9828,0,0,0.65,5.0,0
2024-09-12 23:00:00,BER_001,BER_001_ROBOT_1,17,9.66,0.9863,0,0,1.56,4.55,0
2024-09-12 23:00:00,HAM_001,HAM_001_ROBOT_1,19,11.79,0.9894,0,0,0.66,4.29,0
2024-09-13 00:00:00,MUC_001,MUC_001_ROBOT_1,22,8.11,0.9885,0,0,1.87,4.32,0
2024-09-13 00:00:00,BER_001,BER_001_ROBOT_1,27,9.53,0.9582,1,0,0.75,4.55,0
2024-09-13 00:00:00,HAM_001,HAM_001_ROBOT_1,15,11.99,0.9876,0,0,1.8,4.97,0
2024-09-13 01:00:00,MUC_001,MUC_001_ROBOT_1,16,10.5,0.9687,0,0,1.87,4.05,0
2024-09-13 01:00:00,BER_001,BER_001_ROBOT_1,18,8.74,0.9814,2,0,0.83,4.01,0
2024-09-13 01:00:00,HAM_001,HAM_001_ROBOT_1,12,8.69,0.9805,2,0,0.79,4.11,0
2024-09-13 02:00:00,MUC_001,MUC_001_ROBOT_1,20,11.09,0.9549,2,0,1.97,4.92,0
2024-09-13 02:00:00,BER_001,BER_001_ROBOT_1,17,8.51,0.9532,1,0,1.75,5.33,0
2024-09-13 02:00:00,HAM_001,HAM_001_ROBOT_1,27,8.94,0.9641,0,0,0.66,4.83,0
2024-09-13 03:00:00,MUC_001,MUC_001_ROBOT_1,16,10.71,0.9721,0,0,0.61,4.84,0
2024-09-13 03:00:00,BER_001,BER_001_ROBOT_1,30,11.3,0.9708,0,0,1.53,4.24,0
2024-09-13 03:00:00,HAM_001,HAM_001_ROBOT_1,11,9.98,0.9897,0,0,0.85,5.24,0
2024-09-13 04:00:00,MUC_001,MUC_001_ROBOT_1,12,10.55,0.9552,2,0,1.3,4.87,0
2024-09-13 04:00:00,BER_001,BER_001_ROBOT_1,11,9.69,0.9741,2,0,1.56,4.56,0
2024-09-13 04:00:00,HAM_001,HAM_001_ROBOT_1,15,8.71,0.9502,1,0,1.11,4.15,0
2024-09-13 05:00:00,MUC_001,MUC_001_ROBOT_1,23,11.79,0.9803,0,0,1.62,5.35,0
2024-09-13 05:00:00,BER_001,BER_001_ROBOT_1,29,9.08,0.9834,1,0,1.62,5.82,0
2024-09-13 05:00:00,HAM_001,HAM_001_ROBOT_1,21,11.12,0.9653,2,0,1.33,4.63,0
2024-09-13 06:00:00,MUC_001,MUC_001_ROBOT_1,30,10.36,0.9865,0,0,1.81,4.86,0
2024-09-13 06:00:00,BER_001,BER_001_ROBOT_1,10,9.65,0.9517,1,0,0.71,4.76,0
2024-09-13 06:00:00,HAM_001,HAM_001_ROBOT_1,23,11.79,0.9757,0,0,1.43,4.63,0
2024-09-13 07:00:00,MUC_001,MUC_001_ROBOT_1,29,11.79,0.9597,0,0,1.97,5.34,0
2024-09-13 07:00:00,BER_001,BER_001_ROBOT_1,27,10.55,0.9779,0,0,0.85,4.24,0
2024-09-13 07:00:00,HAM_001,HAM_001_ROBOT_1,16,10.66,0.9568,1,0,1.5,5.8,0
2024-09-13 08:00:00,MUC_001,MUC_001_ROBOT_1,11,8.62,0.9736,2,0,1.95,5.83,0
2024-09-13 08:00:00,BER_001,BER_001_ROBOT_1,29,11.87,0.9608,1,0,1.6,5.17,0
2024-09-13 08:00:00,HAM_001,HAM_001_ROBOT_1,23,9.49,0.9544,1,0,1.63,4.14,0
2024-09-13 09:00:00,MUC_001,MUC_001_ROBOT_1,10,11.8,0.9807,2,0,1.13,5.64,0
2024-09-13 09:00:00,BER_001,BER_001_ROBOT_1,14,8.25,0.9787,2,0,1.86,4.59,0
2024-09-13 09:00:00,HAM_001,HAM_001_ROBOT_1,24,9.94,0.971,0,0,1.61,4.98,0
2024-09-13 10:00:00,MUC_001,MUC_001_ROBOT_1,17,8.86,0.9513,2,0,0.75,4.54,0
2024-09-13 10:00:00,BER_001,BER_001_ROBOT_1,30,10.95,0.9839,1,0,0.71,5.72,0
2024-09-13 10:00:00,HAM_001,HAM_001_ROBOT_1,26,8.92,0.9616,0,0,1.84,5.78,0
2024-09-13 11:00:00,MUC_001,MUC_001_ROBOT_1,30,8.53,0.9785,1,0,1.3,5.62,0
2024-09-13 11:00:00,BER_001,BER_001_ROBOT_1,18,8.83,0.9554,1,0,1.16,4.54,0
2024-09-13 11:00:00,HAM_001,HAM_001_ROBOT_1,22,11.53,0.9767,0,0,1.5,4.36,0
2024-09-13 12:00:00,MUC_001,MUC_001_ROBOT_1,21,8.98,0.9518,0,0,1.4,4.23,0
2024-09-13 12:00:00,BER_001,BER_001_ROBOT_1,19,8.31,0.9624,1,0,1.72,5.85,0
2024-09-13 12:00:00,HAM_001,HAM_001_ROBOT_1,27,9.0,0.9752,1,0,1.01,4.9,0
2024-09-13 13:00:00,MUC_001,MUC_001_ROBOT_1,11,9.25,0.9556,2,0,1.75,4.6,0
2024-09-13 13:00:00,BER_001,BER_001_ROBOT_1,21,11.43,0.9855,0,0,1.61,5.13,0
2024-09-13 13:00:00,HAM_001,HAM_001_ROBOT_1,25,9.01,0.9722,0,0,0.55,5.05,0
2024-09-13 14:00:00,MUC_001,MUC_001_ROBOT_1,19,9.86,0.9698,1,0,1.84,5.35,0
2024-09-13 14:00:00,BER_001,BER_001_ROBOT_1,11,9.51,0.9806,1,0,1.37,5.99,0
2024-09-13 14:00:00,HAM_001,HAM_001_ROBOT_1,28,9.91,0.9718,1,0,1.0,5.78,0
2024-09-13 15:00:00,MUC_001,MUC_001_ROBOT_1,3,8.75,0.7374,9,38,1.91,4.75,1
2024-09-13 15:00:00,BER_001,BER_001_ROBOT_1,16,9.89,0.9677,1,0,1.67,6.0,0
2024-09-13 15:00:00,HAM_001,HAM_001_ROBOT_1,20,8.18,0.9632,2,0,1.65,4.67,0
2024-09-13 16:00:00,MUC_001,MUC_001_ROBOT_1,17,11.61,0.987,0,0,0.73,4.45,0
2024-09-13 16:00:00,BER_001,BER_001_ROBOT_1,10,10.0,0.9642,0,0,0.68,5.38,0
2024-09-13 16:00:00,HAM_001,HAM_001_ROBOT_1,24,11.96,0.9594,0,0,1.12,4.75,0
2024-09-13 17:00:00,MUC_001,MUC_001_ROBOT_1,13,8.15,0.9885,2,0,1.98,4.6,0
2024-09-13 17:00:00,BER_001,BER_001_ROBOT_1,19,9.98,0.9695,1,0,0.9,5.6,0
2024-09-13 17:00:00,HAM_001,HAM_001_ROBOT_1,13,11.89,0.9793,0,0,0.77,5.57,0
2024-09-13 18:00:00,MUC_001,MUC_001_ROBOT_1,25,8.5,0.9522,2,0,0.72,4.49,0
2024-09-13 18:00:00,BER_001,BER_001_ROBOT_1,29,10.47,0.9759,2,0,1.68,4.38,0
2024-09-13 18:00:00,HAM_001,HAM_001_ROBOT_1,28,10.42,0.9714,2,0,1.83,5.39,0
2024-09-13 19:00:00,MUC_001,MUC_001_ROBOT_1,1,10.58,0.793,10,36,1.19,4.27,1
2024-09-13 19:00:00,BER_001,BER_001_ROBOT_1,11,9.43,0.9581,1,0,0.85,5.64,0
2024-09-13 19:00:00,HAM_001,HAM_001_ROBOT_1,17,9.97,0.981,0,0,1.22,5.75,0
2024-09-13 20:00:00,MUC_001,MUC_001_ROBOT_1,13,11.32,0.9679,1,0,1.69,5.67,0
2024-09-13 20:00:00,BER_001,BER_001_ROBOT_1,11,8.94,0.9843,0,0,1.21,5.92,0
2024-09-13 20:00:00,HAM_001,HAM_001_ROBOT_1,29,10.97,0.9582,0,0,1.1,5.55,0
2024-09-13 21:00:00,MUC_001,MUC_001_ROBOT_1,30,10.34,0.9504,2,0,0.53,5.91,0
2024-09-13 21:00:00,BER_001,BER_001_ROBOT_1,18,10.33,0.9816,0,0,1.5,5.38,0
2024-09-13 21:00:00,HAM_001,HAM_001_ROBOT_1,27,8.37,0.9536,2,0,0.88,4.07,0
2024-09-13 22:00:00,MUC_001,MUC_001_ROBOT_1,0,8.78,0.7844,3,53,1.06,4.86,1
2024-09-13 22:00:00,BER_001,BER_001_ROBOT_1,4,8.94,0.7211,6,49,0.52,5.82,1
2024-09-13 22:00:00,HAM_001,HAM_001_ROBOT_1,16,10.96,0.9628,2,0,1.99,4.27,0
2024-09-13 23:00:00,MUC_001,MUC_001_ROBOT_1,24,11.95,0.9732,1,0,0.99,4.52,0
2024-09-13 23:00:00,BER_001,BER_001_ROBOT_1,13,9.77,0.9812,2,0,1.72,5.59,0
2024-09-13 23:00:00,HAM_001,HAM_001_ROBOT_1,11,10.14,0.9541,1,0,0.82,5.06,0
2024-09-14 00:00:00,MUC_001,MUC_001_ROBOT_1,3,10.62,0.7926,7,25,1.27,4.55,1
2024-09-14 00:00:00,BER_001,BER_001_ROBOT_1,17,11.22,0.9796,1,0,1.68,5.27,0
2024-09-14 00:00:00,HAM_001,HAM_001_ROBOT_1,30,8.33,0.9756,1,0,0.99,5.83,0
2024-09-14 01:00:00,MUC_001,MUC_001_ROBOT_1,5,8.55,0.7775,5,51,0.61,5.8,1
2024-09-14 01:00:00,BER_001,BER_001_ROBOT_1,26,8.87,0.9632,1,0,1.08,5.62,0
2024-09-14 01:00:00,HAM_001,HAM_001_ROBOT_1,30,11.93,0.9677,0,0,1.73,5.69,0
2024-09-14 02:00:00,MUC_001,MUC_001_ROBOT_1,12,8.23,0.9585,2,0,0.65,5.74,0
2024-09-14 02:00:00,BER_001,BER_001_ROBOT_1,16,8.46,0.9573,0,0,0.74,4.96,0
2024-09-14 02:00:00,HAM_001,HAM_001_ROBOT_1,12,11.15,0.9599,2,0,1.31,4.93,0
2024-09-14 03:00:00,MUC_001,MUC_001_ROBOT_1,11,8.79,0.9584,2,0,1.84,5.23,0
2024-09-14 03:00:00,BER_001,BER_001_ROBOT_1,15,10.17,0.9503,1,0,1.79,5.78,0
2024-09-14 03:00:00,HAM_001,HAM_001_ROBOT_1,30,8.94,0.9504,2,0,1.88,5.87,0
2024-09-14 04:00:00,MUC_001,MUC_001_ROBOT_1,10,9.54,0.9819,0,0,1.88,5.62,0
2024-09-14 04:00:00,BER_001,BER_001_ROBOT_1,12,9.79,0.9557,1,0,1.01,4.36,0
2024-09-14 04:00:00,HAM_001,HAM_001_ROBOT_1,25,10.77,0.9724,1,0,1.81,5.13,0
2024-09-14 05:00:00,MUC_001,MUC_001_ROBOT_1,22,9.44,0.9547,1,0,0.58,4.22,0
2024-09-14 05:00:00,BER_001,BER_001_ROBOT_1,19,11.0,0.9633,1,0,0.58,5.18,0
2024-09-14 05:00:00,HAM_001,HAM_001_ROBOT_1,12,9.01,0.9545,0,0,1.17,4.38,0
2024-09-14 06:00:00,MUC_001,MUC_001_ROBOT_1,11,8.67,0.972,2,0,0.85,4.52,0
2024-09-14 06:00:00,BER_001,BER_001_ROBOT_1,25,8.85,0.9611,1,0,1.06,5.45,0
2024-09-14 06:00:00,HAM_001,HAM_001_ROBOT_1,17,8.5,0.9734,0,0,1.14,4.62,0
2024-09-14 07:00:00,MUC_001,MUC_001_ROBOT_1,0,11.57,0.7319,7,48,0.74,5.32,1
2024-09-14 07:00:00,BER_001,BER_001_ROBOT_1,3,11.64,0.7847,9,53,2.0,5.74,1
2024-09-14 07:00:00,HAM_001,HAM_001_ROBOT_1,10,9.76,0.9597,1,0,1.17,5.74,0
2024-09-14 08:00:00,MUC_001,MUC_001_ROBOT_1,17,8.3,0.952,1,0,1.05,5.86,0
2024-09-14 08:00:00,BER_001,BER_001_ROBOT_1,24,9.94,0.9603,2,0,1.86,5.96,0
2024-09-14 08:00:00,HAM_001,HAM_001_ROBOT_1,23,9.42,0.9807,1,0,1.15,5.01,0
2024-09-14 09:00:00,MUC_001,MUC_001_ROBOT_1,17,11.93,0.958,2,0,1.53,5.4,0
2024-09-14 09:00:00,BER_001,BER_001_ROBOT_1,23,9.36,0.9668,1,0,1.32,5.26,0
2024-09-14 09:00:00,HAM_001,HAM_001_ROBOT_1,1,11.72,0.7051,5,29,1.12,4.21,1
2024-09-14 10:00:00,MUC_001,MUC_001_ROBOT_1,18,11.77,0.9559,0,0,1.39,4.88,0
2024-09-14 10:00:00,BER_001,BER_001_ROBOT_1,26,10.68,0.9759,1,0,0.63,4.87,0
2024-09-14 10:00:00,HAM_001,HAM_001_ROBOT_1,20,11.38,0.9685,1,0,1.53,5.32,0
2024-09-14 11:00:00,MUC_001,MUC_001_ROBOT_1,1,10.64,0.8225,3,51,0.85,4.53,1
2024-09-14 11:00:00,BER_001,BER_001_ROBOT_1,20,11.89,0.966,1,0,1.4,4.94,0
2024-09-14 11:00:00,HAM_001,HAM_001_ROBOT_1,11,9.94,0.9727,2,0,0.75,4.95,0
2024-09-14 12:00:00,MUC_001,MUC_001_ROBOT_1,14,10.88,0.9854,0,0,1.27,4.14,0
2024-09-14 12:00:00,BER_001,BER_001_ROBOT_1,17,10.66,0.9822,2,0,0.89,4.21,0
2024-09-14 12:00:00,HAM_001,HAM_001_ROBOT_1,27,11.32,0.9858,2,0,0.74,4.67,0
2024-09-14 13:00:00,MUC_001,MUC_001_ROBOT_1,4,8.75,0.782,3,58,1.59,4.62,1
2024-09-14 13:00:00,BER_001,BER_001_ROBOT_1,14,10.75,0.9535,1,0,1.48,5.71,0
2024-09-14 13:00:00,HAM_001,HAM_001_ROBOT_1,14,11.47,0.9829,2,0,0.83,6.0,0
2024-09-14 14:00:00,MUC_001,MUC_001_ROBOT_1,15,11.17,0.9597,1,0,1.06,5.47,0
2024-09-14 14:00:00,BER_001,BER_001_ROBOT_1,19,11.49,0.9795,0,0,0.85,5.65,0
2024-09-14 14:00:00,HAM_001,HAM_001_ROBOT_1,26,11.06,0.9753,1,0,1.29,5.5,0
2024-09-14 15:00:00,MUC_001,MUC_001_ROBOT_1,17,10.37,0.9595,0,0,1.05,5.87,0
2024-09-14 15:00:00,BER_001,BER_001_ROBOT_1,24,11.31,0.958,2,0,1.47,5.44,0
2024-09-14 15:00:00,HAM_001,HAM_001_ROBOT_1,12,9.47,0.9713,2,0,1.4,4.1,0
2024-09-14 16:00:00,MUC_001,MUC_001_ROBOT_1,22,8.65,0.9775,2,0,0.77,4.3,0
2024-09-14 16:00:00,BER_001,BER_001_ROBOT_1,13,8.63,0.9509,1,0,0.84,4.77,0
2024-09-14 16:00:00,HAM_001,HAM_001_ROBOT_1,23,11.91,0.9781,1,0,1.85,5.24,0
2024-09-14 17:00:00,MUC_001,MUC_001_ROBOT_1,26,8.32,0.9746,0,0,0.66,4.63,0
2024-09-14 17:00:00,BER_001,BER_001_ROBOT_1,19,9.11,0.9722,0,0,0.66,5.26,0
2024-09-14 17:00:00,HAM_001,HAM_001_ROBOT_1,10,10.53,0.9741,0,0,1.22,4.76,0
2024-09-14 18:00:00,MUC_001,MUC_001_ROBOT_1,14,8.71,0.9681,2,0,0.72,5.04,0
2024-09-14 18:00:00,BER_001,BER_001_ROBOT_1,27,10.37,0.9582,2,0,0.58,4.51,0
2024-09-14 18:00:00,HAM_001,HAM_001_ROBOT_1,19,11.97,0.9641,0,0,0.97,5.89,0
2024-09-14 19:00:00,MUC_001,MUC_001_ROBOT_1,12,11.51,0.9687,2,0,1.96,4.58,0
2024-09-14 19:00:00,BER_001,BER_001_ROBOT_1,20,10.41,0.977,1,0,0.5,5.89,0
2024-09-14 19:00:00,HAM_001,HAM_001_ROBOT_1,19,10.68,0.9768,1,0,0.52,4.07,0
2024-09-14 20:00:00,MUC_001,MUC_001_ROBOT_1,21,11.47,0.963,1,0,0.74,5.27,0
2024-09-14 20:00:00,BER_001,BER_001_ROBOT_1,16,11.28,0.9858,2,0,1.13,5.26,0
2024-09-14 20:00:00,HAM_001,HAM_001_ROBOT_1,21,10.67,0.9855,1,0,1.64,5.0,0
2024-09-14 21:00:00,MUC_001,MUC_001_ROBOT_1,10,9.81,0.9628,2,0,0.76,5.53,0
2024-09-14 21:00:00,BER_001,BER_001_ROBOT_1,30,8.06,0.9767,0,0,1.52,5.49,0
2024-09-14 21:00:00,HAM_001,HAM_001_ROBOT_1,25,8.6,0.9653,0,0,0.68,5.94,0
2024-09-14 22:00:00,MUC_001,MUC_001_ROBOT_1,15,10.31,0.9806,2,0,1.72,4.01,0
2024-09-14 22:00:00,BER_001,BER_001_ROBOT_1,1,11.91,0.7327,6,24,1.5,4.5,1
2024-09-14 22:00:00,HAM_001,HAM_001_ROBOT_1,15,10.77,0.987,2,0,1.28,5.2,0
2024-09-14 23:00:00,MUC_001,MUC_001_ROBOT_1,23,10.47,0.9667,1,0,1.08,4.29,0
2024-09-14 23:00:00,BER_001,BER_001_ROBOT_1,13,10.12,0.9634,0,0,0.51,4.53,0
2024-09-14 23:00:00,HAM_001,HAM_001_ROBOT_1,22,10.41,0.9699,1,0,1.22,4.88,0
2024-09-15 00:00:00,MUC_001,MUC_001_ROBOT_1,26,9.22,0.9719,0,0,1.35,4.93,0
2024-09-15 00:00:00,BER_001,BER_001_ROBOT_1,4,9.25,0.8459,3,46,0.71,4.28,1
2024-09-15 00:00:00,HAM_001,HAM_001_ROBOT_1,10,11.14,0.9709,2,0,1.18,4.73,0
2024-09-15 01:00:00,MUC_001,MUC_001_ROBOT_1,18,10.28,0.9626,0,0,0.71,5.64,0
2024-09-15 01:00:00,BER_001,BER_001_ROBOT_1,29,9.98,0.9765,1,0,0.91,5.0,0
2024-09-15 01:00:00,HAM_001,HAM_001_ROBOT_1,22,10.25,0.9755,0,0,1.32,5.97,0
2024-09-15 02:00:00,MUC_001,MUC_001_ROBOT_1,10,11.12,0.9718,2,0,1.68,4.72,0
2024-09-15 02:00:00,BER_001,BER_001_ROBOT_1,11,11.85,0.9858,2,0,0.85,4.04,0
2024-09-15 02:00:00,HAM_001,HAM_001_ROBOT_1,26,10.92,0.9577,2,0,1.32,5.99,0
2024-09-15 03:00:00,MUC_001,MUC_001_ROBOT_1,14,8.14,0.9578,0,0,0.91,4.9,0
2024-09-15 03:00:00,BER_001,BER_001_ROBOT_1,12,11.32,0.964,0,0,0.54,4.85,0
2024-09-15 03:00:00,HAM_001,HAM_001_ROBOT_1,30,8.9,0.9834,0,0,0.67,4.86,0
2024-09-15 04:00:00,MUC_001,MUC_001_ROBOT_1,10,11.35,0.988,0,0,0.99,5.46,0
2024-09-15 04:00:00,BER_001,BER_001_ROBOT_1,12,11.9,0.9672,0,0,1.38,5.81,0
2024-09-15 04:00:00,HAM_001,HAM_001_ROBOT_1,30,11.57,0.9898,0,0,1.95,5.15,0
2024-09-15 05:00:00,MUC_001,MUC_001_ROBOT_1,5,9.31,0.7513,9,52,1.1,4.1,1
2024-09-15 05:00:00,BER_001,BER_001_ROBOT_1,22,10.41,0.9796,1,0,1.85,4.87,0
2024-09-15 05:00:00,HAM_001,HAM_001_ROBOT_1,28,11.68,0.9808,2,0,1.81,4.06,0
2024-09-15 06:00:00,MUC_001,MUC_001_ROBOT_1,22,9.58,0.9654,0,0,1.63,5.78,0
2024-09-15 06:00:00,BER_001,BER_001_ROBOT_1,15,10.36,0.9876,1,0,1.38,4.44,0
2024-09-15 06:00:00,HAM_001,HAM_001_ROBOT_1,17,11.26,0.982,1,0,1.51,4.51,0
2024-09-15 07:00:00,MUC_001,MUC_001_ROBOT_1,15,8.88,0.9851,0,0,1.9,5.83,0
2024-09-15 07:00:00,BER_001,BER_001_ROBOT_1,18,9.16,0.9645,0,0,1.49,5.16,0
2024-09-15 07:00:00,HAM_001,HAM_001_ROBOT_1,17,11.94,0.9674,1,0,1.94,4.01,0
2024-09-15 08:00:00,MUC_001,MUC_001_ROBOT_1,14,11.92,0.9553,2,0,1.04,4.08,0
2024-09-15 08:00:00,BER_001,BER_001_ROBOT_1,5,8.15,0.7503,4,51,0.76,4.76,1
2024-09-15 08:00:00,HAM_001,HAM_001_ROBOT_1,28,9.48,0.9739,2,0,0.66,5.09,0
2024-09-15 09:00:00,MUC_001,MUC_001_ROBOT_1,26,9.23,0.964,1,0,0.89,5.18,0
2024-09-15 09:00:00,BER_001,BER_001_ROBOT_1,13,11.69,0.9871,1,0,1.14,4.08,0
2024-09-15 09:00:00,HAM_001,HAM_001_ROBOT_1,19,11.19,0.9546,0,0,1.22,5.36,0
2024-09-15 10:00:00,MUC_001,MUC_001_ROBOT_1,30,11.11,0.9501,2,0,1.89,5.94,0
2024-09-15 10:00:00,BER_001,BER_001_ROBOT_1,26,9.96,0.9669,0,0,0.52,4.34,0
2024-09-15 10:00:00,HAM_001,HAM_001_ROBOT_1,30,8.5,0.9599,0,0,1.07,5.98,0
2024-09-15 11:00:00,MUC_001,MUC_001_ROBOT_1,17,10.83,0.9869,1,0,0.82,4.1,0
2024-09-15 11:00:00,BER_001,BER_001_ROBOT_1,26,10.45,0.9673,2,0,1.06,5.2,0
2024-09-15 11:00:00,HAM_001,HAM_001_ROBOT_1,27,8.81,0.9728,2,0,1.0,5.38,0
2024-09-15 12:00:00,MUC_001,MUC_001_ROBOT_1,10,10.39,0.9729,1,0,1.41,4.65,0
2024-09-15 12:00:00,BER_001,BER_001_ROBOT_1,17,10.59,0.9573,2,0,0.9,5.91,0
2024-09-15 12:00:00,HAM_001,HAM_001_ROBOT_1,29,9.36,0.9762,1,0,1.36,5.84,0
2024-09-15 13:00:00,MUC_001,MUC_001_ROBOT_1,14,10.07,0.9774,2,0,1.26,5.89,0
2024-09-15 13:00:00,BER_001,BER_001_ROBOT_1,26,8.42,0.962,1,0,0.85,4.9,0
2024-09-15 13:00:00,HAM_001,HAM_001_ROBOT_1,10,9.16,0.9697,0,0,1.89,5.68,0
2024-09-15 14:00:00,MUC_001,MUC_001_ROBOT_1,10,11.96,0.9683,2,0,1.6,4.02,0
2024-09-15 14:00:00,BER_001,BER_001_ROBOT_1,26,9.06,0.9524,1,0,1.34,4.23,0
2024-09-15 14:00:00,HAM_001,HAM_001_ROBOT_1,26,9.69,0.9578,0,0,1.08,5.48,0
2024-09-15 15:00:00,MUC_001,MUC_001_ROBOT_1,10,9.36,0.9504,0,0,1.56,4.26,0
2024-09-15 15:00:00,BER_001,BER_001_ROBOT_1,15,10.59,0.9735,1,0,0.9,4.6,0
2024-09-15 15:00:00,HAM_001,HAM_001_ROBOT_1,17,11.19,0.9757,1,0,1.56,5.38,0
2024-09-15 16:00:00,MUC_001,MUC_001_ROBOT_1,10,8.07,0.9515,2,0,1.37,4.94,0
2024-09-15 16:00:00,BER_001,BER_001_ROBOT_1,11,9.0,0.9889,0,0,1.93,4.54,0
2024-09-15 16:00:00,HAM_001,HAM_001_ROBOT_1,26,9.35,0.9663,2,0,1.62,5.94,0
2024-09-15 17:00:00,MUC_001,MUC_001_ROBOT_1,29,9.59,0.9762,2,0,1.19,4.55,0
2024-09-15 17:00:00,BER_001,BER_001_ROBOT_1,28,11.42,0.9686,2,0,1.93,5.39,0
2024-09-15 17:00:00,HAM_001,HAM_001_ROBOT_1,22,11.21,0.9657,2,0,1.53,4.18,0
2024-09-15 18:00:00,MUC_001,MUC_001_ROBOT_1,23,11.76,0.9869,1,0,1.12,4.22,0
2024-09-15 18:00:00,BER_001,BER_001_ROBOT_1,28,11.92,0.9689,0,0,1.54,5.57,0
2024-09-15 18:00:00,HAM_001,HAM_001_ROBOT_1,30,10.66,0.9586,1,0,1.34,5.21,0
2024-09-15 19:00:00,MUC_001,MUC_001_ROBOT_1,17,8.9,0.9805,2,0,1.0,4.11,0
2024-09-15 19:00:00,BER_001,BER_001_ROBOT_1,25,9.03,0.9604,2,0,1.76,5.66,0
2024-09-15 19:00:00,HAM_001,HAM_001_ROBOT_1,22,8.42,0.9745,1,0,1.16,5.07,0
2024-09-15 20:00:00,MUC_001,MUC_001_ROBOT_1,17,10.55,0.9605,2,0,0.69,5.17,0
2024-09-15 20:00:00,BER_001,BER_001_ROBOT_1,1,8.16,0.8316,4,16,1.13,5.25,1
2024-09-15 20:00:00,HAM_001,HAM_001_ROBOT_1,2,11.41,0.7619,8,55,0.96,5.75,1
2024-09-15 21:00:00,MUC_001,MUC_001_ROBOT_1,11,8.29,0.9887,2,0,1.35,4.79,0
2024-09-15 21:00:00,BER_001,BER_001_ROBOT_1,30,10.18,0.9875,2,0,0.68,4.95,0
2024-09-15 21:00:00,HAM_001,HAM_001_ROBOT_1,25,8.57,0.9647,0,0,1.67,4.55,0
2024-09-15 22:00:00,MUC_001,MUC_001_ROBOT_1,12,9.55,0.951,2,0,1.12,5.22,0
2024-09-15 22:00:00,BER_001,BER_001_ROBOT_1,10,9.28,0.9823,1,0,1.67,5.58,0
2024-09-15 22:00:00,HAM_001,HAM_001_ROBOT_1,14,8.42,0.986,2,0,1.23,4.5,0
2024-09-15 23:00:00,MUC_001,MUC_001_ROBOT_1,15,8.79,0.9767,0,0,0.75,4.27,0
2024-09-15 23:00:00,BER_001,BER_001_ROBOT_1,26,8.57,0.9805,0,0,1.75,4.41,0
2024-09-15 23:00:00,HAM_001,HAM_001_ROBOT_1,25,10.53,0.9888,1,0,1.05,5.08,0
2024-09-16 00:00:00,MUC_001,MUC_001_ROBOT_1,24,9.07,0.9535,2,0,0.68,4.85,0
2024-09-16 00:00:00,BER_001,BER_001_ROBOT_1,23,10.29,0.957,1,0,0.96,5.1,0
2024-09-16 00:00:00,HAM_001,HAM_001_ROBOT_1,28,9.94,0.9672,0,0,1.5,4.27,0
2024-09-16 01:00:00,MUC_001,MUC_001_ROBOT_1,18,8.41,0.9519,0,0,1.19,4.42,0
2024-09-16 01:00:00,BER_001,BER_001_ROBOT_1,25,11.37,0.9765,1,0,0.76,4.36,0
2024-09-16 01:00:00,HAM_001,HAM_001_ROBOT_1,22,8.09,0.9702,1,0,0.56,5.64,0
2024-09-16 02:00:00,MUC_001,MUC_001_ROBOT_1,24,8.25,0.9545,2,0,1.95,4.88,0
2024-09-16 02:00:00,BER_001,BER_001_ROBOT_1,23,11.01,0.9885,0,0,0.81,5.2,0
2024-09-16 02:00:00,HAM_001,HAM_001_ROBOT_1,21,10.5,0.9578,0,0,1.74,5.4,0
2024-09-16 03:00:00,MUC_001,MUC_001_ROBOT_1,16,9.24,0.9626,1,0,0.83,4.52,0
2024-09-16 03:00:00,BER_001,BER_001_ROBOT_1,24,10.65,0.9748,0,0,1.91,4.9,0
2024-09-16 03:00:00,HAM_001,HAM_001_ROBOT_1,22,11.11,0.9719,1,0,1.25,5.97,0
2024-09-16 04:00:00,MUC_001,MUC_001_ROBOT_1,24,8.49,0.9681,0,0,1.39,5.46,0
2024-09-16 04:00:00,BER_001,BER_001_ROBOT_1,19,11.27,0.9752,0,0,1.11,5.64,0
2024-09-16 04:00:00,HAM_001,HAM_001_ROBOT_1,25,10.07,0.9523,0,0,1.37,4.07,0
2024-09-16 05:00:00,MUC_001,MUC_001_ROBOT_1,23,9.01,0.9795,0,0,0.54,5.01,0
2024-09-16 05:00:00,BER_001,BER_001_ROBOT_1,26,11.6,0.9551,2,0,0.59,4.85,0
2024-09-16 05:00:00,HAM_001,HAM_001_ROBOT_1,24,10.23,0.981,2,0,0.78,5.32,0
2024-09-16 06:00:00,MUC_001,MUC_001_ROBOT_1,26,9.71,0.9809,1,0,1.15,4.52,0
2024-09-16 06:00:00,BER_001,BER_001_ROBOT_1,20,9.38,0.9721,0,0,1.99,4.4,0
2024-09-16 06:00:00,HAM_001,HAM_001_ROBOT_1,20,9.81,0.9748,2,0,1.51,5.56,0
2024-09-16 07:00:00,MUC_001,MUC_001_ROBOT_1,19,9.2,0.9534,1,0,0.75,4.38,0
2024-09-16 07:00:00,BER_001,BER_001_ROBOT_1,22,8.98,0.9681,2,0,0.64,5.22,0
2024-09-16 07:00:00,HAM_001,HAM_001_ROBOT_1,14,9.0,0.9662,1,0,1.85,5.98,0
2024-09-16 08:00:00,MUC_001,MUC_001_ROBOT_1,25,11.23,0.9665,1,0,1.3,4.95,0
2024-09-16 08:00:00,BER_001,BER_001_ROBOT_1,27,10.75,0.9802,1,0,1.79,5.68,0
2024-09-16 08:00:00,HAM_001,HAM_001_ROBOT_1,30,10.91,0.967,0,0,1.35,5.15,0
2024-09-16 09:00:00,MUC_001,MUC_001_ROBOT_1,19,9.5,0.9535,2,0,0.97,5.62,0
2024-09-16 09:00:00,BER_001,BER_001_ROBOT_1,2,8.87,0.8296,9,27,1.67,5.88,1
2024-09-16 09:00:00,HAM_001,HAM_001_ROBOT_1,16,9.61,0.9743,2,0,1.03,4.57,0
2024-09-16 10:00:00,MUC_001,MUC_001_ROBOT_1,12,9.12,0.9879,2,0,1.8,4.51,0
2024-09-16 10:00:00,BER_001,BER_001_ROBOT_1,24,8.67,0.9685,2,0,1.06,5.57,0
2024-09-16 10:00:00,HAM_001,HAM_001_ROBOT_1,18,8.23,0.9652,1,0,1.98,5.44,0
2024-09-16 11:00:00,MUC_001,MUC_001_ROBOT_1,30,8.08,0.9818,0,0,1.97,4.48,0
2024-09-16 11:00:00,BER_001,BER_001_ROBOT_1,22,10.54,0.9599,0,0,1.29,5.24,0
2024-09-16 11:00:00,HAM_001,HAM_001_ROBOT_1,11,9.63,0.9522,1,0,0.67,4.27,0
2024-09-16 12:00:00,MUC_001,MUC_001_ROBOT_1,22,8.48,0.9802,2,0,1.69,4.79,0
2024-09-16 12:00:00,BER_001,BER_001_ROBOT_1,29,10.14,0.9551,1,0,1.63,5.5,0
2024-09-16 12:00:00,HAM_001,HAM_001_ROBOT_1,29,10.22,0.9603,0,0,1.5,4.02,0
2024-09-16 13:00:00,MUC_001,MUC_001_ROBOT_1,25,8.27,0.985,2,0,1.22,5.7,0
2024-09-16 13:00:00,BER_001,BER_001_ROBOT_1,25,11.3,0.9814,0,0,0.92,4.57,0
2024-09-16 13:00:00,HAM_001,HAM_001_ROBOT_1,11,11.74,0.9835,2,0,1.0,5.32,0
2024-09-16 14:00:00,MUC_001,MUC_001_ROBOT_1,12,11.39,0.9531,0,0,0.53,5.18,0
2024-09-16 14:00:00,BER_001,BER_001_ROBOT_1,20,9.75,0.9682,2,0,1.67,4.99,0
2024-09-16 14:00:00,HAM_001,HAM_001_ROBOT_1,23,10.07,0.9592,2,0,1.4,4.99,0
2024-09-16 15:00:00,MUC_001,MUC_001_ROBOT_1,10,8.15,0.9627,2,0,0.61,5.09,0
2024-09-16 15:00:00,BER_001,BER_001_ROBOT_1,17,8.63,0.9898,1,0,1.44,5.0,0
2024-09-16 15:00:00,HAM_001,HAM_001_ROBOT_1,13,9.39,0.9877,0,0,1.74,4.34,0
2024-09-16 16:00:00,MUC_001,MUC_001_ROBOT_1,11,10.67,0.9717,1,0,0.72,5.58,0
2024-09-16 16:00:00,BER_001,BER_001_ROBOT_1,10,8.13,0.9632,0,0,1.52,5.94,0
2024-09-16 16:00:00,HAM_001,HAM_001_ROBOT_1,16,11.51,0.9872,1,0,1.78,4.02,0
2024-09-16 17:00:00,MUC_001,MUC_001_ROBOT_1,16,11.35,0.9848,2,0,1.51,4.15,0
2024-09-16 17:00:00,BER_001,BER_001_ROBOT_1,23,10.63,0.9746,2,0,1.23,5.28,0
2024-09-16 17:00:00,HAM_001,HAM_001_ROBOT_1,23,8.29,0.9729,1,0,1.52,4.32,0
2024-09-16 18:00:00,MUC_001,MUC_001_ROBOT_1,29,10.95,0.99,1,0,1.79,4.11,0
2024-09-16 18:00:00,BER_001,BER_001_ROBOT_1,20,10.66,0.9814,1,0,1.88,5.82,0
2024-09-16 18:00:00,HAM_001,HAM_001_ROBOT_1,10,11.09,0.9815,2,0,1.09,4.66,0
2024-09-16 19:00:00,MUC_001,MUC_001_ROBOT_1,30,10.55,0.975,0,0,1.2,4.36,0
2024-09-16 19:00:00,BER_001,BER_001_ROBOT_1,28,9.66,0.9806,1,0,0.95,5.67,0
2024-09-16 19:00:00,HAM_001,HAM_001_ROBOT_1,25,8.55,0.9733,1,0,1.43,5.99,0
2024-09-16 20:00:00,MUC_001,MUC_001_ROBOT_1,21,8.08,0.9862,0,0,0.85,4.38,0
2024-09-16 20:00:00,BER_001,BER_001_ROBOT_1,13,11.18,0.9557,0,0,1.98,5.32,0
2024-09-16 20:00:00,HAM_001,HAM_001_ROBOT_1,27,8.93,0.9677,0,0,1.89,5.77,0
2024-09-16 21:00:00,MUC_001,MUC_001_ROBOT_1,24,9.26,0.9888,2,0,1.25,4.89,0
2024-09-16 21:00:00,BER_001,BER_001_ROBOT_1,22,8.6,0.9888,2,0,1.28,5.11,0
2024-09-16 21:00:00,HAM_001,HAM_001_ROBOT_1,16,9.95,0.9714,0,0,1.78,5.17,0
2024-09-16 22:00:00,MUC_001,MUC_001_ROBOT_1,17,11.16,0.9665,1,0,1.48,4.69,0
2024-09-16 22:00:00,BER_001,BER_001_ROBOT_1,18,11.99,0.9688,0,0,1.5,4.09,0
2024-09-16 22:00:00,HAM_001,HAM_001_ROBOT_1,19,8.54,0.9896,2,0,1.2,4.86,0
2024-09-16 23:00:00,MUC_001,MUC_001_ROBOT_1,29,11.53,0.9749,1,0,1.51,4.04,0
2024-09-16 23:00:00,BER_001,BER_001_ROBOT_1,29,11.24,0.9648,1,0,1.93,5.41,0
2024-09-16 23:00:00,HAM_001,HAM_001_ROBOT_1,23,10.55,0.9707,1,0,0.59,5.42,0
2024-09-17 00:00:00,MUC_001,MUC_001_ROBOT_1,13,11.19,0.9856,0,0,1.07,4.23,0
2024-09-17 00:00:00,BER_001,BER_001_ROBOT_1,17,11.49,0.9697,2,0,1.58,5.32,0
2024-09-17 00:00:00,HAM_001,HAM_001_ROBOT_1,13,10.36,0.9689,0,0,0.87,4.36,0
2024-09-17 01:00:00,MUC_001,MUC_001_ROBOT_1,21,8.79,0.9645,2,0,1.74,5.9,0
2024-09-17 01:00:00,BER_001,BER_001_ROBOT_1,12,11.3,0.982,2,0,1.77,5.3,0
2024-09-17 01:00:00,HAM_001,HAM_001_ROBOT_1,16,8.84,0.9521,1,0,1.93,4.4,0
2024-09-17 02:00:00,MUC_001,MUC_001_ROBOT_1,21,10.03,0.9755,1,0,1.86,5.43,0
2024-09-17 02:00:00,BER_001,BER_001_ROBOT_1,18,8.83,0.966,2,0,1.44,5.59,0
2024-09-17 02:00:00,HAM_001,HAM_001_ROBOT_1,21,11.1,0.9522,0,0,1.18,4.02,0
2024-09-17 03:00:00,MUC_001,MUC_001_ROBOT_1,20,8.85,0.989,1,0,1.04,4.77,0
2024-09-17 03:00:00,BER_001,BER_001_ROBOT_1,14,8.42,0.9654,2,0,1.87,5.51,0
2024-09-17 03:00:00,HAM_001,HAM_001_ROBOT_1,22,8.66,0.9688,2,0,0.77,4.72,0
2024-09-17 04:00:00,MUC_001,MUC_001_ROBOT_1,0,11.66,0.8013,7,50,1.75,4.19,1
2024-09-17 04:00:00,BER_001,BER_001_ROBOT_1,10,10.91,0.9637,0,0,1.37,4.54,0
2024-09-17 04:00:00,HAM_001,HAM_001_ROBOT_1,0,8.67,0.8057,7,33,1.84,4.74,1
2024-09-17 05:00:00,MUC_001,MUC_001_ROBOT_1,25,9.9,0.9716,1,0,1.38,5.39,0
2024-09-17 05:00:00,BER_001,BER_001_ROBOT_1,22,10.78,0.9595,2,0,0.56,5.39,0
2024-09-17 05:00:00,HAM_001,HAM_001_ROBOT_1,11,9.44,0.9701,2,0,0.76,4.12,0
2024-09-17 06:00:00,MUC_001,MUC_001_ROBOT_1,28,9.59,0.975,0,0,1.26,4.95,0
2024-09-17 06:00:00,BER_001,BER_001_ROBOT_1,22,8.46,0.9601,0,0,0.62,4.13,0
2024-09-17 06:00:00,HAM_001,HAM_001_ROBOT_1,23,9.35,0.9705,0,0,1.0,5.22,0
2024-09-17 07:00:00,MUC_001,MUC_001_ROBOT_1,24,9.75,0.9714,2,0,1.85,4.79,0
2024-09-17 07:00:00,BER_001,BER_001_ROBOT_1,18,10.53,0.9889,2,0,1.05,4.35,0
2024-09-17 07:00:00,HAM_001,HAM_001_ROBOT_1,18,11.17,0.974,2,0,0.94,5.04,0
2024-09-17 08:00:00,MUC_001,MUC_001_ROBOT_1,11,10.33,0.9628,2,0,0.84,5.98,0
2024-09-17 08:00:00,BER_001,BER_001_ROBOT_1,29,9.65,0.9712,1,0,0.69,5.23,0
2024-09-17 08:00:00,HAM_001,HAM_001_ROBOT_1,25,10.94,0.9506,2,0,0.74,5.43,0
2024-09-17 09:00:00,MUC_001,MUC_001_ROBOT_1,16,11.16,0.9589,1,0,1.72,4.55,0
2024-09-17 09:00:00,BER_001,BER_001_ROBOT_1,23,9.24,0.9594,2,0,1.02,5.89,0
2024-09-17 09:00:00,HAM_001,HAM_001_ROBOT_1,23,10.46,0.9827,0,0,1.52,5.73,0
2024-09-17 10:00:00,MUC_001,MUC_001_ROBOT_1,18,10.21,0.967,1,0,1.55,4.99,0
2024-09-17 10:00:00,BER_001,BER_001_ROBOT_1,0,9.05,0.7051,5,30,1.1,4.53,1
2024-09-17 10:00:00,HAM_001,HAM_001_ROBOT_1,16,9.23,0.9513,2,0,1.83,5.22,0
2024-09-17 11:00:00,MUC_001,MUC_001_ROBOT_1,17,8.06,0.9826,2,0,0.63,4.33,0
2024-09-17 11:00:00,BER_001,BER_001_ROBOT_1,19,9.47,0.9657,1,0,0.57,4.09,0
2024-09-17 11:00:00,HAM_001,HAM_001_ROBOT_1,11,8.69,0.975,2,0,1.83,5.46,0
2024-09-17 12:00:00,MUC_001,MUC_001_ROBOT_1,16,9.72,0.9508,0,0,0.51,5.52,0
2024-09-17 12:00:00,BER_001,BER_001_ROBOT_1,30,11.31,0.9715,0,0,1.86,6.0,0
2024-09-17 12:00:00,HAM_001,HAM_001_ROBOT_1,30,9.2,0.951,2,0,1.11,4.19,0
2024-09-17 13:00:00,MUC_001,MUC_001_ROBOT_1,11,9.14,0.9598,0,0,1.67,4.74,0
2024-09-17 13:00:00,BER_001,BER_001_ROBOT_1,26,8.87,0.9575,1,0,1.3,5.53,0
2024-09-17 13:00:00,HAM_001,HAM_001_ROBOT_1,27,11.32,0.9533,2,0,1.69,5.52,0
2024-09-17 14:00:00,MUC_001,MUC_001_ROBOT_1,27,8.29,0.9683,1,0,0.61,4.81,0
2024-09-17 14:00:00,BER_001,BER_001_ROBOT_1,21,11.12,0.9755,1,0,1.46,4.91,0
2024-09-17 14:00:00,HAM_001,HAM_001_ROBOT_1,11,9.43,0.9899,2,0,1.68,4.59,0
2024-09-17 15:00:00,MUC_001,MUC_001_ROBOT_1,22,8.81,0.9625,0,0,1.26,5.55,0
2024-09-17 15:00:00,BER_001,BER_001_ROBOT_1,26,9.31,0.9603,1,0,1.36,4.53,0
2024-09-17 15:00:00,HAM_001,HAM_001_ROBOT_1,17,9.54,0.9783,2,0,0.78,5.62,0
2024-09-17 16:00:00,MUC_001,MUC_001_ROBOT_1,21,9.79,0.9579,1,0,1.88,4.79,0
2024-09-17 16:00:00,BER_001,BER_001_ROBOT_1,10,8.41,0.9651,1,0,1.7,4.08,0
2024-09-17 16:00:00,HAM_001,HAM_001_ROBOT_1,19,8.51,0.9806,1,0,1.01,5.68,0
2024-09-17 17:00:00,MUC_001,MUC_001_ROBOT_1,24,11.8,0.9789,0,0,0.67,4.16,0
2024-09-17 17:00:00,BER_001,BER_001_ROBOT_1,3,8.93,0.7994,3,35,1.0,5.1,1
2024-09-17 17:00:00,HAM_001,HAM_001_ROBOT_1,18,9.46,0.9557,0,0,0.96,5.25,0
2024-09-17 18:00:00,MUC_001,MUC_001_ROBOT_1,10,8.19,0.9814,0,0,1.61,4.54,0
2024-09-17 18:00:00,BER_001,BER_001_ROBOT_1,20,11.88,0.9596,1,0,1.06,4.05,0
2024-09-17 18:00:00,HAM_001,HAM_001_ROBOT_1,25,10.05,0.9586,0,0,1.05,4.76,0
2024-09-17 19:00:00,MUC_001,MUC_001_ROBOT_1,26,10.07,0.9742,1,0,1.42,4.04,0
2024-09-17 19:00:00,BER_001,BER_001_ROBOT_1,11,9.35,0.9707,2,0,1.3,4.76,0
2024-09-17 19:00:00,HAM_001,HAM_001_ROBOT_1,12,11.35,0.9645,2,0,1.79,4.84,0
2024-09-17 20:00:00,MUC_001,MUC_001_ROBOT_1,4,11.67,0.8132,4,47,1.13,4.09,1
2024-09-17 20:00:00,BER_001,BER_001_ROBOT_1,16,11.67,0.972,2,0,1.83,4.41,0
2024-09-17 20:00:00,HAM_001,HAM_001_ROBOT_1,26,10.9,0.9704,1,0,1.91,5.35,0
2024-09-17 21:00:00,MUC_001,MUC_001_ROBOT_1,10,11.39,0.955,1,0,1.81,4.19,0
2024-09-17 21:00:00,BER_001,BER_001_ROBOT_1,28,10.86,0.9565,1,0,1.56,5.61,0
2024-09-17 21:00:00,HAM_001,HAM_001_ROBOT_1,30,9.83,0.9556,2,0,1.96,5.68,0
2024-09-17 22:00:00,MUC_001,MUC_001_ROBOT_1,12,10.12,0.9889,0,0,1.11,5.59,0
2024-09-17 22:00:00,BER_001,BER_001_ROBOT_1,27,8.45,0.9503,2,0,1.26,4.31,0
2024-09-17 22:00:00,HAM_001,HAM_001_ROBOT_1,18,9.74,0.9667,1,0,0.71,5.61,0
2024-09-17 23:00:00,MUC_001,MUC_001_ROBOT_1,11,9.78,0.9798,1,0,1.3,4.41,0
2024-09-17 23:00:00,BER_001,BER_001_ROBOT_1,29,10.21,0.9674,0,0,0.65,4.25,0
2024-09-17 23:00:00,HAM_001,HAM_001_ROBOT_1,18,9.99,0.9504,0,0,1.77,5.91,0
2024-09-18 00:00:00,MUC_001,MUC_001_ROBOT_1,30,8.58,0.9572,1,0,1.27,5.02,0
2024-09-18 00:00:00,BER_001,BER_001_ROBOT_1,22,8.49,0.9746,0,0,1.61,5.88,0
2024-09-18 00:00:00,HAM_001,HAM_001_ROBOT_1,27,11.4,0.9899,1,0,0.71,5.57,0
2024-09-18 01:00:00,MUC_001,MUC_001_ROBOT_1,29,10.76,0.9573,0,0,1.2,4.53,0
2024-09-18 01:00:00,BER_001,BER_001_ROBOT_1,12,9.84,0.9568,0,0,0.74,4.95,0
2024-09-18 01:00:00,HAM_001,HAM_001_ROBOT_1,12,11.96,0.9656,2,0,1.28,5.44,0
2024-09-18 02:00:00,MUC_001,MUC_001_ROBOT_1,19,8.49,0.9734,2,0,1.93,5.02,0
2024-09-18 02:00:00,BER_001,BER_001_ROBOT_1,2,8.88,0.8268,4,52,0.68,5.58,1
2024-09-18 02:00:00,HAM_001,HAM_001_ROBOT_1,26,9.65,0.9621,1,0,1.94,4.1,0
2024-09-18 03:00:00,MUC_001,MUC_001_ROBOT_1,23,8.85,0.9891,2,0,0.81,5.04,0
2024-09-18 03:00:00,BER_001,BER_001_ROBOT_1,25,9.42,0.9536,1,0,1.14,4.48,0
2024-09-18 03:00:00,HAM_001,HAM_001_ROBOT_1,26,10.99,0.9871,0,0,0.86,5.85,0
2024-09-18 04:00:00,MUC_001,MUC_001_ROBOT_1,25,10.81,0.9824,0,0,0.57,4.87,0
2024-09-18 04:00:00,BER_001,BER_001_ROBOT_1,12,10.83,0.9623,0,0,0.76,4.57,0
2024-09-18 04:00:00,HAM_001,HAM_001_ROBOT_1,28,11.42,0.9862,0,0,0.57,5.27,0
2024-09-18 05:00:00,MUC_001,MUC_001_ROBOT_1,12,11.43,0.9542,2,0,1.2,5.0,0
2024-09-18 05:00:00,BER_001,BER_001_ROBOT_1,30,11.37,0.9735,1,0,1.79,4.1,0
2024-09-18 05:00:00,HAM_001,HAM_001_ROBOT_1,27,11.98,0.9804,1,0,1.48,4.76,0
2024-09-18 06:00:00,MUC_001,MUC_001_ROBOT_1,18,8.37,0.951,1,0,1.38,4.5,0
2024-09-18 06:00:00,BER_001,BER_001_ROBOT_1,14,8.88,0.9523,0,0,0.58,5.2,0
2024-09-18 06:00:00,HAM_001,HAM_001_ROBOT_1,22,8.56,0.9681,2,0,0.65,5.47,0
2024-09-18 07:00:00,MUC_001,MUC_001_ROBOT_1,26,11.05,0.9578,0,0,1.66,4.7,0
2024-09-18 07:00:00,BER_001,BER_001_ROBOT_1,28,10.72,0.9721,1,0,1.57,5.21,0
2024-09-18 07:00:00,HAM_001,HAM_001_ROBOT_1,18,9.42,0.9747,2,0,1.38,5.08,0
2024-09-18 08:00:00,MUC_001,MUC_001_ROBOT_1,14,9.57,0.9644,0,0,1.81,4.93,0
2024-09-18 08:00:00,BER_001,BER_001_ROBOT_1,19,10.51,0.9529,0,0,1.78,5.07,0
2024-09-18 08:00:00,HAM_001,HAM_001_ROBOT_1,29,9.38,0.9564,2,0,1.11,4.58,0
2024-09-18 09:00:00,MUC_001,MUC_001_ROBOT_1,1,11.09,0.7389,10,59,0.6,5.41,1
2024-09-18 09:00:00,BER_001,BER_001_ROBOT_1,16,9.04,0.9833,1,0,1.4,5.09,0
2024-09-18 09:00:00,HAM_001,HAM_001_ROBOT_1,15,10.48,0.9744,2,0,0.51,4.41,0
2024-09-18 10:00:00,MUC_001,MUC_001_ROBOT_1,25,8.78,0.9542,1,0,1.49,5.72,0
2024-09-18 10:00:00,BER_001,BER_001_ROBOT_1,28,10.16,0.9624,1,0,1.5,5.74,0
2024-09-18 10:00:00,HAM_001,HAM_001_ROBOT_1,24,9.43,0.9653,2,0,1.6,4.15,0
2024-09-18 11:00:00,MUC_001,MUC_001_ROBOT_1,21,11.09,0.9782,2,0,0.74,4.02,0
2024-09-18 11:00:00,BER_001,BER_001_ROBOT_1,12,9.09,0.9757,0,0,1.17,4.82,0
2024-09-18 11:00:00,HAM_001,HAM_001_ROBOT_1,2,11.54,0.7842,10,45,0.69,5.99,1
2024-09-18 12:00:00,MUC_001,MUC_001_ROBOT_1,14,10.16,0.9569,0,0,1.48,5.88,0
2024-09-18 12:00:00,BER_001,BER_001_ROBOT_1,26,11.05,0.9685,2,0,0.95,4.82,0
2024-09-18 12:00:00,HAM_001,HAM_001_ROBOT_1,11,8.83,0.9784,0,0,1.98,5.82,0
2024-09-18 13:00:00,MUC_001,MUC_001_ROBOT_1,24,8.2,0.988,0,0,1.2,5.35,0
2024-09-18 13:00:00,BER_001,BER_001_ROBOT_1,21,8.72,0.9676,2,0,0.66,5.01,0
2024-09-18 13:00:00,HAM_001,HAM_001_ROBOT_1,13,9.09,0.9759,1,0,1.66,5.61,0
2024-09-18 14:00:00,MUC_001,MUC_001_ROBOT_1,28,10.41,0.976,2,0,0.74,5.63,0
2024-09-18 14:00:00,BER_001,BER_001_ROBOT_1,24,9.32,0.963,0,0,1.5,4.32,0
2024-09-18 14:00:00,HAM_001,HAM_001_ROBOT_1,12,11.02,0.9746,1,0,1.36,5.37,0
2024-09-18 15:00:00,MUC_001,MUC_001_ROBOT_1,22,8.3,0.9589,1,0,1.61,5.19,0
2024-09-18 15:00:00,BER_001,BER_001_ROBOT_1,0,11.34,0.7138,6,56,1.85,5.61,1
2024-09-18 15:00:00,HAM_001,HAM_001_ROBOT_1,15,10.19,0.9601,0,0,1.57,5.87,0
2024-09-18 16:00:00,MUC_001,MUC_001_ROBOT_1,24,9.13,0.9878,1,0,0.99,5.99,0
2024-09-18 16:00:00,BER_001,BER_001_ROBOT_1,27,11.37,0.9859,1,0,1.35,5.16,0
2024-09-18 16:00:00,HAM_001,HAM_001_ROBOT_1,28,8.5,0.9556,2,0,1.26,4.23,0
2024-09-18 17:00:00,MUC_001,MUC_001_ROBOT_1,26,10.44,0.9718,2,0,1.32,4.74,0
2024-09-18 17:00:00,BER_001,BER_001_ROBOT_1,14,11.57,0.9686,1,0,0.77,4.33,0
2024-09-18 17:00:00,HAM_001,HAM_001_ROBOT_1,17,10.06,0.961,2,0,1.25,5.5,0
2024-09-18 18:00:00,MUC_001,MUC_001_ROBOT_1,12,10.35,0.9728,1,0,0.66,5.9,0
2024-09-18 18:00:00,BER_001,BER_001_ROBOT_1,14,9.11,0.9706,1,0,1.13,4.98,0
2024-09-18 18:00:00,HAM_001,HAM_001_ROBOT_1,29,8.55,0.9742,2,0,0.6,5.2,0
2024-09-18 19:00:00,MUC_001,MUC_001_ROBOT_1,15,10.43,0.9529,0,0,1.29,4.16,0
2024-09-18 19:00:00,BER_001,BER_001_ROBOT_1,28,8.6,0.9703,2,0,1.63,5.18,0
2024-09-18 19:00:00,HAM_001,HAM_001_ROBOT_1,19,11.76,0.9829,0,0,1.9,4.71,0
2024-09-18 20:00:00,MUC_001,MUC_001_ROBOT_1,12,9.8,0.9525,0,0,0.63,5.58,0
2024-09-18 20:00:00,BER_001,BER_001_ROBOT_1,21,8.36,0.9709,0,0,1.2,4.78,0
2024-09-18 20:00:00,HAM_001,HAM_001_ROBOT_1,15,11.86,0.9885,0,0,0.82,5.74,0
2024-09-18 21:00:00,MUC_001,MUC_001_ROBOT_1,23,10.46,0.9609,1,0,1.82,5.94,0
2024-09-18 21:00:00,BER_001,BER_001_ROBOT_1,26,8.19,0.9582,2,0,1.16,5.36,0
2024-09-18 21:00:00,HAM_001,HAM_001_ROBOT_1,18,9.58,0.9729,2,0,0.72,4.1,0
2024-09-18 22:00:00,MUC_001,MUC_001_ROBOT_1,30,11.82,0.9885,2,0,1.76,4.41,0
2024-09-18 22:00:00,BER_001,BER_001_ROBOT_1,23,9.14,0.9719,2,0,1.07,5.2,0
2024-09-18 22:00:00,HAM_001,HAM_001_ROBOT_1,29,11.74,0.9717,2,0,0.55,4.7,0
2024-09-18 23:00:00,MUC_001,MUC_001_ROBOT_1,12,10.98,0.9583,2,0,1.6,4.51,0
2024-09-18 23:00:00,BER_001,BER_001_ROBOT_1,20,8.43,0.9791,2,0,1.32,4.51,0
2024-09-18 23:00:00,HAM_001,HAM_001_ROBOT_1,2,9.64,0.7121,9,55,0.9,5.18,1
2024-09-19 00:00:00,MUC_001,MUC_001_ROBOT_1,24,11.47,0.9636,1,0,1.07,5.75,0
2024-09-19 00:00:00,BER_001,BER_001_ROBOT_1,20,11.78,0.9617,1,0,0.93,4.97,0
2024-09-19 00:00:00,HAM_001,HAM_001_ROBOT_1,23,10.53,0.9797,2,0,1.96,5.49,0
2024-09-19 01:00:00,MUC_001,MUC_001_ROBOT_1,20,10.49,0.9831,1,0,1.9,5.81,0
2024-09-19 01:00:00,BER_001,BER_001_ROBOT_1,21,10.14,0.9795,2,0,1.07,4.49,0
2024-09-19 01:00:00,HAM_001,HAM_001_ROBOT_1,21,8.36,0.9713,2,0,1.94,4.97,0
2024-09-19 02:00:00,MUC_001,MUC_001_ROBOT_1,19,9.93,0.9841,0,0,1.51,4.22,0
2024-09-19 02:00:00,BER_001,BER_001_ROBOT_1,29,11.38,0.966,0,0,1.17,5.06,0
2024-09-19 02:00:00,HAM_001,HAM_001_ROBOT_1,13,9.18,0.9599,2,0,1.51,4.25,0
2024-09-19 03:00:00,MUC_001,MUC_001_ROBOT_1,24,9.75,0.9673,1,0,1.23,4.63,0
2024-09-19 03:00:00,BER_001,BER_001_ROBOT_1,25,8.14,0.9792,0,0,1.97,4.46,0
2024-09-19 03:00:00,HAM_001,HAM_001_ROBOT_1,17,8.73,0.9506,1,0,1.49,5.56,0
2024-09-19 04:00:00,MUC_001,MUC_001_ROBOT_1,19,8.95,0.9695,0,0,0.67,5.99,0
2024-09-19 04:00:00,BER_001,BER_001_ROBOT_1,29,8.85,0.955,1,0,1.63,5.88,0
2024-09-19 04:00:00,HAM_001,HAM_001_ROBOT_1,21,10.37,0.9786,0,0,1.07,5.34,0
2024-09-19 05:00:00,MUC_001,MUC_001_ROBOT_1,27,11.66,0.9535,0,0,0.83,5.45,0
2024-09-19 05:00:00,BER_001,BER_001_ROBOT_1,15,10.18,0.9577,1,0,1.78,5.56,0
2024-09-19 05:00:00,HAM_001,HAM_001_ROBOT_1,23,10.45,0.9686,1,0,0.62,5.97,0
2024-09-19 06:00:00,MUC_001,MUC_001_ROBOT_1,25,10.94,0.9708,2,0,1.88,5.27,0
2024-09-19 06:00:00,BER_001,BER_001_ROBOT_1,13,11.04,0.9761,1,0,1.35,4.94,0
2024-09-19 06:00:00,HAM_001,HAM_001_ROBOT_1,19,9.12,0.9611,2,0,1.47,5.94,0
2024-09-19 07:00:00,MUC_001,MUC_001_ROBOT_1,24,11.18,0.9827,1,0,1.58,4.4,0
2024-09-19 07:00:00,BER_001,BER_001_ROBOT_1,20,11.66,0.9898,0,0,0.75,5.83,0
2024-09-19 07:00:00,HAM_001,HAM_001_ROBOT_1,14,11.51,0.9576,2,0,1.69,5.71,0
2024-09-19 08:00:00,MUC_001,MUC_001_ROBOT_1,17,10.68,0.957,0,0,0.57,5.91,0
2024-09-19 08:00:00,BER_001,BER_001_ROBOT_1,28,8.1,0.9704,1,0,1.54,4.62,0
2024-09-19 08:00:00,HAM_001,HAM_001_ROBOT_1,28,11.22,0.9853,2,0,0.65,4.24,0
2024-09-19 09:00:00,MUC_001,MUC_001_ROBOT_1,14,9.72,0.9603,2,0,1.22,5.19,0
2024-09-19 09:00:00,BER_001,BER_001_ROBOT_1,25,11.37,0.9861,0,0,1.51,4.31,0
2024-09-19 09:00:00,HAM_001,HAM_001_ROBOT_1,19,11.27,0.9779,2,0,0.89,4.26,0
2024-09-19 10:00:00,MUC_001,MUC_001_ROBOT_1,10,9.07,0.9842,2,0,1.89,4.99,0
2024-09-19 10:00:00,BER_001,BER_001_ROBOT_1,25,8.51,0.9885,1,0,1.06,4.11,0
2024-09-19 10:00:00,HAM_001,HAM_001_ROBOT_1,26,10.95,0.9572,0,0,1.95,4.77,0
2024-09-19 11:00:00,MUC_001,MUC_001_ROBOT_1,24,11.44,0.9687,0,0,1.95,4.07,0
2024-09-19 11:00:00,BER_001,BER_001_ROBOT_1,13,11.96,0.9701,1,0,1.25,4.55,0
2024-09-19 11:00:00,HAM_001,HAM_001_ROBOT_1,26,9.11,0.9514,1,0,0.78,4.26,0
2024-09-19 12:00:00,MUC_001,MUC_001_ROBOT_1,16,8.29,0.9763,2,0,1.61,5.28,0
2024-09-19 12:00:00,BER_001,BER_001_ROBOT_1,19,10.78,0.9648,2,0,1.54,5.4,0
2024-09-19 12:00:00,HAM_001,HAM_001_ROBOT_1,29,10.94,0.9857,0,0,1.77,5.17,0
2024-09-19 13:00:00,MUC_001,MUC_001_ROBOT_1,17,9.35,0.9566,1,0,2.0,5.28,0
2024-09-19 13:00:00,BER_001,BER_001_ROBOT_1,29,8.18,0.9749,2,0,0.72,5.68,0
2024-09-19 13:00:00,HAM_001,HAM_001_ROBOT_1,21,10.98,0.952,2,0,1.96,4.34,0
2024-09-19 14:00:00,MUC_001,MUC_001_ROBOT_1,25,8.76,0.9839,1,0,1.39,5.78,0
2024-09-19 14:00:00,BER_001,BER_001_ROBOT_1,25,11.45,0.9653,2,0,1.14,4.28,0
2024-09-19 14:00:00,HAM_001,HAM_001_ROBOT_1,16,10.87,0.9734,0,0,1.91,4.15,0
2024-09-19 15:00:00,MUC_001,MUC_001_ROBOT_1,22,9.32,0.9844,1,0,1.69,4.58,0
2024-09-19 15:00:00,BER_001,BER_001_ROBOT_1,4,8.22,0.7538,8,17,1.8,4.94,1
2024-09-19 15:00:00,HAM_001,HAM_001_ROBOT_1,11,8.97,0.9583,2,0,0.73,4.76,0
2024-09-19 16:00:00,MUC_001,MUC_001_ROBOT_1,0,10.8,0.7251,10,48,1.88,5.91,1
2024-09-19 16:00:00,BER_001,BER_001_ROBOT_1,21,8.59,0.9833,0,0,1.71,4.52,0
2024-09-19 16:00:00,HAM_001,HAM_001_ROBOT_1,21,10.95,0.9851,2,0,0.75,5.92,0
2024-09-19 17:00:00,MUC_001,MUC_001_ROBOT_1,15,9.4,0.9539,2,0,0.54,4.64,0
2024-09-19 17:00:00,BER_001,BER_001_ROBOT_1,11,9.53,0.9882,0,0,1.97,4.75,0
2024-09-19 17:00:00,HAM_001,HAM_001_ROBOT_1,30,8.92,0.9615,0,0,0.83,5.29,0
2024-09-19 18:00:00,MUC_001,MUC_001_ROBOT_1,23,10.62,0.9864,2,0,0.57,4.1,0
2024-09-19 18:00:00,BER_001,BER_001_ROBOT_1,11,10.86,0.9797,0,0,1.63,4.54,0
2024-09-19 18:00:00,HAM_001,HAM_001_ROBOT_1,12,9.45,0.9796,1,0,1.34,5.74,0
2024-09-19 19:00:00,MUC_001,MUC_001_ROBOT_1,17,10.4,0.9789,1,0,1.97,5.05,0
2024-09-19 19:00:00,BER_001,BER_001_ROBOT_1,25,8.25,0.9877,1,0,1.89,4.4,0
2024-09-19 19:00:00,HAM_001,HAM_001_ROBOT_1,23,11.22,0.9874,0,0,1.0,4.53,0
2024-09-19 20:00:00,MUC_001,MUC_001_ROBOT_1,14,10.59,0.9839,2,0,1.81,5.72,0
2024-09-19 20:00:00,BER_001,BER_001_ROBOT_1,24,10.77,0.9636,1,0,1.91,5.09,0
2024-09-19 20:00:00,HAM_001,HAM_001_ROBOT_1,28,8.75,0.9772,1,0,0.73,5.38,0
2024-09-19 21:00:00,MUC_001,MUC_001_ROBOT_1,15,8.96,0.987,0,0,1.09,4.37,0
2024-09-19 21:00:00,BER_001,BER_001_ROBOT_1,19,8.08,0.9773,1,0,0.84,5.27,0
2024-09-19 21:00:00,HAM_001,HAM_001_ROBOT_1,26,9.27,0.9504,0,0,1.88,4.85,0
2024-09-19 22:00:00,MUC_001,MUC_001_ROBOT_1,19,10.62,0.9775,2,0,0.99,5.0,0
2024-09-19 22:00:00,BER_001,BER_001_ROBOT_1,27,11.95,0.9649,1,0,1.27,4.29,0
2024-09-19 22:00:00,HAM_001,HAM_001_ROBOT_1,10,10.36,0.9752,1,0,0.66,5.55,0
2024-09-19 23:00:00,MUC_001,MUC_001_ROBOT_1,3,10.78,0.7866,6,55,1.11,4.09,1
2024-09-19 23:00:00,BER_001,BER_001_ROBOT_1,12,11.21,0.9524,0,0,0.81,4.33,0
2024-09-19 23:00:00,HAM_001,HAM_001_ROBOT_1,12,8.5,0.9569,1,0,0.93,5.17,0
2024-09-20 00:00:00,MUC_001,MUC_001_ROBOT_1,22,10.94,0.9535,1,0,0.59,5.22,0
2024-09-20 00:00:00,BER_001,BER_001_ROBOT_1,12,10.12,0.9643,2,0,1.35,5.65,0
2024-09-20 00:00:00,HAM_001,HAM_001_ROBOT_1,20,8.6,0.9837,2,0,0.85,4.88,0
2024-09-20 01:00:00,MUC_001,MUC_001_ROBOT_1,29,9.61,0.9756,2,0,2.0,4.13,0
2024-09-20 01:00:00,BER_001,BER_001_ROBOT_1,16,9.13,0.9502,1,0,1.62,5.81,0
2024-09-20 01:00:00,HAM_001,HAM_001_ROBOT_1,25,9.55,0.9647,1,0,1.63,4.9,0
2024-09-20 02:00:00,MUC_001,MUC_001_ROBOT_1,28,11.89,0.9795,2,0,1.35,5.29,0
2024-09-20 02:00:00,BER_001,BER_001_ROBOT_1,13,9.21,0.9852,2,0,0.86,5.55,0
2024-09-20 02:00:00,HAM_001,HAM_001_ROBOT_1,22,10.01,0.9888,2,0,1.36,5.84,0
2024-09-20 03:00:00,MUC_001,MUC_001_ROBOT_1,21,9.77,0.972,0,0,0.57,5.86,0
2024-09-20 03:00:00,BER_001,BER_001_ROBOT_1,4,11.34,0.7881,4,29,0.76,5.03,1
2024-09-20 03:00:00,HAM_001,HAM_001_ROBOT_1,10,11.95,0.9897,0,0,0.68,5.69,0
2024-09-20 04:00:00,MUC_001,MUC_001_ROBOT_1,27,8.2,0.9829,0,0,1.46,4.48,0
2024-09-20 04:00:00,BER_001,BER_001_ROBOT_1,29,9.31,0.9599,0,0,1.19,5.61,0
2024-09-20 04:00:00,HAM_001,HAM_001_ROBOT_1,23,11.07,0.9696,1,0,1.01,5.61,0
2024-09-20 05:00:00,MUC_001,MUC_001_ROBOT_1,18,10.85,0.9883,2,0,0.61,5.81,0
2024-09-20 05:00:00,BER_001,BER_001_ROBOT_1,15,8.1,0.9677,1,0,1.42,4.81,0
2024-09-20 05:00:00,HAM_001,HAM_001_ROBOT_1,20,10.8,0.9607,2,0,1.08,5.22,0
2024-09-20 06:00:00,MUC_001,MUC_001_ROBOT_1,14,8.24,0.9642,0,0,0.75,4.73,0
2024-09-20 06:00:00,BER_001,BER_001_ROBOT_1,10,9.62,0.9876,2,0,0.62,5.19,0
2024-09-20 06:00:00,HAM_001,HAM_001_ROBOT_1,18,11.59,0.9635,2,0,0.71,5.33,0
2024-09-20 07:00:00,MUC_001,MUC_001_ROBOT_1,17,10.57,0.9675,2,0,1.95,4.19,0
2024-09-20 07:00:00,BER_001,BER_001_ROBOT_1,24,9.3,0.9764,1,0,1.86,4.67,0
2024-09-20 07:00:00,HAM_001,HAM_001_ROBOT_1,27,11.54,0.9578,1,0,1.74,5.17,0
2024-09-20 08:00:00,MUC_001,MUC_001_ROBOT_1,20,11.82,0.9618,0,0,1.47,4.97,0
2024-09-20 08:00:00,BER_001,BER_001_ROBOT_1,12,11.33,0.9519,0,0,1.97,5.33,0
2024-09-20 08:00:00,HAM_001,HAM_001_ROBOT_1,20,11.02,0.9567,2,0,1.44,4.78,0
2024-09-20 09:00:00,MUC_001,MUC_001_ROBOT_1,24,10.87,0.9508,2,0,0.86,5.01,0
2024-09-20 09:00:00,BER_001,BER_001_ROBOT_1,5,8.57,0.7443,9,39,0.61,4.5,1
2024-09-20 09:00:00,HAM_001,HAM_001_ROBOT_1,10,11.08,0.9644,0,0,0.95,5.82,0
2024-09-20 10:00:00,MUC_001,MUC_001_ROBOT_1,24,9.49,0.9731,1,0,1.25,5.12,0
2024-09-20 10:00:00,BER_001,BER_001_ROBOT_1,19,8.89,0.9617,1,0,0.55,4.56,0
2024-09-20 10:00:00,HAM_001,HAM_001_ROBOT_1,12,10.91,0.9621,0,0,1.6,4.75,0
2024-09-20 11:00:00,MUC_001,MUC_001_ROBOT_1,15,11.88,0.9778,0,0,1.48,5.47,0
2024-09-20 11:00:00,BER_001,BER_001_ROBOT_1,30,11.64,0.9549,1,0,1.7,5.17,0
2024-09-20 11:00:00,HAM_001,HAM_001_ROBOT_1,13,8.26,0.9847,1,0,1.9,5.27,0
2024-09-20 12:00:00,MUC_001,MUC_001_ROBOT_1,10,9.95,0.972,0,0,0.55,4.27,0
2024-09-20 12:00:00,BER_001,BER_001_ROBOT_1,13,10.99,0.9605,1,0,1.71,4.48,0
2024-09-20 12:00:00,HAM_001,HAM_001_ROBOT_1,30,9.38,0.957,0,0,1.8,5.64,0
2024-09-20 13:00:00,MUC_001,MUC_001_ROBOT_1,13,9.5,0.9805,2,0,1.5,4.71,0
2024-09-20 13:00:00,BER_001,BER_001_ROBOT_1,12,10.85,0.9602,1,0,1.85,5.46,0
2024-09-20 13:00:00,HAM_001,HAM_001_ROBOT_1,20,10.47,0.9634,1,0,0.58,5.29,0
2024-09-20 14:00:00,MUC_001,MUC_001_ROBOT_1,24,10.98,0.9836,1,0,1.03,5.88,0
2024-09-20 14:00:00,BER_001,BER_001_ROBOT_1,19,11.01,0.9659,1,0,1.12,4.38,0
2024-09-20 14:00:00,HAM_001,HAM_001_ROBOT_1,13,11.16,0.9807,0,0,1.09,4.95,0
2024-09-20 15:00:00,MUC_001,MUC_001_ROBOT_1,26,10.38,0.9882,0,0,1.17,5.12,0
2024-09-20 15:00:00,BER_001,BER_001_ROBOT_1,16,8.63,0.9599,0,0,1.31,5.67,0
2024-09-20 15:00:00,HAM_001,HAM_001_ROBOT_1,20,8.28,0.953,0,0,1.99,4.78,0
2024-09-20 16:00:00,MUC_001,MUC_001_ROBOT_1,16,9.95,0.9767,2,0,1.3,4.55,0
2024-09-20 16:00:00,BER_001,BER_001_ROBOT_1,27,11.47,0.9827,1,0,1.72,5.64,0
2024-09-20 16:00:00,HAM_001,HAM_001_ROBOT_1,10,10.55,0.9622,0,0,0.95,4.8,0
2024-09-20 17:00:00,MUC_001,MUC_001_ROBOT_1,15,10.93,0.9625,0,0,1.57,5.13,0
2024-09-20 17:00:00,BER_001,BER_001_ROBOT_1,29,10.51,0.9625,0,0,1.84,4.24,0
2024-09-20 17:00:00,HAM_001,HAM_001_ROBOT_1,13,11.07,0.9851,2,0,1.68,4.76,0
2024-09-20 18:00:00,MUC_001,MUC_001_ROBOT_1,12,8.46,0.9534,1,0,0.64,5.93,0
2024-09-20 18:00:00,BER_001,BER_001_ROBOT_1,28,8.22,0.9846,2,0,1.54,4.06,0
2024-09-20 18:00:00,HAM_001,HAM_001_ROBOT_1,19,10.07,0.9557,1,0,1.82,4.36,0
2024-09-20 19:00:00,MUC_001,MUC_001_ROBOT_1,28,10.04,0.9521,1,0,0.82,4.53,0
2024-09-20 19:00:00,BER_001,BER_001_ROBOT_1,14,9.88,0.9842,1,0,0.72,4.9,0
2024-09-20 19:00:00,HAM_001,HAM_001_ROBOT_1,1,11.32,0.8451,10,29,0.96,5.36,1
2024-09-20 20:00:00,MUC_001,MUC_001_ROBOT_1,18,11.26,0.9737,1,0,1.34,5.12,0
2024-09-20 20:00:00,BER_001,BER_001_ROBOT_1,11,9.6,0.9754,0,0,0.64,4.04,0
2024-09-20 20:00:00,HAM_001,HAM_001_ROBOT_1,21,10.37,0.9825,1,0,1.56,5.52,0
2024-09-20 21:00:00,MUC_001,MUC_001_ROBOT_1,26,9.03,0.9849,0,0,1.34,4.26,0
2024-09-20 21:00:00,BER_001,BER_001_ROBOT_1,21,11.68,0.9894,1,0,1.25,5.99,0
2024-09-20 21:00:00,HAM_001,HAM_001_ROBOT_1,14,8.09,0.9697,1,0,1.38,4.03,0
2024-09-20 22:00:00,MUC_001,MUC_001_ROBOT_1,30,8.47,0.9819,0,0,1.8,5.45,0
2024-09-20 22:00:00,BER_001,BER_001_ROBOT_1,20,8.16,0.9546,0,0,1.72,5.47,0
2024-09-20 22:00:00,HAM_001,HAM_001_ROBOT_1,3,8.6,0.8453,4,31,1.61,5.38,1
2024-09-20 23:00:00,MUC_001,MUC_001_ROBOT_1,12,9.28,0.9596,0,0,1.9,4.52,0
2024-09-20 23:00:00,BER_001,BER_001_ROBOT_1,10,10.72,0.9703,2,0,0.67,4.72,0
2024-09-20 23:00:00,HAM_001,HAM_001_ROBOT_1,17,10.6,0.954,2,0,1.92,5.96,0
2024-09-21 00:00:00,MUC_001,MUC_001_ROBOT_1,10,11.34,0.9765,0,0,1.12,4.44,0
2024-09-21 00:00:00,BER_001,BER_001_ROBOT_1,25,10.85,0.9823,2,0,0.77,4.29,0
2024-09-21 00:00:00,HAM_001,HAM_001_ROBOT_1,2,10.02,0.7988,10,60,0.67,4.75,1
2024-09-21 01:00:00,MUC_001,MUC_001_ROBOT_1,28,10.13,0.9821,2,0,1.97,5.36,0
2024-09-21 01:00:00,BER_001,BER_001_ROBOT_1,28,10.49,0.9706,2,0,0.74,5.94,0
2024-09-21 01:00:00,HAM_001,HAM_001_ROBOT_1,27,10.56,0.9775,1,0,0.52,5.03,0
2024-09-21 02:00:00,MUC_001,MUC_001_ROBOT_1,16,9.46,0.9521,2,0,1.21,5.61,0
2024-09-21 02:00:00,BER_001,BER_001_ROBOT_1,23,9.42,0.9619,0,0,1.88,4.06,0
2024-09-21 02:00:00,HAM_001,HAM_001_ROBOT_1,16,11.72,0.9808,1,0,0.68,5.03,0
2024-09-21 03:00:00,MUC_001,MUC_001_ROBOT_1,30,11.07,0.9561,1,0,1.0,5.09,0
2024-09-21 03:00:00,BER_001,BER_001_ROBOT_1,14,11.96,0.9863,0,0,0.93,5.27,0
2024-09-21 03:00:00,HAM_001,HAM_001_ROBOT_1,3,10.96,0.8122,9,28,1.53,5.36,1
2024-09-21 04:00:00,MUC_001,MUC_001_ROBOT_1,18,11.5,0.9535,0,0,0.85,4.39,0
2024-09-21 04:00:00,BER_001,BER_001_ROBOT_1,22,11.99,0.9545,0,0,0.62,4.48,0
2024-09-21 04:00:00,HAM_001,HAM_001_ROBOT_1,25,10.2,0.9624,2,0,0.75,5.7,0
2024-09-21 05:00:00,MUC_001,MUC_001_ROBOT_1,13,8.01,0.9641,0,0,1.91,5.27,0
2024-09-21 05:00:00,BER_001,BER_001_ROBOT_1,23,9.64,0.9597,0,0,1.02,4.45,0
2024-09-21 05:00:00,HAM_001,HAM_001_ROBOT_1,15,10.55,0.972,0,0,1.68,5.89,0
2024-09-21 06:00:00,MUC_001,MUC_001_ROBOT_1,2,8.86,0.7067,7,20,0.62,4.52,1
2024-09-21 06:00:00,BER_001,BER_001_ROBOT_1,23,9.09,0.9826,1,0,0.51,5.37,0
2024-09-21 06:00:00,HAM_001,HAM_001_ROBOT_1,24,9.05,0.9701,1,0,1.49,5.16,0
2024-09-21 07:00:00,MUC_001,MUC_001_ROBOT_1,10,9.81,0.9746,2,0,1.24,4.56,0
2024-09-21 07:00:00,BER_001,BER_001_ROBOT_1,18,11.45,0.9774,0,0,1.98,4.51,0
2024-09-21 07:00:00,HAM_001,HAM_001_ROBOT_1,13,10.76,0.9875,2,0,1.55,5.06,0
2024-09-21 08:00:00,MUC_001,MUC_001_ROBOT_1,18,11.25,0.9737,0,0,1.16,4.29,0
2024-09-21 08:00:00,BER_001,BER_001_ROBOT_1,23,9.11,0.9517,0,0,1.58,5.44,0
2024-09-21 08:00:00,HAM_001,HAM_001_ROBOT_1,23,9.98,0.9751,2,0,1.82,5.24,0
2024-09-21 09:00:00,MUC_001,MUC_001_ROBOT_1,16,9.71,0.9644,1,0,0.93,5.71,0
2024-09-21 09:00:00,BER_001,BER_001_ROBOT_1,19,10.51,0.9756,2,0,1.72,5.7,0
2024-09-21 09:00:00,HAM_001,HAM_001_ROBOT_1,14,8.14,0.9545,1,0,1.68,4.56,0
2024-09-21 10:00:00,MUC_001,MUC_001_ROBOT_1,5,11.7,0.7756,8,19,0.6,5.52,1
2024-09-21 10:00:00,BER_001,BER_001_ROBOT_1,24,11.46,0.9807,1,0,1.05,4.51,0
2024-09-21 10:00:00,HAM_001,HAM_001_ROBOT_1,22,8.42,0.9697,2,0,1.37,4.97,0
2024-09-21 11:00:00,MUC_001,MUC_001_ROBOT_1,16,8.41,0.9844,2,0,1.05,4.49,0
2024-09-21 11:00:00,BER_001,BER_001_ROBOT_1,23,9.92,0.9599,1,0,0.89,5.24,0
2024-09-21 11:00:00,HAM_001,HAM_001_ROBOT_1,18,10.05,0.974,1,0,1.07,4.3,0
2024-09-21 12:00:00,MUC_001,MUC_001_ROBOT_1,13,9.26,0.9881,2,0,1.05,5.37,0
2024-09-21 12:00:00,BER_001,BER_001_ROBOT_1,30,10.21,0.9553,0,0,1.94,5.7,0
2024-09-21 12:00:00,HAM_001,HAM_001_ROBOT_1,5,8.83,0.7525,10,19,1.17,4.43,1
2024-09-21 13:00:00,MUC_001,MUC_001_ROBOT_1,23,9.86,0.9566,2,0,0.82,4.03,0
2024-09-21 13:00:00,BER_001,BER_001_ROBOT_1,24,11.8,0.9727,0,0,1.74,5.02,0
2024-09-21 13:00:00,HAM_001,HAM_001_ROBOT_1,17,10.46,0.9611,0,0,1.14,4.62,0
2024-09-21 14:00:00,MUC_001,MUC_001_ROBOT_1,24,8.93,0.9634,0,0,1.83,5.29,0
2024-09-21 14:00:00,BER_001,BER_001_ROBOT_1,20,11.01,0.97,0,0,0.66,5.57,0
2024-09-21 14:00:00,HAM_001,HAM_001_ROBOT_1,11,8.61,0.9803,2,0,1.53,5.99,0
2024-09-21 15:00:00,MUC_001,MUC_001_ROBOT_1,21,10.19,0.98,2,0,1.1,5.2,0
2024-09-21 15:00:00,BER_001,BER_001_ROBOT_1,27,11.62,0.9837,1,0,0.89,5.54,0
2024-09-21 15:00:00,HAM_001,HAM_001_ROBOT_1,24,10.21,0.9794,1,0,0.65,5.3,0
2024-09-21 16:00:00,MUC_001,MUC_001_ROBOT_1,24,11.84,0.9858,0,0,0.54,5.11,0
2024-09-21 16:00:00,BER_001,BER_001_ROBOT_1,26,8.8,0.9532,2,0,1.8,4.05,0
2024-09-21 16:00:00,HAM_001,HAM_001_ROBOT_1,30,8.92,0.9876,1,0,0.65,4.03,0
2024-09-21 17:00:00,MUC_001,MUC_001_ROBOT_1,30,11.5,0.9596,0,0,0.76,5.6,0
2024-09-21 17:00:00,BER_001,BER_001_ROBOT_1,1,10.39,0.7798,9,39,1.71,4.9,1
2024-09-21 17:00:00,HAM_001,HAM_001_ROBOT_1,16,11.39,0.9873,0,0,1.15,4.28,0
2024-09-21 18:00:00,MUC_001,MUC_001_ROBOT_1,18,10.42,0.957,0,0,1.71,5.3,0
2024-09-21 18:00:00,BER_001,BER_001_ROBOT_1,29,11.86,0.9633,0,0,1.7,4.93,0
2024-09-21 18:00:00,HAM_001,HAM_001_ROBOT_1,19,10.2,0.9513,2,0,1.11,5.59,0
2024-09-21 19:00:00,MUC_001,MUC_001_ROBOT_1,30,8.63,0.9672,2,0,1.2,5.04,0
2024-09-21 19:00:00,BER_001,BER_001_ROBOT_1,27,10.56,0.9842,1,0,0.65,5.98,0
2024-09-21 19:00:00,HAM_001,HAM_001_ROBOT_1,26,11.0,0.9786,1,0,0.57,5.25,0
2024-09-21 20:00:00,MUC_001,MUC_001_ROBOT_1,24,9.44,0.9669,0,0,1.72,5.7,0
2024-09-21 20:00:00,BER_001,BER_001_ROBOT_1,24,11.96,0.9793,2,0,1.71,5.27,0
2024-09-21 20:00:00,HAM_001,HAM_001_ROBOT_1,19,11.04,0.9568,2,0,1.31,5.2,0
2024-09-21 21:00:00,MUC_001,MUC_001_ROBOT_1,27,9.68,0.9585,1,0,1.38,4.84,0
2024-09-21 21:00:00,BER_001,BER_001_ROBOT_1,29,11.25,0.9887,1,0,1.01,5.01,0
2024-09-21 21:00:00,HAM_001,HAM_001_ROBOT_1,17,10.05,0.9581,1,0,1.91,5.3,0
2024-09-21 22:00:00,MUC_001,MUC_001_ROBOT_1,24,9.51,0.9815,1,0,1.51,4.58,0
2024-09-21 22:00:00,BER_001,BER_001_ROBOT_1,27,10.47,0.9885,0,0,1.93,4.2,0
2024-09-21 22:00:00,HAM_001,HAM_001_ROBOT_1,18,11.77,0.9731,0,0,0.88,5.77,0
2024-09-21 23:00:00,MUC_001,MUC_001_ROBOT_1,21,8.7,0.9573,2,0,1.5,5.98,0
2024-09-21 23:00:00,BER_001,BER_001_ROBOT_1,25,10.83,0.9824,2,0,1.76,4.13,0
2024-09-21 23:00:00,HAM_001,HAM_001_ROBOT_1,14,10.34,0.9871,1,0,1.27,5.49,0
2024-09-22 00:00:00,MUC_001,MUC_001_ROBOT_1,26,8.83,0.9524,1,0,0.57,4.92,0
2024-09-22 00:00:00,BER_001,BER_001_ROBOT_1,26,8.7,0.9744,0,0,1.96,4.48,0
2024-09-22 00:00:00,HAM_001,HAM_001_ROBOT_1,27,8.47,0.9559,1,0,1.58,4.98,0
2024-09-22 01:00:00,MUC_001,MUC_001_ROBOT_1,12,10.39,0.9565,0,0,1.28,4.72,0
2024-09-22 01:00:00,BER_001,BER_001_ROBOT_1,11,10.41,0.9506,1,0,1.15,4.24,0
2024-09-22 01:00:00,HAM_001,HAM_001_ROBOT_1,23,10.63,0.9526,0,0,1.52,5.61,0
2024-09-22 02:00:00,MUC_001,MUC_001_ROBOT_1,11,11.52,0.9514,2,0,1.0,5.46,0
2024-09-22 02:00:00,BER_001,BER_001_ROBOT_1,13,9.16,0.9523,1,0,1.39,5.89,0
2024-09-22 02:00:00,HAM_001,HAM_001_ROBOT_1,11,9.6,0.9691,0,0,1.98,5.15,0
2024-09-22 03:00:00,MUC_001,MUC_001_ROBOT_1,22,10.45,0.9502,2,0,0.76,4.62,0
2024-09-22 03:00:00,BER_001,BER_001_ROBOT_1,30,11.2,0.9622,1,0,0.63,5.59,0
2024-09-22 03:00:00,HAM_001,HAM_001_ROBOT_1,27,9.43,0.9572,2,0,1.19,5.95,0
2024-09-22 04:00:00,MUC_001,MUC_001_ROBOT_1,23,11.72,0.9803,2,0,0.86,5.75,0
2024-09-22 04:00:00,BER_001,BER_001_ROBOT_1,22,9.41,0.9563,1,0,1.93,5.22,0
2024-09-22 04:00:00,HAM_001,HAM_001_ROBOT_1,27,10.49,0.96,0,0,1.28,5.49,0
2024-09-22 05:00:00,MUC_001,MUC_001_ROBOT_1,25,8.38,0.9728,2,0,1.41,5.65,0
2024-09-22 05:00:00,BER_001,BER_001_ROBOT_1,25,9.01,0.9866,0,0,1.44,5.85,0
2024-09-22 05:00:00,HAM_001,HAM_001_ROBOT_1,17,8.68,0.9819,2,0,1.89,4.72,0
2024-09-22 06:00:00,MUC_001,MUC_001_ROBOT_1,3,10.57,0.836,6,43,1.52,4.42,1
2024-09-22 06:00:00,BER_001,BER_001_ROBOT_1,24,9.85,0.9753,0,0,1.16,5.14,0
2024-09-22 06:00:00,HAM_001,HAM_001_ROBOT_1,16,9.07,0.9665,2,0,0.93,5.9,0
2024-09-22 07:00:00,MUC_001,MUC_001_ROBOT_1,19,8.98,0.9751,1,0,1.4,5.15,0
2024-09-22 07:00:00,BER_001,BER_001_ROBOT_1,3,8.35,0.8186,7,56,0.7,5.96,1
2024-09-22 07:00:00,HAM_001,HAM_001_ROBOT_1,17,10.84,0.9861,1,0,1.58,4.91,0
2024-09-22 08:00:00,MUC_001,MUC_001_ROBOT_1,27,10.13,0.9574,1,0,1.84,4.67,0
2024-09-22 08:00:00,BER_001,BER_001_ROBOT_1,12,9.24,0.974,0,0,0.74,4.46,0
2024-09-22 08:00:00,HAM_001,HAM_001_ROBOT_1,18,8.77,0.9597,1,0,0.64,5.77,0
2024-09-22 09:00:00,MUC_001,MUC_001_ROBOT_1,16,10.98,0.9633,1,0,1.27,4.69,0
2024-09-22 09:00:00,BER_001,BER_001_ROBOT_1,18,11.84,0.9772,0,0,1.59,5.62,0
2024-09-22 09:00:00,HAM_001,HAM_001_ROBOT_1,24,9.05,0.9624,0,0,1.39,4.97,0
2024-09-22 10:00:00,MUC_001,MUC_001_ROBOT_1,19,8.18,0.9714,0,0,0.97,4.27,0
2024-09-22 10:00:00,BER_001,BER_001_ROBOT_1,15,9.09,0.9886,2,0,1.01,4.19,0
2024-09-22 10:00:00,HAM_001,HAM_001_ROBOT_1,12,8.23,0.9817,2,0,1.64,5.1,0
2024-09-22 11:00:00,MUC_001,MUC_001_ROBOT_1,24,10.5,0.977,1,0,1.0,5.43,0
2024-09-22 11:00:00,BER_001,BER_001_ROBOT_1,11,10.88,0.9861,1,0,1.53,4.53,0
2024-09-22 11:00:00,HAM_001,HAM_001_ROBOT_1,20,8.45,0.9706,2,0,1.2,5.77,0
2024-09-22 12:00:00,MUC_001,MUC_001_ROBOT_1,24,11.61,0.956,0,0,0.7,4.13,0
2024-09-22 12:00:00,BER_001,BER_001_ROBOT_1,12,11.51,0.9883,1,0,1.44,4.44,0
2024-09-22 12:00:00,HAM_001,HAM_001_ROBOT_1,27,11.6,0.981,2,0,0.76,4.53,0
2024-09-22 13:00:00,MUC_001,MUC_001_ROBOT_1,10,10.19,0.9715,0,0,0.66,4.69,0
2024-09-22 13:00:00,BER_001,BER_001_ROBOT_1,21,11.35,0.9657,2,0,0.93,5.36,0
2024-09-22 13:00:00,HAM_001,HAM_001_ROBOT_1,17,8.16,0.9611,0,0,1.42,4.94,0
2024-09-22 14:00:00,MUC_001,MUC_001_ROBOT_1,27,9.15,0.9725,0,0,1.53,5.41,0
2024-09-22 14:00:00,BER_001,BER_001_ROBOT_1,24,10.46,0.9579,1,0,1.61,5.77,0
2024-09-22 14:00:00,HAM_001,HAM_001_ROBOT_1,18,8.73,0.9758,2,0,1.3,5.19,0
2024-09-22 15:00:00,MUC_001,MUC_001_ROBOT_1,16,8.34,0.959,2,0,1.12,4.34,0
2024-09-22 15:00:00,BER_001,BER_001_ROBOT_1,29,10.31,0.9779,2,0,1.61,5.02,0
2024-09-22 15:00:00,HAM_001,HAM_001_ROBOT_1,20,10.35,0.958,2,0,0.98,4.56,0
2024-09-22 16:00:00,MUC_001,MUC_001_ROBOT_1,18,11.84,0.9892,1,0,0.55,5.92,0
2024-09-22 16:00:00,BER_001,BER_001_ROBOT_1,28,10.55,0.9662,2,0,1.66,4.04,0
2024-09-22 16:00:00,HAM_001,HAM_001_ROBOT_1,12,9.94,0.9638,1,0,1.96,5.08,0
2024-09-22 17:00:00,MUC_001,MUC_001_ROBOT_1,27,10.14,0.9795,0,0,1.55,4.33,0
2024-09-22 17:00:00,BER_001,BER_001_ROBOT_1,28,10.83,0.9756,0,0,0.56,4.3,0
2024-09-22 17:00:00,HAM_001,HAM_001_ROBOT_1,26,11.0,0.9529,1,0,0.55,4.13,0
2024-09-22 18:00:00,MUC_001,MUC_001_ROBOT_1,23,10.19,0.9831,1,0,0.61,4.52,0
2024-09-22 18:00:00,BER_001,BER_001_ROBOT_1,11,9.18,0.981,1,0,1.4,4.95,0
2024-09-22 18:00:00,HAM_001,HAM_001_ROBOT_1,30,8.29,0.9697,1,0,0.84,4.24,0
2024-09-22 19:00:00,MUC_001,MUC_001_ROBOT_1,15,9.5,0.9816,0,0,1.62,5.26,0
2024-09-22 19:00:00,BER_001,BER_001_ROBOT_1,0,8.51,0.8068,4,31,1.16,4.95,1
2024-09-22 19:00:00,HAM_001,HAM_001_ROBOT_1,26,11.27,0.9716,1,0,0.68,4.78,0
2024-09-22 20:00:00,MUC_001,MUC_001_ROBOT_1,16,11.13,0.9665,0,0,1.73,5.21,0
2024-09-22 20:00:00,BER_001,BER_001_ROBOT_1,25,11.07,0.99,2,0,1.92,5.18,0
2024-09-22 20:00:00,HAM_001,HAM_001_ROBOT_1,30,8.59,0.9509,1,0,0.55,5.67,0
2024-09-22 21:00:00,MUC_001,MUC_001_ROBOT_1,25,11.67,0.9668,2,0,1.16,5.3,0
2024-09-22 21:00:00,BER_001,BER_001_ROBOT_1,14,11.41,0.9717,1,0,1.68,4.79,0
2024-09-22 21:00:00,HAM_001,HAM_001_ROBOT_1,12,11.45,0.9821,1,0,0.73,4.85,0
2024-09-22 22:00:00,MUC_001,MUC_001_ROBOT_1,26,9.23,0.9792,0,0,1.25,5.19,0
2024-09-22 22:00:00,BER_001,BER_001_ROBOT_1,19,8.33,0.984,0,0,0.65,5.4,0
2024-09-22 22:00:00,HAM_001,HAM_001_ROBOT_1,10,9.87,0.9581,1,0,1.72,5.88,0
2024-09-22 23:00:00,MUC_001,MUC_001_ROBOT_1,20,10.85,0.9648,1,0,1.21,5.72,0
2024-09-22 23:00:00,BER_001,BER_001_ROBOT_1,19,10.62,0.967,1,0,1.88,4.55,0
2024-09-22 23:00:00,HAM_001,HAM_001_ROBOT_1,20,10.31,0.9766,2,0,1.94,4.11,0
2024-09-23 00:00:00,MUC_001,MUC_001_ROBOT_1,30,9.51,0.9728,0,0,1.15,4.64,0
2024-09-23 00:00:00,BER_001,BER_001_ROBOT_1,28,8.61,0.9845,2,0,1.81,4.7,0
2024-09-23 00:00:00,HAM_001,HAM_001_ROBOT_1,25,11.71,0.9886,0,0,1.53,5.79,0
2024-09-23 01:00:00,MUC_001,MUC_001_ROBOT_1,11,9.0,0.9507,2,0,0.63,4.94,0
2024-09-23 01:00:00,BER_001,BER_001_ROBOT_1,21,9.42,0.9536,2,0,0.62,4.24,0
2024-09-23 01:00:00,HAM_001,HAM_001_ROBOT_1,15,10.44,0.9886,2,0,1.33,4.61,0
2024-09-23 02:00:00,MUC_001,MUC_001_ROBOT_1,30,8.29,0.988,0,0,1.35,4.23,0
2024-09-23 02:00:00,BER_001,BER_001_ROBOT_1,11,9.38,0.9708,2,0,1.4,5.33,0
2024-09-23 02:00:00,HAM_001,HAM_001_ROBOT_1,15,10.79,0.9551,1,0,1.64,5.31,0
2024-09-23 03:00:00,MUC_001,MUC_001_ROBOT_1,24,8.27,0.9828,0,0,1.54,5.85,0
2024-09-23 03:00:00,BER_001,BER_001_ROBOT_1,20,8.4,0.9548,1,0,0.77,5.32,0
2024-09-23 03:00:00,HAM_001,HAM_001_ROBOT_1,10,10.58,0.9862,0,0,1.56,4.59,0
2024-09-23 04:00:00,MUC_001,MUC_001_ROBOT_1,24,10.07,0.969,0,0,1.62,5.01,0
2024-09-23 04:00:00,BER_001,BER_001_ROBOT_1,25,9.26,0.9746,2,0,1.4,4.78,0
2024-09-23 04:00:00,HAM_001,HAM_001_ROBOT_1,24,8.48,0.9638,1,0,1.41,5.63,0
2024-09-23 05:00:00,MUC_001,MUC_001_ROBOT_1,24,10.39,0.9609,0,0,1.13,5.8,0
2024-09-23 05:00:00,BER_001,BER_001_ROBOT_1,27,9.86,0.9536,1,0,1.4,4.65,0
2024-09-23 05:00:00,HAM_001,HAM_001_ROBOT_1,15,9.14,0.958,2,0,1.83,5.21,0
2024-09-23 06:00:00,MUC_001,MUC_001_ROBOT_1,22,9.09,0.9786,2,0,1.25,4.97,0
2024-09-23 06:00:00,BER_001,BER_001_ROBOT_1,12,10.06,0.9858,0,0,0.52,5.56,0
2024-09-23 06:00:00,HAM_001,HAM_001_ROBOT_1,29,11.25,0.9562,2,0,0.83,4.64,0
2024-09-23 07:00:00,MUC_001,MUC_001_ROBOT_1,28,10.3,0.9785,0,0,1.02,5.18,0
2024-09-23 07:00:00,BER_001,BER_001_ROBOT_1,25,11.17,0.9505,0,0,1.41,4.52,0
2024-09-23 07:00:00,HAM_001,HAM_001_ROBOT_1,24,10.07,0.9665,2,0,0.58,5.74,0
2024-09-23 08:00:00,MUC_001,MUC_001_ROBOT_1,25,10.79,0.9883,2,0,1.8,4.77,0
2024-09-23 08:00:00,BER_001,BER_001_ROBOT_1,26,8.65,0.9689,1,0,1.28,5.31,0
2024-09-23 08:00:00,HAM_001,HAM_001_ROBOT_1,18,11.05,0.9653,2,0,1.37,4.51,0
2024-09-23 09:00:00,MUC_001,MUC_001_ROBOT_1,14,9.39,0.9551,0,0,1.02,4.76,0
2024-09-23 09:00:00,BER_001,BER_001_ROBOT_1,11,11.98,0.986,0,0,1.62,5.49,0
2024-09-23 09:00:00,HAM_001,HAM_001_ROBOT_1,22,11.62,0.9813,0,0,1.08,5.02,0
2024-09-23 10:00:00,MUC_001,MUC_001_ROBOT_1,10,8.54,0.9875,1,0,1.6,5.31,0
2024-09-23 10:00:00,BER_001,BER_001_ROBOT_1,26,10.96,0.9687,2,0,0.87,4.0,0
2024-09-23 10:00:00,HAM_001,HAM_001_ROBOT_1,19,11.04,0.9851,2,0,0.52,5.74,0
2024-09-23 11:00:00,MUC_001,MUC_001_ROBOT_1,11,11.41,0.9548,1,0,1.66,4.84,0
2024-09-23 11:00:00,BER_001,BER_001_ROBOT_1,0,8.62,0.7428,9,47,1.04,5.37,1
2024-09-23 11:00:00,HAM_001,HAM_001_ROBOT_1,10,8.5,0.9586,1,0,1.71,5.31,0
2024-09-23 12:00:00,MUC_001,MUC_001_ROBOT_1,14,10.09,0.9583,2,0,1.4,5.02,0
2024-09-23 12:00:00,BER_001,BER_001_ROBOT_1,17,9.2,0.9603,2,0,0.58,5.72,0
2024-09-23 12:00:00,HAM_001,HAM_001_ROBOT_1,1,11.92,0.8426,6,36,1.55,5.14,1
2024-09-23 13:00:00,MUC_001,MUC_001_ROBOT_1,28,8.74,0.9596,1,0,0.94,5.84,0
2024-09-23 13:00:00,BER_001,BER_001_ROBOT_1,30,9.27,0.9843,1,0,0.88,5.5,0
2024-09-23 13:00:00,HAM_001,HAM_001_ROBOT_1,14,10.15,0.9712,2,0,1.69,4.19,0
2024-09-23 14:00:00,MUC_001,MUC_001_ROBOT_1,27,9.72,0.966,1,0,1.72,5.5,0
2024-09-23 14:00:00,BER_001,BER_001_ROBOT_1,27,11.9,0.964,2,0,1.91,4.45,0
2024-09-23 14:00:00,HAM_001,HAM_001_ROBOT_1,16,11.63,0.9608,1,0,1.01,5.48,0
2024-09-23 15:00:00,MUC_001,MUC_001_ROBOT_1,18,8.81,0.9517,2,0,0.54,4.78,0
2024-09-23 15:00:00,BER_001,BER_001_ROBOT_1,20,11.93,0.9782,2,0,0.92,5.11,0
2024-09-23 15:00:00,HAM_001,HAM_001_ROBOT_1,29,10.67,0.9511,0,0,0.92,4.12,0
2024-09-23 16:00:00,MUC_001,MUC_001_ROBOT_1,21,9.77,0.972,2,0,1.51,4.59,0
2024-09-23 16:00:00,BER_001,BER_001_ROBOT_1,26,10.97,0.9807,1,0,1.3,5.84,0
2024-09-23 16:00:00,HAM_001,HAM_001_ROBOT_1,18,10.25,0.9682,0,0,1.67,5.1,0
2024-09-23 17:00:00,MUC_001,MUC_001_ROBOT_1,25,11.08,0.9565,0,0,1.66,5.85,0
2024-09-23 17:00:00,BER_001,BER_001_ROBOT_1,21,9.07,0.9604,0,0,1.01,4.68,0
2024-09-23 17:00:00,HAM_001,HAM_001_ROBOT_1,28,11.29,0.9889,1,0,1.98,4.39,0
2024-09-23 18:00:00,MUC_001,MUC_001_ROBOT_1,30,11.61,0.9888,1,0,0.73,4.73,0
2024-09-23 18:00:00,BER_001,BER_001_ROBOT_1,27,11.88,0.9553,2,0,1.05,5.37,0
2024-09-23 18:00:00,HAM_001,HAM_001_ROBOT_1,21,8.02,0.952,0,0,1.5,4.09,0
2024-09-23 19:00:00,MUC_001,MUC_001_ROBOT_1,19,8.55,0.9788,2,0,1.83,4.07,0
2024-09-23 19:00:00,BER_001,BER_001_ROBOT_1,10,8.6,0.9669,2,0,0.72,4.88,0
2024-09-23 19:00:00,HAM_001,HAM_001_ROBOT_1,18,10.71,0.9875,2,0,0.73,4.85,0
2024-09-23 20:00:00,MUC_001,MUC_001_ROBOT_1,16,8.57,0.9804,0,0,1.02,5.29,0
2024-09-23 20:00:00,BER_001,BER_001_ROBOT_1,21,11.06,0.9766,0,0,1.65,5.84,0
2024-09-23 20:00:00,HAM_001,HAM_001_ROBOT_1,13,10.24,0.9604,2,0,1.97,5.74,0
2024-09-23 21:00:00,MUC_001,MUC_001_ROBOT_1,18,9.85,0.9717,0,0,1.77,5.8,0
2024-09-23 21:00:00,BER_001,BER_001_ROBOT_1,4,11.83,0.7367,10,46,1.17,4.16,1
2024-09-23 21:00:00,HAM_001,HAM_001_ROBOT_1,11,11.01,0.9541,2,0,1.48,5.67,0
2024-09-23 22:00:00,MUC_001,MUC_001_ROBOT_1,29,10.3,0.9614,1,0,1.09,4.26,0
2024-09-23 22:00:00,BER_001,BER_001_ROBOT_1,15,10.68,0.9884,0,0,0.86,5.06,0
2024-09-23 22:00:00,HAM_001,HAM_001_ROBOT_1,26,9.55,0.9894,1,0,1.5,4.14,0
2024-09-23 23:00:00,MUC_001,MUC_001_ROBOT_1,15,9.91,0.9503,0,0,0.79,5.17,0
2024-09-23 23:00:00,BER_001,BER_001_ROBOT_1,19,8.77,0.9527,0,0,1.96,4.97,0
2024-09-23 23:00:00,HAM_001,HAM_001_ROBOT_1,15,8.44,0.9515,2,0,1.6,5.45,0
2024-09-24 00:00:00,MUC_001,MUC_001_ROBOT_1,26,8.86,0.9597,0,0,0.52,4.25,0
2024-09-24 00:00:00,BER_001,BER_001_ROBOT_1,17,11.28,0.9714,2,0,1.63,5.18,0
2024-09-24 00:00:00,HAM_001,HAM_001_ROBOT_1,23,10.89,0.9882,2,0,0.73,5.1,0
2024-09-24 01:00:00,MUC_001,MUC_001_ROBOT_1,14,11.25,0.9663,0,0,0.63,5.0,0
2024-09-24 01:00:00,BER_001,BER_001_ROBOT_1,16,9.91,0.972,1,0,1.81,4.2,0
2024-09-24 01:00:00,HAM_001,HAM_001_ROBOT_1,15,10.88,0.9519,1,0,1.12,4.31,0
2024-09-24 02:00:00,MUC_001,MUC_001_ROBOT_1,24,9.38,0.96,0,0,1.17,4.77,0
2024-09-24 02:00:00,BER_001,BER_001_ROBOT_1,24,8.0,0.9671,0,0,1.98,4.55,0
2024-09-24 02:00:00,HAM_001,HAM_001_ROBOT_1,24,8.86,0.9699,2,0,0.9,4.02,0
2024-09-24 03:00:00,MUC_001,MUC_001_ROBOT_1,20,11.25,0.961,1,0,1.68,4.24,0
2024-09-24 03:00:00,BER_001,BER_001_ROBOT_1,21,10.55,0.9619,2,0,0.65,4.94,0
2024-09-24 03:00:00,HAM_001,HAM_001_ROBOT_1,18,8.64,0.9886,2,0,1.5,4.29,0
2024-09-24 04:00:00,MUC_001,MUC_001_ROBOT_1,26,9.45,0.9739,2,0,1.98,4.2,0
2024-09-24 04:00:00,BER_001,BER_001_ROBOT_1,13,11.26,0.9809,2,0,1.84,5.76,0
2024-09-24 04:00:00,HAM_001,HAM_001_ROBOT_1,26,9.89,0.9643,0,0,0.6,4.55,0
2024-09-24 05:00:00,MUC_001,MUC_001_ROBOT_1,22,10.64,0.9792,1,0,0.86,5.76,0
2024-09-24 05:00:00,BER_001,BER_001_ROBOT_1,29,10.53,0.9717,1,0,0.58,5.91,0
2024-09-24 05:00:00,HAM_001,HAM_001_ROBOT_1,29,11.83,0.9728,0,0,1.72,4.96,0
2024-09-24 06:00:00,MUC_001,MUC_001_ROBOT_1,26,11.97,0.9816,1,0,1.56,5.56,0
2024-09-24 06:00:00,BER_001,BER_001_ROBOT_1,28,11.25,0.9564,1,0,1.13,5.32,0
2024-09-24 06:00:00,HAM_001,HAM_001_ROBOT_1,25,10.84,0.9697,0,0,1.93,5.38,0
2024-09-24 07:00:00,MUC_001,MUC_001_ROBOT_1,22,8.81,0.9649,0,0,1.33,5.47,0
2024-09-24 07:00:00,BER_001,BER_001_ROBOT_1,15,8.1,0.9519,2,0,0.82,5.02,0
2024-09-24 07:00:00,HAM_001,HAM_001_ROBOT_1,23,11.02,0.9745,1,0,1.2,5.97,0
2024-09-24 08:00:00,MUC_001,MUC_001_ROBOT_1,25,9.3,0.9557,2,0,1.19,4.32,0
2024-09-24 08:00:00,BER_001,BER_001_ROBOT_1,16,11.89,0.9708,0,0,0.72,4.38,0
2024-09-24 08:00:00,HAM_001,HAM_001_ROBOT_1,20,11.22,0.9833,2,0,1.31,4.23,0
2024-09-24 09:00:00,MUC_001,MUC_001_ROBOT_1,1,10.01,0.8145,9,50,1.48,4.8,1
2024-09-24 09:00:00,BER_001,BER_001_ROBOT_1,13,9.75,0.9566,2,0,1.96,4.71,0
2024-09-24 09:00:00,HAM_001,HAM_001_ROBOT_1,30,9.13,0.9554,0,0,1.51,5.11,0
2024-09-24 10:00:00,MUC_001,MUC_001_ROBOT_1,13,10.82,0.9896,0,0,0.99,5.37,0
2024-09-24 10:00:00,BER_001,BER_001_ROBOT_1,17,10.86,0.978,2,0,0.74,4.84,0
2024-09-24 10:00:00,HAM_001,HAM_001_ROBOT_1,25,11.8,0.9898,2,0,1.84,5.83,0
2024-09-24 11:00:00,MUC_001,MUC_001_ROBOT_1,29,11.17,0.9609,2,0,1.47,4.6,0
2024-09-24 11:00:00,BER_001,BER_001_ROBOT_1,29,9.74,0.9876,2,0,1.6,5.04,0
2024-09-24 11:00:00,HAM_001,HAM_001_ROBOT_1,28,8.2,0.985,1,0,0.85,4.65,0
2024-09-24 12:00:00,MUC_001,MUC_001_ROBOT_1,29,11.85,0.9678,0,0,0.86,4.23,0
2024-09-24 12:00:00,BER_001,BER_001_ROBOT_1,0,8.26,0.8237,7,47,1.99,4.5,1
2024-09-24 12:00:00,HAM_001,HAM_001_ROBOT_1,26,9.29,0.9677,0,0,0.97,5.63,0
2024-09-24 13:00:00,MUC_001,MUC_001_ROBOT_1,24,8.22,0.9757,0,0,1.79,4.37,0
2024-09-24 13:00:00,BER_001,BER_001_ROBOT_1,15,8.69,0.9558,1,0,0.86,5.62,0
2024-09-24 13:00:00,HAM_001,HAM_001_ROBOT_1,15,11.61,0.9607,2,0,0.77,5.91,0
2024-09-24 14:00:00,MUC_001,MUC_001_ROBOT_1,4,11.71,0.7502,10,40,0.53,4.12,1
2024-09-24 14:00:00,BER_001,BER_001_ROBOT_1,26,10.92,0.9675,2,0,1.32,5.94,0
2024-09-24 14:00:00,HAM_001,HAM_001_ROBOT_1,21,11.15,0.983,2,0,1.12,4.65,0
2024-09-24 15:00:00,MUC_001,MUC_001_ROBOT_1,22,10.96,0.9506,2,0,1.44,4.54,0
2024-09-24 15:00:00,BER_001,BER_001_ROBOT_1,30,11.1,0.9564,2,0,0.63,4.07,0
2024-09-24 15:00:00,HAM_001,HAM_001_ROBOT_1,2,8.89,0.7111,4,27,1.65,5.77,1
2024-09-24 16:00:00,MUC_001,MUC_001_ROBOT_1,13,9.83,0.9565,1,0,0.76,4.77,0
2024-09-24 16:00:00,BER_001,BER_001_ROBOT_1,11,10.18,0.9566,1,0,1.45,4.16,0
2024-09-24 16:00:00,HAM_001,HAM_001_ROBOT_1,5,8.32,0.7682,6,21,0.52,4.58,1
2024-09-24 17:00:00,MUC_001,MUC_001_ROBOT_1,21,11.33,0.9564,1,0,1.51,5.19,0
2024-09-24 17:00:00,BER_001,BER_001_ROBOT_1,20,9.25,0.9881,1,0,0.72,4.93,0
2024-09-24 17:00:00,HAM_001,HAM_001_ROBOT_1,26,9.95,0.9825,1,0,1.81,4.18,0
2024-09-24 18:00:00,MUC_001,MUC_001_ROBOT_1,17,8.56,0.9601,2,0,1.21,4.91,0
2024-09-24 18:00:00,BER_001,BER_001_ROBOT_1,28,10.88,0.9692,2,0,1.61,4.65,0
2024-09-24 18:00:00,HAM_001,HAM_001_ROBOT_1,27,9.94,0.9843,1,0,1.49,4.51,0
2024-09-24 19:00:00,MUC_001,MUC_001_ROBOT_1,22,9.16,0.9661,0,0,1.18,5.41,0
2024-09-24 19:00:00,BER_001,BER_001_ROBOT_1,29,11.87,0.9609,0,0,1.26,4.67,0
2024-09-24 19:00:00,HAM_001,HAM_001_ROBOT_1,21,8.43,0.9698,0,0,1.99,5.97,0
2024-09-24 20:00:00,MUC_001,MUC_001_ROBOT_1,13,8.04,0.9571,0,0,1.99,4.37,0
2024-09-24 20:00:00,BER_001,BER_001_ROBOT_1,14,9.62,0.9603,1,0,1.09,4.27,0
2024-09-24 20:00:00,HAM_001,HAM_001_ROBOT_1,15,9.57,0.9524,1,0,1.03,4.72,0
2024-09-24 21:00:00,MUC_001,MUC_001_ROBOT_1,23,9.63,0.9661,2,0,0.81,4.34,0
2024-09-24 21:00:00,BER_001,BER_001_ROBOT_1,22,9.64,0.9848,1,0,1.39,4.42,0
2024-09-24 21:00:00,HAM_001,HAM_001_ROBOT_1,27,9.31,0.96,1,0,0.85,5.0,0
2024-09-24 22:00:00,MUC_001,MUC_001_ROBOT_1,25,10.78,0.9764,0,0,1.74,4.06,0
2024-09-24 22:00:00,BER_001,BER_001_ROBOT_1,3,11.68,0.828,6,21,0.88,4.25,1
2024-09-24 22:00:00,HAM_001,HAM_001_ROBOT_1,21,11.26,0.9619,0,0,1.76,5.94,0
2024-09-24 23:00:00,MUC_001,MUC_001_ROBOT_1,24,11.26,0.9673,2,0,1.82,4.45,0
2024-09-24 23:00:00,BER_001,BER_001_ROBOT_1,25,10.14,0.9855,0,0,0.57,5.2,0
2024-09-24 23:00:00,HAM_001,HAM_001_ROBOT_1,19,11.26,0.9753,2,0,0.59,4.38,0
2024-09-25 00:00:00,MUC_001,MUC_001_ROBOT_1,29,10.02,0.954,0,0,1.05,5.14,0
2024-09-25 00:00:00,BER_001,BER_001_ROBOT_1,15,9.82,0.976,1,0,1.96,4.97,0
2024-09-25 00:00:00,HAM_001,HAM_001_ROBOT_1,29,11.5,0.9882,1,0,1.35,4.79,0
2024-09-25 01:00:00,MUC_001,MUC_001_ROBOT_1,5,9.09,0.7278,5,27,1.37,5.44,1
2024-09-25 01:00:00,BER_001,BER_001_ROBOT_1,21,11.42,0.9875,2,0,1.58,4.32,0
2024-09-25 01:00:00,HAM_001,HAM_001_ROBOT_1,11,8.04,0.9771,2,0,1.85,5.58,0
2024-09-25 02:00:00,MUC_001,MUC_001_ROBOT_1,17,8.24,0.9506,2,0,1.3,5.86,0
2024-09-25 02:00:00,BER_001,BER_001_ROBOT_1,25,10.05,0.9861,1,0,0.52,5.22,0
2024-09-25 02:00:00,HAM_001,HAM_001_ROBOT_1,19,11.17,0.9749,2,0,0.67,4.49,0
2024-09-25 03:00:00,MUC_001,MUC_001_ROBOT_1,13,8.03,0.9869,1,0,0.91,4.98,0
2024-09-25 03:00:00,BER_001,BER_001_ROBOT_1,11,10.86,0.9812,0,0,0.53,4.87,0
2024-09-25 03:00:00,HAM_001,HAM_001_ROBOT_1,27,11.99,0.9846,0,0,1.13,5.03,0
2024-09-25 04:00:00,MUC_001,MUC_001_ROBOT_1,21,8.67,0.9547,1,0,0.77,5.55,0
2024-09-25 04:00:00,BER_001,BER_001_ROBOT_1,19,10.95,0.9522,0,0,1.37,4.25,0
2024-09-25 04:00:00,HAM_001,HAM_001_ROBOT_1,17,11.91,0.9679,2,0,1.03,5.03,0
2024-09-25 05:00:00,MUC_001,MUC_001_ROBOT_1,29,10.66,0.959,2,0,1.94,4.84,0
2024-09-25 05:00:00,BER_001,BER_001_ROBOT_1,16,9.03,0.9514,0,0,1.6,4.15,0
2024-09-25 05:00:00,HAM_001,HAM_001_ROBOT_1,30,10.85,0.9811,1,0,1.09,4.28,0
2024-09-25 06:00:00,MUC_001,MUC_001_ROBOT_1,25,9.94,0.9794,1,0,1.94,4.06,0
2024-09-25 06:00:00,BER_001,BER_001_ROBOT_1,19,9.56,0.9706,0,0,1.61,4.14,0
2024-09-25 06:00:00,HAM_001,HAM_001_ROBOT_1,17,11.78,0.9881,0,0,1.96,5.71,0
2024-09-25 07:00:00,MUC_001,MUC_001_ROBOT_1,1,10.79,0.718,5,22,0.79,5.85,1
2024-09-25 07:00:00,BER_001,BER_001_ROBOT_1,0,9.95,0.8454,10,56,0.74,4.07,1
2024-09-25 07:00:00,HAM_001,HAM_001_ROBOT_1,19,9.32,0.9826,1,0,1.01,5.87,0
2024-09-25 08:00:00,MUC_001,MUC_001_ROBOT_1,25,11.87,0.9873,1,0,0.53,5.33,0
2024-09-25 08:00:00,BER_001,BER_001_ROBOT_1,16,11.14,0.9599,2,0,1.12,5.09,0
2024-09-25 08:00:00,HAM_001,HAM_001_ROBOT_1,28,9.84,0.9513,1,0,1.57,4.37,0
2024-09-25 09:00:00,MUC_001,MUC_001_ROBOT_1,12,8.58,0.9673,1,0,1.4,5.31,0
2024-09-25 09:00:00,BER_001,BER_001_ROBOT_1,19,11.79,0.9866,2,0,1.35,4.12,0
2024-09-25 09:00:00,HAM_001,HAM_001_ROBOT_1,10,9.31,0.9543,0,0,1.94,4.09,0
2024-09-25 10:00:00,MUC_001,MUC_001_ROBOT_1,20,8.97,0.9688,0,0,1.45,4.85,0
2024-09-25 10:00:00,BER_001,BER_001_ROBOT_1,15,11.25,0.9588,1,0,0.51,4.96,0
2024-09-25 10:00:00,HAM_001,HAM_001_ROBOT_1,20,8.53,0.9674,2,0,1.08,4.56,0
2024-09-25 11:00:00,MUC_001,MUC_001_ROBOT_1,23,8.19,0.9631,1,0,1.04,4.1,0
2024-09-25 11:00:00,BER_001,BER_001_ROBOT_1,16,8.51,0.9859,1,0,1.39,5.33,0
2024-09-25 11:00:00,HAM_001,HAM_001_ROBOT_1,13,8.01,0.9651,0,0,1.7,5.14,0
2024-09-25 12:00:00,MUC_001,MUC_001_ROBOT_1,23,10.23,0.9587,2,0,1.6,5.7,0
2024-09-25 12:00:00,BER_001,BER_001_ROBOT_1,18,11.71,0.9692,2,0,1.32,5.25,0
2024-09-25 12:00:00,HAM_001,HAM_001_ROBOT_1,16,11.19,0.9819,0,0,1.74,5.54,0
2024-09-25 13:00:00,MUC_001,MUC_001_ROBOT_1,23,9.85,0.9589,2,0,0.57,5.73,0
2024-09-25 13:00:00,BER_001,BER_001_ROBOT_1,24,10.53,0.974,1,0,1.16,4.32,0
2024-09-25 13:00:00,HAM_001,HAM_001_ROBOT_1,14,8.64,0.9525,1,0,0.75,4.3,0
2024-09-25 14:00:00,MUC_001,MUC_001_ROBOT_1,27,8.68,0.9724,2,0,0.69,4.66,0
2024-09-25 14:00:00,BER_001,BER_001_ROBOT_1,14,10.55,0.9693,1,0,1.47,4.69,0
2024-09-25 14:00:00,HAM_001,HAM_001_ROBOT_1,26,8.55,0.9896,0,0,1.65,5.13,0
2024-09-25 15:00:00,MUC_001,MUC_001_ROBOT_1,17,10.21,0.9643,2,0,1.45,5.62,0
2024-09-25 15:00:00,BER_001,BER_001_ROBOT_1,18,9.14,0.9654,1,0,0.82,4.0,0
2024-09-25 15:00:00,HAM_001,HAM_001_ROBOT_1,19,11.53,0.9632,0,0,0.65,4.32,0
2024-09-25 16:00:00,MUC_001,MUC_001_ROBOT_1,28,11.13,0.9567,0,0,1.52,5.23,0
2024-09-25 16:00:00,BER_001,BER_001_ROBOT_1,13,10.15,0.9733,0,0,1.97,4.02,0
2024-09-25 16:00:00,HAM_001,HAM_001_ROBOT_1,15,11.87,0.9684,2,0,1.8,4.1,0
2024-09-25 17:00:00,MUC_001,MUC_001_ROBOT_1,27,11.32,0.9842,2,0,1.96,5.17,0
2024-09-25 17:00:00,BER_001,BER_001_ROBOT_1,20,10.04,0.9685,2,0,1.13,4.47,0
2024-09-25 17:00:00,HAM_001,HAM_001_ROBOT_1,25,11.93,0.9536,0,0,0.81,4.29,0
2024-09-25 18:00:00,MUC_001,MUC_001_ROBOT_1,29,9.28,0.9569,2,0,1.6,4.57,0
2024-09-25 18:00:00,BER_001,BER_001_ROBOT_1,10,11.02,0.9529,2,0,1.36,5.56,0
2024-09-25 18:00:00,HAM_001,HAM_001_ROBOT_1,14,8.5,0.9618,2,0,1.7,5.84,0
2024-09-25 19:00:00,MUC_001,MUC_001_ROBOT_1,15,10.15,0.974,0,0,0.88,5.48,0
2024-09-25 19:00:00,BER_001,BER_001_ROBOT_1,23,10.94,0.9594,2,0,1.42,5.14,0
2024-09-25 19:00:00,HAM_001,HAM_001_ROBOT_1,24,9.53,0.9697,0,0,1.81,5.07,0
2024-09-25 20:00:00,MUC_001,MUC_001_ROBOT_1,19,10.98,0.9823,1,0,1.42,4.11,0
2024-09-25 20:00:00,BER_001,BER_001_ROBOT_1,17,8.59,0.9844,1,0,0.91,4.95,0
2024-09-25 20:00:00,HAM_001,HAM_001_ROBOT_1,12,11.35,0.9501,0,0,1.39,5.79,0
2024-09-25 21:00:00,MUC_001,MUC_001_ROBOT_1,17,8.88,0.9705,0,0,0.67,4.93,0
2024-09-25 21:00:00,BER_001,BER_001_ROBOT_1,13,10.46,0.9894,1,0,1.48,4.21,0
2024-09-25 21:00:00,HAM_001,HAM_001_ROBOT_1,12,8.29,0.9824,2,0,0.85,5.0,0
2024-09-25 22:00:00,MUC_001,MUC_001_ROBOT_1,21,8.07,0.9775,0,0,0.66,4.43,0
2024-09-25 22:00:00,BER_001,BER_001_ROBOT_1,29,10.31,0.9611,1,0,1.57,5.92,0
2024-09-25 22:00:00,HAM_001,HAM_001_ROBOT_1,15,9.39,0.9544,0,0,1.95,5.66,0
2024-09-25 23:00:00,MUC_001,MUC_001_ROBOT_1,21,8.1,0.9537,2,0,0.53,4.66,0
2024-09-25 23:00:00,BER_001,BER_001_ROBOT_1,11,8.21,0.9892,2,0,1.36,5.73,0
2024-09-25 23:00:00,HAM_001,HAM_001_ROBOT_1,20,10.02,0.9635,2,0,1.28,4.74,0
2024-09-26 00:00:00,MUC_001,MUC_001_ROBOT_1,10,10.23,0.9874,1,0,1.02,5.52,0
2024-09-26 00:00:00,BER_001,BER_001_ROBOT_1,19,9.03,0.9804,0,0,1.77,4.72,0
2024-09-26 00:00:00,HAM_001,HAM_001_ROBOT_1,14,10.61,0.9633,0,0,0.89,4.8,0
2024-09-26 01:00:00,MUC_001,MUC_001_ROBOT_1,16,11.73,0.9818,0,0,1.58,4.06,0
2024-09-26 01:00:00,BER_001,BER_001_ROBOT_1,18,10.85,0.9893,1,0,1.22,4.43,0
2024-09-26 01:00:00,HAM_001,HAM_001_ROBOT_1,29,10.57,0.9769,2,0,0.64,5.36,0
2024-09-26 02:00:00,MUC_001,MUC_001_ROBOT_1,24,10.51,0.9786,1,0,0.55,4.32,0
2024-09-26 02:00:00,BER_001,BER_001_ROBOT_1,14,9.04,0.967,2,0,1.34,4.11,0
2024-09-26 02:00:00,HAM_001,HAM_001_ROBOT_1,29,11.06,0.9598,2,0,1.17,5.34,0
2024-09-26 03:00:00,MUC_001,MUC_001_ROBOT_1,17,9.95,0.9735,1,0,1.57,5.55,0
2024-09-26 03:00:00,BER_001,BER_001_ROBOT_1,27,10.4,0.9724,2,0,1.91,5.27,0
2024-09-26 03:00:00,HAM_001,HAM_001_ROBOT_1,30,11.89,0.9541,0,0,1.96,5.36,0
2024-09-26 04:00:00,MUC_001,MUC_001_ROBOT_1,28,10.76,0.9607,1,0,0.56,4.34,0
2024-09-26 04:00:00,BER_001,BER_001_ROBOT_1,20,8.7,0.953,1,0,0.65,4.68,0
2024-09-26 04:00:00,HAM_001,HAM_001_ROBOT_1,18,10.2,0.9693,1,0,1.63,4.36,0
2024-09-26 05:00:00,MUC_001,MUC_001_ROBOT_1,22,10.87,0.9572,1,0,0.77,4.21,0
2024-09-26 05:00:00,BER_001,BER_001_ROBOT_1,28,11.41,0.9645,1,0,0.96,5.2,0
2024-09-26 05:00:00,HAM_001,HAM_001_ROBOT_1,10,8.47,0.9666,1,0,0.82,4.63,0
2024-09-26 06:00:00,MUC_001,MUC_001_ROBOT_1,11,9.06,0.9651,0,0,0.97,4.78,0
2024-09-26 06:00:00,BER_001,BER_001_ROBOT_1,4,11.87,0.7775,8,31,0.92,5.86,1
2024-09-26 06:00:00,HAM_001,HAM_001_ROBOT_1,25,10.29,0.9668,0,0,1.82,4.01,0
2024-09-26 07:00:00,MUC_001,MUC_001_ROBOT_1,11,8.89,0.9629,1,0,1.58,4.55,0
2024-09-26 07:00:00,BER_001,BER_001_ROBOT_1,14,10.06,0.9888,0,0,0.83,5.65,0
2024-09-26 07:00:00,HAM_001,HAM_001_ROBOT_1,15,9.98,0.9576,0,0,1.41,5.33,0
2024-09-26 08:00:00,MUC_001,MUC_001_ROBOT_1,28,11.47,0.9728,2,0,1.58,4.57,0
2024-09-26 08:00:00,BER_001,BER_001_ROBOT_1,12,8.51,0.9652,0,0,1.59,5.48,0
2024-09-26 08:00:00,HAM_001,HAM_001_ROBOT_1,13,9.6,0.9645,1,0,0.67,4.48,0
2024-09-26 09:00:00,MUC_001,MUC_001_ROBOT_1,24,11.84,0.9862,0,0,0.68,5.49,0
2024-09-26 09:00:00,BER_001,BER_001_ROBOT_1,24,11.56,0.9742,1,0,1.04,5.41,0
2024-09-26 09:00:00,HAM_001,HAM_001_ROBOT_1,22,9.7,0.971,0,0,1.31,5.22,0
2024-09-26 10:00:00,MUC_001,MUC_001_ROBOT_1,18,10.66,0.9867,1,0,0.96,4.01,0
2024-09-26 10:00:00,BER_001,BER_001_ROBOT_1,25,8.68,0.958,2,0,0.7,5.97,0
2024-09-26 10:00:00,HAM_001,HAM_001_ROBOT_1,11,9.86,0.9545,2,0,1.92,5.39,0
2024-09-26 11:00:00,MUC_001,MUC_001_ROBOT_1,15,8.81,0.9793,2,0,1.04,5.61,0
2024-09-26 11:00:00,BER_001,BER_001_ROBOT_1,21,8.52,0.9616,0,0,1.32,5.83,0
2024-09-26 11:00:00,HAM_001,HAM_001_ROBOT_1,10,10.12,0.976,2,0,0.6,4.09,0
2024-09-26 12:00:00,MUC_001,MUC_001_ROBOT_1,25,9.43,0.9777,2,0,0.79,5.11,0
2024-09-26 12:00:00,BER_001,BER_001_ROBOT_1,2,9.49,0.7619,6,36,0.8,5.5,1
2024-09-26 12:00:00,HAM_001,HAM_001_ROBOT_1,27,10.36,0.9565,2,0,1.52,4.52,0
2024-09-26 13:00:00,MUC_001,MUC_001_ROBOT_1,29,8.73,0.9796,0,0,0.53,4.61,0
2024-09-26 13:00:00,BER_001,BER_001_ROBOT_1,12,8.74,0.9507,2,0,1.19,5.96,0
2024-09-26 13:00:00,HAM_001,HAM_001_ROBOT_1,10,10.88,0.9679,0,0,0.72,4.02,0
2024-09-26 14:00:00,MUC_001,MUC_001_ROBOT_1,20,11.94,0.9664,2,0,1.16,4.02,0
2024-09-26 14:00:00,BER_001,BER_001_ROBOT_1,13,10.29,0.9862,0,0,1.24,4.07,0
2024-09-26 14:00:00,HAM_001,HAM_001_ROBOT_1,21,9.93,0.9871,2,0,1.26,4.81,0
2024-09-26 15:00:00,MUC_001,MUC_001_ROBOT_1,26,8.43,0.9519,2,0,1.3,5.44,0
2024-09-26 15:00:00,BER_001,BER_001_ROBOT_1,10,10.78,0.9632,0,0,1.15,4.28,0
2024-09-26 15:00:00,HAM_001,HAM_001_ROBOT_1,18,9.9,0.9607,2,0,0.79,4.48,0
2024-09-26 16:00:00,MUC_001,MUC_001_ROBOT_1,26,11.06,0.9572,1,0,0.97,5.78,0
2024-09-26 16:00:00,BER_001,BER_001_ROBOT_1,29,11.7,0.9645,1,0,1.85,5.32,0
2024-09-26 16:00:00,HAM_001,HAM_001_ROBOT_1,19,9.41,0.9764,2,0,1.34,4.74,0
2024-09-26 17:00:00,MUC_001,MUC_001_ROBOT_1,17,10.73,0.9707,2,0,0.93,4.02,0
2024-09-26 17:00:00,BER_001,BER_001_ROBOT_1,22,9.23,0.9543,1,0,0.66,4.2,0
2024-09-26 17:00:00,HAM_001,HAM_001_ROBOT_1,19,10.62,0.9621,0,0,1.44,5.3,0
2024-09-26 18:00:00,MUC_001,MUC_001_ROBOT_1,19,8.97,0.9658,1,0,1.21,5.73,0
2024-09-26 18:00:00,BER_001,BER_001_ROBOT_1,20,11.09,0.9637,0,0,1.28,4.61,0
2024-09-26 18:00:00,HAM_001,HAM_001_ROBOT_1,22,11.33,0.9835,1,0,1.38,4.48,0
2024-09-26 19:00:00,MUC_001,MUC_001_ROBOT_1,11,9.33,0.9815,2,0,0.71,4.81,0
2024-09-26 19:00:00,BER_001,BER_001_ROBOT_1,24,10.03,0.953,2,0,0.54,5.23,0
2024-09-26 19:00:00,HAM_001,HAM_001_ROBOT_1,21,11.96,0.9742,0,0,1.4,4.33,0
2024-09-26 20:00:00,MUC_001,MUC_001_ROBOT_1,22,10.62,0.9692,2,0,0.93,4.06,0
2024-09-26 20:00:00,BER_001,BER_001_ROBOT_1,21,9.06,0.9612,2,0,1.07,4.02,0
2024-09-26 20:00:00,HAM_001,HAM_001_ROBOT_1,25,8.57,0.9727,0,0,1.54,5.63,0
2024-09-26 21:00:00,MUC_001,MUC_001_ROBOT_1,25,8.73,0.9556,0,0,1.59,4.25,0
2024-09-26 21:00:00,BER_001,BER_001_ROBOT_1,17,11.19,0.9629,0,0,1.42,5.23,0
2024-09-26 21:00:00,HAM_001,HAM_001_ROBOT_1,24,9.25,0.953,2,0,0.5,5.04,0
2024-09-26 22:00:00,MUC_001,MUC_001_ROBOT_1,26,9.76,0.9517,0,0,1.98,5.83,0
2024-09-26 22:00:00,BER_001,BER_001_ROBOT_1,21,8.13,0.9838,2,0,1.22,5.79,0
2024-09-26 22:00:00,HAM_001,HAM_001_ROBOT_1,11,10.27,0.9601,1,0,0.71,5.09,0
2024-09-26 23:00:00,MUC_001,MUC_001_ROBOT_1,28,11.24,0.9742,0,0,0.99,4.78,0
2024-09-26 23:00:00,BER_001,BER_001_ROBOT_1,13,11.11,0.9809,2,0,1.94,4.41,0
2024-09-26 23:00:00,HAM_001,HAM_001_ROBOT_1,20,9.27,0.9539,0,0,0.84,4.42,0
2024-09-27 00:00:00,MUC_001,MUC_001_ROBOT_1,18,10.37,0.9586,1,0,1.79,4.8,0
2024-09-27 00:00:00,BER_001,BER_001_ROBOT_1,18,11.87,0.9725,0,0,1.73,5.64,0
2024-09-27 00:00:00,HAM_001,HAM_001_ROBOT_1,11,10.93,0.9807,1,0,0.56,5.78,0
2024-09-27 01:00:00,MUC_001,MUC_001_ROBOT_1,12,8.27,0.9565,0,0,1.81,5.65,0
2024-09-27 01:00:00,BER_001,BER_001_ROBOT_1,30,11.08,0.9532,0,0,1.03,4.16,0
2024-09-27 01:00:00,HAM_001,HAM_001_ROBOT_1,29,9.83,0.9727,2,0,1.66,4.18,0
2024-09-27 02:00:00,MUC_001,MUC_001_ROBOT_1,24,8.56,0.9553,1,0,1.0,5.45,0
2024-09-27 02:00:00,BER_001,BER_001_ROBOT_1,30,9.33,0.9844,1,0,0.68,4.81,0
2024-09-27 02:00:00,HAM_001,HAM_001_ROBOT_1,21,9.94,0.9889,2,0,1.81,4.58,0
2024-09-27 03:00:00,MUC_001,MUC_001_ROBOT_1,27,8.92,0.9612,1,0,0.81,4.01,0
2024-09-27 03:00:00,BER_001,BER_001_ROBOT_1,23,8.22,0.9525,0,0,1.17,4.32,0
2024-09-27 03:00:00,HAM_001,HAM_001_ROBOT_1,27,8.03,0.9546,1,0,1.39,4.8,0
2024-09-27 04:00:00,MUC_001,MUC_001_ROBOT_1,10,8.61,0.9838,0,0,0.95,4.19,0
2024-09-27 04:00:00,BER_001,BER_001_ROBOT_1,30,10.91,0.9707,1,0,1.53,5.02,0
2024-09-27 04:00:00,HAM_001,HAM_001_ROBOT_1,28,10.86,0.9726,2,0,1.38,5.32,0
2024-09-27 05:00:00,MUC_001,MUC_001_ROBOT_1,22,11.39,0.9595,0,0,1.8,4.28,0
2024-09-27 05:00:00,BER_001,BER_001_ROBOT_1,11,10.74,0.9711,0,0,0.91,5.55,0
2024-09-27 05:00:00,HAM_001,HAM_001_ROBOT_1,26,11.57,0.9804,0,0,1.16,4.65,0
2024-09-27 06:00:00,MUC_001,MUC_001_ROBOT_1,17,10.01,0.9508,2,0,1.72,4.2,0
2024-09-27 06:00:00,BER_001,BER_001_ROBOT_1,15,8.18,0.9824,1,0,1.98,5.0,0
2024-09-27 06:00:00,HAM_001,HAM_001_ROBOT_1,21,10.8,0.9682,0,0,1.04,5.69,0
2024-09-27 07:00:00,MUC_001,MUC_001_ROBOT_1,28,10.81,0.9838,1,0,1.64,5.93,0
2024-09-27 07:00:00,BER_001,BER_001_ROBOT_1,26,8.12,0.9605,0,0,0.67,4.09,0
2024-09-27 07:00:00,HAM_001,HAM_001_ROBOT_1,30,10.76,0.9558,2,0,1.25,4.31,0
2024-09-27 08:00:00,MUC_001,MUC_001_ROBOT_1,10,8.32,0.9776,2,0,0.79,5.82,0
2024-09-27 08:00:00,BER_001,BER_001_ROBOT_1,4,10.33,0.7984,8,58,0.54,4.71,1
2024-09-27 08:00:00,HAM_001,HAM_001_ROBOT_1,12,9.23,0.9703,2,0,1.89,4.38,0
2024-09-27 09:00:00,MUC_001,MUC_001_ROBOT_1,22,11.33,0.9857,1,0,0.85,5.82,0
2024-09-27 09:00:00,BER_001,BER_001_ROBOT_1,14,11.5,0.9862,0,0,1.52,5.46,0
2024-09-27 09:00:00,HAM_001,HAM_001_ROBOT_1,29,10.77,0.9654,0,0,1.39,4.39,0
2024-09-27 10:00:00,MUC_001,MUC_001_ROBOT_1,19,9.87,0.9589,1,0,0.75,4.12,0
2024-09-27 10:00:00,BER_001,BER_001_ROBOT_1,16,11.47,0.9528,2,0,0.81,5.28,0
2024-09-27 10:00:00,HAM_001,HAM_001_ROBOT_1,23,10.86,0.9732,0,0,0.57,5.39,0
2024-09-27 11:00:00,MUC_001,MUC_001_ROBOT_1,3,11.2,0.7648,3,49,0.84,5.54,1
2024-09-27 11:00:00,BER_001,BER_001_ROBOT_1,13,10.76,0.989,2,0,1.37,4.48,0
2024-09-27 11:00:00,HAM_001,HAM_001_ROBOT_1,24,8.75,0.9806,2,0,0.81,4.4,0
2024-09-27 12:00:00,MUC_001,MUC_001_ROBOT_1,14,10.26,0.9688,2,0,0.5,5.41,0
2024-09-27 12:00:00,BER_001,BER_001_ROBOT_1,27,8.51,0.9801,2,0,1.5,5.31,0
2024-09-27 12:00:00,HAM_001,HAM_001_ROBOT_1,11,11.03,0.979,1,0,0.52,4.48,0
2024-09-27 13:00:00,MUC_001,MUC_001_ROBOT_1,30,11.47,0.9584,2,0,2.0,5.93,0
2024-09-27 13:00:00,BER_001,BER_001_ROBOT_1,16,11.27,0.9898,0,0,0.99,4.72,0
2024-09-27 13:00:00,HAM_001,HAM_001_ROBOT_1,21,8.82,0.9672,0,0,0.72,5.43,0
2024-09-27 14:00:00,MUC_001,MUC_001_ROBOT_1,26,10.46,0.9864,2,0,0.74,4.51,0
2024-09-27 14:00:00,BER_001,BER_001_ROBOT_1,15,8.62,0.9792,0,0,0.51,4.97,0
2024-09-27 14:00:00,HAM_001,HAM_001_ROBOT_1,10,12.0,0.9757,1,0,1.01,4.51,0
2024-09-27 15:00:00,MUC_001,MUC_001_ROBOT_1,28,11.78,0.9546,2,0,1.46,5.24,0
2024-09-27 15:00:00,BER_001,BER_001_ROBOT_1,10,10.25,0.9682,0,0,1.91,4.13,0
2024-09-27 15:00:00,HAM_001,HAM_001_ROBOT_1,28,9.87,0.9765,0,0,0.72,5.85,0
2024-09-27 16:00:00,MUC_001,MUC_001_ROBOT_1,21,8.33,0.9769,1,0,1.78,4.39,0
2024-09-27 16:00:00,BER_001,BER_001_ROBOT_1,0,10.2,0.7243,5,51,1.59,4.29,1
2024-09-27 16:00:00,HAM_001,HAM_001_ROBOT_1,23,10.87,0.9833,2,0,1.12,4.12,0
2024-09-27 17:00:00,MUC_001,MUC_001_ROBOT_1,29,8.28,0.9802,0,0,1.98,5.1,0
2024-09-27 17:00:00,BER_001,BER_001_ROBOT_1,12,9.76,0.9518,0,0,1.53,4.77,0
2024-09-27 17:00:00,HAM_001,HAM_001_ROBOT_1,13,9.08,0.9604,0,0,0.75,4.5,0
2024-09-27 18:00:00,MUC_001,MUC_001_ROBOT_1,28,10.46,0.9844,0,0,0.78,5.89,0
2024-09-27 18:00:00,BER_001,BER_001_ROBOT_1,2,11.31,0.7652,8,56,1.57,4.02,1
2024-09-27 18:00:00,HAM_001,HAM_001_ROBOT_1,17,11.14,0.9718,0,0,1.59,4.76,0
2024-09-27 19:00:00,MUC_001,MUC_001_ROBOT_1,17,8.8,0.9631,0,0,1.36,5.67,0
2024-09-27 19:00:00,BER_001,BER_001_ROBOT_1,12,11.48,0.9746,1,0,1.38,4.52,0
2024-09-27 19:00:00,HAM_001,HAM_001_ROBOT_1,14,10.79,0.9846,1,0,0.65,5.69,0
2024-09-27 20:00:00,MUC_001,MUC_001_ROBOT_1,11,10.63,0.9583,0,0,0.88,4.83,0
2024-09-27 20:00:00,BER_001,BER_001_ROBOT_1,30,9.23,0.9856,2,0,0.51,4.6,0
2024-09-27 20:00:00,HAM_001,HAM_001_ROBOT_1,5,11.12,0.8012,7,53,0.6,5.04,1
2024-09-27 21:00:00,MUC_001,MUC_001_ROBOT_1,19,11.85,0.97,0,0,1.06,5.25,0
2024-09-27 21:00:00,BER_001,BER_001_ROBOT_1,23,9.65,0.9512,2,0,1.36,4.58,0
2024-09-27 21:00:00,HAM_001,HAM_001_ROBOT_1,12,10.27,0.9831,1,0,1.79,4.57,0
2024-09-27 22:00:00,MUC_001,MUC_001_ROBOT_1,16,8.05,0.9819,2,0,0.54,4.81,0
2024-09-27 22:00:00,BER_001,BER_001_ROBOT_1,16,11.01,0.9617,0,0,1.39,5.81,0
2024-09-27 22:00:00,HAM_001,HAM_001_ROBOT_1,12,11.02,0.9664,1,0,0.78,4.39,0
2024-09-27 23:00:00,MUC_001,MUC_001_ROBOT_1,28,9.68,0.986,0,0,1.12,4.68,0
2024-09-27 23:00:00,BER_001,BER_001_ROBOT_1,15,9.5,0.9716,1,0,0.76,5.83,0
2024-09-27 23:00:00,HAM_001,HAM_001_ROBOT_1,30,11.74,0.9824,0,0,1.09,4.38,0
2024-09-28 00:00:00,MUC_001,MUC_001_ROBOT_1,18,10.05,0.9864,0,0,0.63,5.89,0
2024-09-28 00:00:00,BER_001,BER_001_ROBOT_1,16,11.51,0.9893,2,0,1.17,5.03,0
2024-09-28 00:00:00,HAM_001,HAM_001_ROBOT_1,20,9.83,0.9867,1,0,1.82,4.12,0
2024-09-28 01:00:00,MUC_001,MUC_001_ROBOT_1,18,8.28,0.9507,0,0,1.55,4.45,0
2024-09-28 01:00:00,BER_001,BER_001_ROBOT_1,28,10.87,0.9868,1,0,1.99,4.03,0
2024-09-28 01:00:00,HAM_001,HAM_001_ROBOT_1,28,10.07,0.9647,2,0,1.84,5.9,0
2024-09-28 02:00:00,MUC_001,MUC_001_ROBOT_1,15,8.77,0.9525,2,0,0.94,4.42,0
2024-09-28 02:00:00,BER_001,BER_001_ROBOT_1,13,9.98,0.9544,1,0,0.97,5.56,0
2024-09-28 02:00:00,HAM_001,HAM_001_ROBOT_1,23,11.15,0.9508,0,0,1.27,5.06,0
2024-09-28 03:00:00,MUC_001,MUC_001_ROBOT_1,25,8.77,0.9816,1,0,1.96,5.83,0
2024-09-28 03:00:00,BER_001,BER_001_ROBOT_1,22,10.25,0.9569,2,0,1.65,4.56,0
2024-09-28 03:00:00,HAM_001,HAM_001_ROBOT_1,21,9.84,0.9796,0,0,1.98,4.0,0
2024-09-28 04:00:00,MUC_001,MUC_001_ROBOT_1,24,9.69,0.9794,2,0,1.22,4.33,0
2024-09-28 04:00:00,BER_001,BER_001_ROBOT_1,23,11.66,0.9836,0,0,1.73,5.64,0
2024-09-28 04:00:00,HAM_001,HAM_001_ROBOT_1,10,10.19,0.9794,2,0,1.18,4.4,0
2024-09-28 05:00:00,MUC_001,MUC_001_ROBOT_1,16,10.12,0.9781,0,0,0.72,5.95,0
2024-09-28 05:00:00,BER_001,BER_001_ROBOT_1,5,11.02,0.7372,9,37,1.5,4.02,1
2024-09-28 05:00:00,HAM_001,HAM_001_ROBOT_1,13,10.41,0.9796,2,0,1.91,5.93,0
2024-09-28 06:00:00,MUC_001,MUC_001_ROBOT_1,30,9.25,0.9564,1,0,1.72,4.64,0
2024-09-28 06:00:00,BER_001,BER_001_ROBOT_1,26,8.67,0.9685,2,0,0.54,4.58,0
2024-09-28 06:00:00,HAM_001,HAM_001_ROBOT_1,27,10.34,0.9745,1,0,0.72,4.99,0
2024-09-28 07:00:00,MUC_001,MUC_001_ROBOT_1,29,10.32,0.9826,1,0,0.73,5.34,0
2024-09-28 07:00:00,BER_001,BER_001_ROBOT_1,17,9.73,0.9618,1,0,0.8,4.24,0
2024-09-28 07:00:00,HAM_001,HAM_001_ROBOT_1,11,8.3,0.9565,0,0,0.62,4.91,0
2024-09-28 08:00:00,MUC_001,MUC_001_ROBOT_1,11,10.55,0.9623,0,0,1.85,4.43,0
2024-09-28 08:00:00,BER_001,BER_001_ROBOT_1,28,9.28,0.971,2,0,0.93,5.21,0
2024-09-28 08:00:00,HAM_001,HAM_001_ROBOT_1,24,11.07,0.9515,1,0,1.73,5.21,0
2024-09-28 09:00:00,MUC_001,MUC_001_ROBOT_1,5,8.4,0.7166,9,23,1.43,4.45,1
2024-09-28 09:00:00,BER_001,BER_001_ROBOT_1,20,11.16,0.9712,2,0,0.79,5.71,0
2024-09-28 09:00:00,HAM_001,HAM_001_ROBOT_1,21,8.28,0.9878,0,0,1.63,5.3,0
2024-09-28 10:00:00,MUC_001,MUC_001_ROBOT_1,26,8.13,0.956,2,0,1.46,4.89,0
2024-09-28 10:00:00,BER_001,BER_001_ROBOT_1,10,11.93,0.9612,1,0,0.78,5.88,0
2024-09-28 10:00:00,HAM_001,HAM_001_ROBOT_1,18,10.26,0.9598,1,0,0.96,5.66,0
2024-09-28 11:00:00,MUC_001,MUC_001_ROBOT_1,12,9.88,0.9757,0,0,1.27,4.81,0
2024-09-28 11:00:00,BER_001,BER_001_ROBOT_1,29,11.27,0.9861,2,0,0.98,4.29,0
2024-09-28 11:00:00,HAM_001,HAM_001_ROBOT_1,19,8.71,0.9557,2,0,1.06,5.33,0
2024-09-28 12:00:00,MUC_001,MUC_001_ROBOT_1,26,9.22,0.9755,1,0,1.63,5.05,0
2024-09-28 12:00:00,BER_001,BER_001_ROBOT_1,21,8.59,0.9507,2,0,0.88,4.37,0
2024-09-28 12:00:00,HAM_001,HAM_001_ROBOT_1,12,9.93,0.9752,0,0,0.53,5.9,0
2024-09-28 13:00:00,MUC_001,MUC_001_ROBOT_1,28,9.63,0.9777,1,0,0.51,5.36,0
2024-09-28 13:00:00,BER_001,BER_001_ROBOT_1,29,10.1,0.9774,0,0,1.64,4.17,0
2024-09-28 13:00:00,HAM_001,HAM_001_ROBOT_1,29,11.88,0.9772,0,0,1.42,5.93,0
2024-09-28 14:00:00,MUC_001,MUC_001_ROBOT_1,25,9.05,0.9785,1,0,0.75,4.35,0
2024-09-28 14:00:00,BER_001,BER_001_ROBOT_1,26,9.37,0.9669,1,0,1.51,5.28,0
2024-09-28 14:00:00,HAM_001,HAM_001_ROBOT_1,20,8.42,0.9728,0,0,1.64,5.59,0
2024-09-28 15:00:00,MUC_001,MUC_001_ROBOT_1,22,8.48,0.9623,2,0,1.73,5.93,0
2024-09-28 15:00:00,BER_001,BER_001_ROBOT_1,15,11.79,0.9617,1,0,1.26,4.86,0
2024-09-28 15:00:00,HAM_001,HAM_001_ROBOT_1,16,11.15,0.9723,0,0,1.39,4.41,0
2024-09-28 16:00:00,MUC_001,MUC_001_ROBOT_1,30,9.83,0.955,2,0,1.29,5.01,0
2024-09-28 16:00:00,BER_001,BER_001_ROBOT_1,26,11.65,0.9734,0,0,1.7,4.46,0
2024-09-28 16:00:00,HAM_001,HAM_001_ROBOT_1,15,8.03,0.952,0,0,1.72,5.46,0
2024-09-28 17:00:00,MUC_001,MUC_001_ROBOT_1,19,8.44,0.9798,2,0,1.77,5.73,0
2024-09-28 17:00:00,BER_001,BER_001_ROBOT_1,13,11.85,0.9665,1,0,0.69,5.7,0
2024-09-28 17:00:00,HAM_001,HAM_001_ROBOT_1,27,11.16,0.9859,0,0,1.33,4.99,0
2024-09-28 18:00:00,MUC_001,MUC_001_ROBOT_1,10,8.54,0.9641,0,0,1.56,5.87,0
2024-09-28 18:00:00,BER_001,BER_001_ROBOT_1,1,9.86,0.8449,10,57,0.72,4.7,1
2024-09-28 18:00:00,HAM_001,HAM_001_ROBOT_1,21,9.99,0.9778,0,0,1.37,5.18,0
2024-09-28 19:00:00,MUC_001,MUC_001_ROBOT_1,20,8.42,0.9643,1,0,1.54,4.69,0
2024-09-28 19:00:00,BER_001,BER_001_ROBOT_1,1,9.1,0.7216,5,60,0.6,4.76,1
2024-09-28 19:00:00,HAM_001,HAM_001_ROBOT_1,30,8.42,0.9805,0,0,0.94,4.22,0
2024-09-28 20:00:00,MUC_001,MUC_001_ROBOT_1,15,9.41,0.9755,1,0,1.48,4.3,0
2024-09-28 20:00:00,BER_001,BER_001_ROBOT_1,25,9.57,0.959,2,0,1.03,5.59,0
2024-09-28 20:00:00,HAM_001,HAM_001_ROBOT_1,12,10.92,0.9517,1,0,1.4,4.03,0
2024-09-28 21:00:00,MUC_001,MUC_001_ROBOT_1,22,10.4,0.9571,1,0,0.68,4.96,0
2024-09-28 21:00:00,BER_001,BER_001_ROBOT_1,19,9.69,0.9718,0,0,1.06,5.47,0
2024-09-28 21:00:00,HAM_001,HAM_001_ROBOT_1,24,9.13,0.9699,0,0,1.35,5.53,0
2024-09-28 22:00:00,MUC_001,MUC_001_ROBOT_1,30,8.93,0.9507,0,0,1.79,4.66,0
2024-09-28 22:00:00,BER_001,BER_001_ROBOT_1,11,9.38,0.9728,0,0,0.86,4.73,0
2024-09-28 22:00:00,HAM_001,HAM_001_ROBOT_1,24,10.42,0.9701,1,0,0.54,5.04,0
2024-09-28 23:00:00,MUC_001,MUC_001_ROBOT_1,21,9.76,0.9797,0,0,1.19,4.64,0
2024-09-28 23:00:00,BER_001,BER_001_ROBOT_1,13,8.85,0.9702,0,0,1.71,5.57,0
2024-09-28 23:00:00,HAM_001,HAM_001_ROBOT_1,26,10.56,0.9817,2,0,0.53,4.72,0
2024-09-29 00:00:00,MUC_001,MUC_001_ROBOT_1,27,11.06,0.9541,2,0,1.54,4.77,0
2024-09-29 00:00:00,BER_001,BER_001_ROBOT_1,17,11.41,0.9688,0,0,1.93,4.86,0
2024-09-29 00:00:00,HAM_001,HAM_001_ROBOT_1,20,10.43,0.9777,0,0,0.7,4.02,0
2024-09-29 01:00:00,MUC_001,MUC_001_ROBOT_1,29,8.93,0.9873,1,0,1.98,5.32,0
2024-09-29 01:00:00,BER_001,BER_001_ROBOT_1,19,10.06,0.9674,0,0,1.6,5.48,0
2024-09-29 01:00:00,HAM_001,HAM_001_ROBOT_1,15,8.12,0.9885,2,0,0.55,4.27,0
2024-09-29 02:00:00,MUC_001,MUC_001_ROBOT_1,19,8.09,0.9529,0,0,1.94,4.45,0
2024-09-29 02:00:00,BER_001,BER_001_ROBOT_1,20,10.2,0.9604,2,0,1.25,4.58,0
2024-09-29 02:00:00,HAM_001,HAM_001_ROBOT_1,21,9.84,0.9843,1,0,1.57,5.97,0
2024-09-29 03:00:00,MUC_001,MUC_001_ROBOT_1,12,11.67,0.9832,0,0,0.79,4.47,0
2024-09-29 03:00:00,BER_001,BER_001_ROBOT_1,28,9.74,0.9616,2,0,1.58,5.05,0
2024-09-29 03:00:00,HAM_001,HAM_001_ROBOT_1,26,8.79,0.9754,0,0,0.53,4.04,0
2024-09-29 04:00:00,MUC_001,MUC_001_ROBOT_1,16,10.29,0.9657,2,0,0.91,5.11,0
2024-09-29 04:00:00,BER_001,BER_001_ROBOT_1,29,8.36,0.9553,0,0,1.75,5.28,0
2024-09-29 04:00:00,HAM_001,HAM_001_ROBOT_1,22,11.52,0.9564,2,0,1.1,5.25,0
2024-09-29 05:00:00,MUC_001,MUC_001_ROBOT_1,24,10.76,0.9843,0,0,1.78,5.43,0
2024-09-29 05:00:00,BER_001,BER_001_ROBOT_1,16,9.3,0.9868,1,0,1.36,5.59,0
2024-09-29 05:00:00,HAM_001,HAM_001_ROBOT_1,25,9.88,0.9757,1,0,1.8,4.9,0
2024-09-29 06:00:00,MUC_001,MUC_001_ROBOT_1,19,9.65,0.9788,0,0,0.84,4.38,0
2024-09-29 06:00:00,BER_001,BER_001_ROBOT_1,27,10.17,0.9887,0,0,0.88,4.17,0
2024-09-29 06:00:00,HAM_001,HAM_001_ROBOT_1,23,9.7,0.9651,2,0,2.0,4.81,0
2024-09-29 07:00:00,MUC_001,MUC_001_ROBOT_1,11,10.11,0.9738,2,0,0.89,5.1,0
2024-09-29 07:00:00,BER_001,BER_001_ROBOT_1,11,11.49,0.9503,1,0,0.95,4.88,0
2024-09-29 07:00:00,HAM_001,HAM_001_ROBOT_1,16,8.68,0.9697,1,0,0.85,4.93,0
2024-09-29 08:00:00,MUC_001,MUC_001_ROBOT_1,20,8.64,0.9545,1,0,1.77,4.58,0
2024-09-29 08:00:00,BER_001,BER_001_ROBOT_1,27,9.96,0.9571,1,0,0.71,4.7,0
2024-09-29 08:00:00,HAM_001,HAM_001_ROBOT_1,20,10.97,0.9534,1,0,1.34,4.78,0
2024-09-29 09:00:00,MUC_001,MUC_001_ROBOT_1,24,10.54,0.9744,0,0,1.07,5.11,0
2024-09-29 09:00:00,BER_001,BER_001_ROBOT_1,13,11.46,0.9577,1,0,1.31,4.25,0
2024-09-29 09:00:00,HAM_001,HAM_001_ROBOT_1,21,10.35,0.9584,2,0,1.83,5.78,0
2024-09-29 10:00:00,MUC_001,MUC_001_ROBOT_1,21,10.97,0.9595,2,0,0.76,4.47,0
2024-09-29 10:00:00,BER_001,BER_001_ROBOT_1,18,8.59,0.9706,0,0,1.51,5.48,0
2024-09-29 10:00:00,HAM_001,HAM_001_ROBOT_1,18,9.36,0.9622,2,0,0.82,4.36,0
2024-09-29 11:00:00,MUC_001,MUC_001_ROBOT_1,11,10.37,0.9559,2,0,0.81,5.65,0
2024-09-29 11:00:00,BER_001,BER_001_ROBOT_1,11,8.45,0.9888,2,0,1.82,5.03,0
2024-09-29 11:00:00,HAM_001,HAM_001_ROBOT_1,20,10.79,0.9705,2,0,1.29,4.27,0
2024-09-29 12:00:00,MUC_001,MUC_001_ROBOT_1,30,11.13,0.9892,2,0,1.45,5.27,0
2024-09-29 12:00:00,BER_001,BER_001_ROBOT_1,15,8.81,0.9732,2,0,1.15,4.84,0
2024-09-29 12:00:00,HAM_001,HAM_001_ROBOT_1,30,8.86,0.9871,1,0,1.84,5.24,0
2024-09-29 13:00:00,MUC_001,MUC_001_ROBOT_1,28,9.4,0.9659,0,0,1.97,4.96,0
2024-09-29 13:00:00,BER_001,BER_001_ROBOT_1,12,11.22,0.9871,1,0,1.26,4.32,0
2024-09-29 13:00:00,HAM_001,HAM_001_ROBOT_1,19,11.95,0.9615,0,0,1.29,5.3,0
2024-09-29 14:00:00,MUC_001,MUC_001_ROBOT_1,28,11.44,0.9739,2,0,1.25,5.58,0
2024-09-29 14:00:00,BER_001,BER_001_ROBOT_1,24,11.91,0.9884,2,0,1.68,4.46,0
2024-09-29 14:00:00,HAM_001,HAM_001_ROBOT_1,30,9.06,0.9752,1,0,0.94,4.44,0
2024-09-29 15:00:00,MUC_001,MUC_001_ROBOT_1,20,11.22,0.9577,2,0,1.91,5.7,0
2024-09-29 15:00:00,BER_001,BER_001_ROBOT_1,23,11.29,0.9669,0,0,1.98,4.54,0
2024-09-29 15:00:00,HAM_001,HAM_001_ROBOT_1,28,11.1,0.9814,2,0,1.96,4.04,0
2024-09-29 16:00:00,MUC_001,MUC_001_ROBOT_1,18,11.3,0.9788,0,0,0.98,5.63,0
2024-09-29 16:00:00,BER_001,BER_001_ROBOT_1,15,10.52,0.9745,2,0,0.87,5.47,0
2024-09-29 16:00:00,HAM_001,HAM_001_ROBOT_1,26,9.0,0.9756,2,0,1.4,5.69,0
2024-09-29 17:00:00,MUC_001,MUC_001_ROBOT_1,17,9.99,0.9762,1,0,0.6,4.02,0
2024-09-29 17:00:00,BER_001,BER_001_ROBOT_1,17,11.52,0.9766,2,0,1.82,4.52,0
2024-09-29 17:00:00,HAM_001,HAM_001_ROBOT_1,11,9.89,0.9821,1,0,0.62,4.63,0
2024-09-29 18:00:00,MUC_001,MUC_001_ROBOT_1,20,10.22,0.9586,2,0,0.92,5.26,0
2024-09-29 18:00:00,BER_001,BER_001_ROBOT_1,29,11.94,0.9532,2,0,0.79,4.45,0
2024-09-29 18:00:00,HAM_001,HAM_001_ROBOT_1,19,11.93,0.9703,1,0,0.6,4.1,0
2024-09-29 19:00:00,MUC_001,MUC_001_ROBOT_1,20,8.1,0.959,2,0,0.79,5.9,0
2024-09-29 19:00:00,BER_001,BER_001_ROBOT_1,16,10.48,0.9741,1,0,0.59,4.29,0
2024-09-29 19:00:00,HAM_001,HAM_001_ROBOT_1,10,10.57,0.9803,2,0,1.13,5.53,0
2024-09-29 20:00:00,MUC_001,MUC_001_ROBOT_1,13,11.64,0.9654,1,0,1.94,4.17,0
2024-09-29 20:00:00,BER_001,BER_001_ROBOT_1,13,8.31,0.9779,1,0,1.26,5.3,0
2024-09-29 20:00:00,HAM_001,HAM_001_ROBOT_1,14,10.52,0.9852,2,0,1.32,5.7,0
2024-09-29 21:00:00,MUC_001,MUC_001_ROBOT_1,29,10.23,0.9894,0,0,1.04,4.54,0
2024-09-29 21:00:00,BER_001,BER_001_ROBOT_1,21,11.01,0.9863,0,0,0.73,5.77,0
2024-09-29 21:00:00,HAM_001,HAM_001_ROBOT_1,16,11.63,0.9792,1,0,0.64,4.16,0
2024-09-29 22:00:00,MUC_001,MUC_001_ROBOT_1,23,10.4,0.9822,2,0,1.28,5.8,0
2024-09-29 22:00:00,BER_001,BER_001_ROBOT_1,18,9.11,0.9776,2,0,1.86,5.02,0
2024-09-29 22:00:00,HAM_001,HAM_001_ROBOT_1,26,9.22,0.9638,1,0,1.06,5.78,0
2024-09-29 23:00:00,MUC_001,MUC_001_ROBOT_1,29,8.77,0.9508,1,0,1.92,4.31,0
2024-09-29 23:00:00,BER_001,BER_001_ROBOT_1,18,8.61,0.9788,0,0,0.66,5.32,0
2024-09-29 23:00:00,HAM_001,HAM_001_ROBOT_1,18,8.31,0.9552,1,0,1.23,5.3,0
2024-09-30 00:00:00,MUC_001,MUC_001_ROBOT_1,26,8.07,0.954,1,0,1.83,5.28,0
2024-09-30 00:00:00,BER_001,BER_001_ROBOT_1,24,10.96,0.9742,1,0,0.77,4.34,0
2024-09-30 00:00:00,HAM_001,HAM_001_ROBOT_1,28,9.53,0.9565,1,0,1.41,4.32,0
2024-09-30 01:00:00,MUC_001,MUC_001_ROBOT_1,4,11.56,0.7873,5,15,0.67,4.88,1
2024-09-30 01:00:00,BER_001,BER_001_ROBOT_1,11,8.49,0.9619,2,0,1.89,5.07,0
2024-09-30 01:00:00,HAM_001,HAM_001_ROBOT_1,23,8.13,0.9769,1,0,1.5,6.0,0
2024-09-30 02:00:00,MUC_001,MUC_001_ROBOT_1,12,9.46,0.9808,0,0,1.1,4.84,0
2024-09-30 02:00:00,BER_001,BER_001_ROBOT_1,23,8.93,0.9793,2,0,1.21,5.53,0
2024-09-30 02:00:00,HAM_001,HAM_001_ROBOT_1,19,10.88,0.9838,1,0,0.99,4.97,0
2024-09-30 03:00:00,MUC_001,MUC_001_ROBOT_1,10,11.84,0.9514,1,0,1.86,4.4,0
2024-09-30 03:00:00,BER_001,BER_001_ROBOT_1,12,9.69,0.989,2,0,1.89,5.48,0
2024-09-30 03:00:00,HAM_001,HAM_001_ROBOT_1,30,9.1,0.9807,0,0,1.39,4.09,0
2024-09-30 04:00:00,MUC_001,MUC_001_ROBOT_1,26,11.08,0.9721,1,0,1.39,4.31,0
2024-09-30 04:00:00,BER_001,BER_001_ROBOT_1,18,8.73,0.9548,2,0,0.51,5.55,0
2024-09-30 04:00:00,HAM_001,HAM_001_ROBOT_1,19,11.09,0.9628,1,0,0.66,4.24,0
2024-09-30 05:00:00,MUC_001,MUC_001_ROBOT_1,10,9.39,0.9898,1,0,0.79,4.45,0
2024-09-30 05:00:00,BER_001,BER_001_ROBOT_1,27,11.32,0.9653,2,0,0.92,5.19,0
2024-09-30 05:00:00,HAM_001,HAM_001_ROBOT_1,18,10.51,0.9558,1,0,1.37,5.33,0
2024-09-30 06:00:00,MUC_001,MUC_001_ROBOT_1,26,8.3,0.9831,2,0,0.79,5.51,0
2024-09-30 06:00:00,BER_001,BER_001_ROBOT_1,12,11.88,0.9646,1,0,1.04,5.5,0
2024-09-30 06:00:00,HAM_001,HAM_001_ROBOT_1,13,11.82,0.9645,1,0,1.76,5.26,0
2024-09-30 07:00:00,MUC_001,MUC_001_ROBOT_1,27,8.46,0.9887,0,0,0.88,4.83,0
2024-09-30 07:00:00,BER_001,BER_001_ROBOT_1,19,8.61,0.9851,1,0,1.09,4.71,0
2024-09-30 07:00:00,HAM_001,HAM_001_ROBOT_1,14,9.52,0.9628,2,0,1.35,5.53,0
2024-09-30 08:00:00,MUC_001,MUC_001_ROBOT_1,27,11.84,0.9707,2,0,0.52,5.01,0
2024-09-30 08:00:00,BER_001,BER_001_ROBOT_1,16,10.37,0.9825,0,0,1.04,4.94,0
2024-09-30 08:00:00,HAM_001,HAM_001_ROBOT_1,23,8.57,0.9803,0,0,1.34,5.77,0
2024-09-30 09:00:00,MUC_001,MUC_001_ROBOT_1,21,10.08,0.9505,0,0,1.22,4.23,0
2024-09-30 09:00:00,BER_001,BER_001_ROBOT_1,11,11.87,0.963,0,0,0.9,5.31,0
2024-09-30 09:00:00,HAM_001,HAM_001_ROBOT_1,23,8.94,0.959,0,0,0.97,5.46,0
2024-09-30 10:00:00,MUC_001,MUC_001_ROBOT_1,23,10.88,0.9786,2,0,1.02,4.51,0
2024-09-30 10:00:00,BER_001,BER_001_ROBOT_1,26,8.44,0.9813,0,0,1.59,4.53,0
2024-09-30 10:00:00,HAM_001,HAM_001_ROBOT_1,30,8.18,0.9891,1,0,1.61,4.11,0
2024-09-30 11:00:00,MUC_001,MUC_001_ROBOT_1,30,11.24,0.9688,1,0,1.97,5.46,0
2024-09-30 11:00:00,BER_001,BER_001_ROBOT_1,22,11.4,0.9519,0,0,1.3,5.41,0
2024-09-30 11:00:00,HAM_001,HAM_001_ROBOT_1,3,8.63,0.8377,6,44,0.58,5.19,1
2024-09-30 12:00:00,MUC_001,MUC_001_ROBOT_1,25,10.18,0.9615,0,0,1.3,5.19,0
2024-09-30 12:00:00,BER_001,BER_001_ROBOT_1,14,10.82,0.9593,1,0,0.55,5.45,0
2024-09-30 12:00:00,HAM_001,HAM_001_ROBOT_1,20,10.52,0.9606,2,0,0.87,4.53,0
2024-09-30 13:00:00,MUC_001,MUC_001_ROBOT_1,19,11.7,0.9508,0,0,1.06,5.36,0
2024-09-30 13:00:00,BER_001,BER_001_ROBOT_1,16,10.17,0.9873,0,0,1.44,5.56,0
2024-09-30 13:00:00,HAM_001,HAM_001_ROBOT_1,11,11.55,0.9753,1,0,1.0,5.91,0
2024-09-30 14:00:00,MUC_001,MUC_001_ROBOT_1,19,8.1,0.9501,2,0,1.16,5.75,0
2024-09-30 14:00:00,BER_001,BER_001_ROBOT_1,25,11.35,0.9893,1,0,0.73,5.04,0
2024-09-30 14:00:00,HAM_001,HAM_001_ROBOT_1,1,8.7,0.7864,3,31,1.3,4.23,1
2024-09-30 15:00:00,MUC_001,MUC_001_ROBOT_1,21,11.06,0.9531,1,0,1.83,4.43,0
2024-09-30 15:00:00,BER_001,BER_001_ROBOT_1,20,9.25,0.9658,2,0,1.83,5.04,0
2024-09-30 15:00:00,HAM_001,HAM_001_ROBOT_1,18,9.39,0.9529,1,0,0.89,4.64,0
2024-09-30 16:00:00,MUC_001,MUC_001_ROBOT_1,16,10.0,0.9868,0,0,1.28,4.98,0
2024-09-30 16:00:00,BER_001,BER_001_ROBOT_1,27,9.89,0.9751,2,0,1.8,4.33,0
2024-09-30 16:00:00,HAM_001,HAM_001_ROBOT_1,17,9.95,0.9839,2,0,1.82,4.85,0
2024-09-30 17:00:00,MUC_001,MUC_001_ROBOT_1,23,9.69,0.9535,0,0,1.69,5.47,0
2024-09-30 17:00:00,BER_001,BER_001_ROBOT_1,18,9.62,0.9836,2,0,1.36,5.46,0
2024-09-30 17:00:00,HAM_001,HAM_001_ROBOT_1,19,9.85,0.9781,2,0,1.82,5.32,0
2024-09-30 18:00:00,MUC_001,MUC_001_ROBOT_1,28,9.74,0.9569,2,0,1.43,4.54,0
2024-09-30 18:00:00,BER_001,BER_001_ROBOT_1,24,11.68,0.9849,2,0,0.84,4.48,0
2024-09-30 18:00:00,HAM_001,HAM_001_ROBOT_1,16,9.37,0.9772,2,0,1.03,4.05,0
2024-09-30 19:00:00,MUC_001,MUC_001_ROBOT_1,23,8.52,0.9525,1,0,1.7,5.37,0
2024-09-30 19:00:00,BER_001,BER_001_ROBOT_1,26,10.01,0.9586,1,0,1.56,4.79,0
2024-09-30 19:00:00,HAM_001,HAM_001_ROBOT_1,28,8.6,0.9778,1,0,1.62,5.75,0
2024-09-30 20:00:00,MUC_001,MUC_001_ROBOT_1,27,8.64,0.9719,2,0,0.58,4.0,0
2024-09-30 20:00:00,BER_001,BER_001_ROBOT_1,20,11.52,0.9755,0,0,1.13,4.53,0
2024-09-30 20:00:00,HAM_001,HAM_001_ROBOT_1,13,11.79,0.9772,0,0,1.65,5.97,0
2024-09-30 21:00:00,MUC_001,MUC_001_ROBOT_1,21,10.77,0.9672,0,0,1.29,5.47,0
2024-09-30 21:00:00,BER_001,BER_001_ROBOT_1,18,8.43,0.9885,0,0,0.73,5.76,0
2024-09-30 21:00:00,HAM_001,HAM_001_ROBOT_1,17,9.54,0.9509,1,0,1.16,4.58,0
2024-09-30 22:00:00,MUC_001,MUC_001_ROBOT_1,23,9.34,0.9835,1,0,1.65,5.38,0
2024-09-30 22:00:00,BER_001,BER_001_ROBOT_1,20,8.61,0.9834,2,0,1.87,5.7,0
2024-09-30 22:00:00,HAM_001,HAM_001_ROBOT_1,24,8.41,0.9685,2,0,1.97,5.87,0
2024-09-30 23:00:00,MUC_001,MUC_001_ROBOT_1,19,9.31,0.9859,0,0,0.87,5.92,0
2024-09-30 23:00:00,BER_001,BER_001_ROBOT_1,15,9.25,0.9592,0,0,1.27,4.31,0
2024-09-30 23:00:00,HAM_001,HAM_001_ROBOT_1,19,10.07,0.9694,0,0,1.36,4.55,0
2024-10-01 00:00:00,MUC_001,MUC_001_ROBOT_1,10,11.38,0.9887,1,0,1.53,4.43,0
2024-10-01 00:00:00,BER_001,BER_001_ROBOT_1,2,8.56,0.8457,9,56,1.27,5.84,1
2024-10-01 00:00:00,HAM_001,HAM_001_ROBOT_1,10,9.31,0.9889,1,0,1.79,5.65,0
2024-10-01 01:00:00,MUC_001,MUC_001_ROBOT_1,17,10.29,0.9729,0,0,0.77,4.83,0
2024-10-01 01:00:00,BER_001,BER_001_ROBOT_1,14,12.0,0.9705,0,0,0.51,4.11,0
2024-10-01 01:00:00,HAM_001,HAM_001_ROBOT_1,18,10.02,0.9698,2,0,0.8,4.81,0
2024-10-01 02:00:00,MUC_001,MUC_001_ROBOT_1,14,11.84,0.9634,0,0,1.59,4.56,0
2024-10-01 02:00:00,BER_001,BER_001_ROBOT_1,17,8.31,0.9667,0,0,1.87,4.17,0
2024-10-01 02:00:00,HAM_001,HAM_001_ROBOT_1,23,11.19,0.9687,2,0,1.37,4.58,0
2024-10-01 03:00:00,MUC_001,MUC_001_ROBOT_1,20,11.26,0.9583,2,0,0.56,5.23,0
2024-10-01 03:00:00,BER_001,BER_001_ROBOT_1,29,9.85,0.9563,1,0,1.9,4.57,0
2024-10-01 03:00:00,HAM_001,HAM_001_ROBOT_1,20,10.89,0.9792,1,0,0.87,5.47,0
2024-10-01 04:00:00,MUC_001,MUC_001_ROBOT_1,10,11.11,0.967,0,0,1.99,5.28,0
2024-10-01 04:00:00,BER_001,BER_001_ROBOT_1,12,10.49,0.954,2,0,0.57,5.93,0
2024-10-01 04:00:00,HAM_001,HAM_001_ROBOT_1,26,9.0,0.9702,2,0,1.74,5.41,0
2024-10-01 05:00:00,MUC_001,MUC_001_ROBOT_1,17,11.02,0.9694,2,0,0.66,4.99,0
2024-10-01 05:00:00,BER_001,BER_001_ROBOT_1,16,9.04,0.9607,1,0,1.29,5.52,0
2024-10-01 05:00:00,HAM_001,HAM_001_ROBOT_1,28,11.77,0.9559,1,0,1.02,5.59,0
2024-10-01 06:00:00,MUC_001,MUC_001_ROBOT_1,29,10.57,0.9724,0,0,1.49,5.65,0
2024-10-01 06:00:00,BER_001,BER_001_ROBOT_1,10,10.31,0.9558,0,0,0.66,4.19,0
2024-10-01 06:00:00,HAM_001,HAM_001_ROBOT_1,23,10.01,0.952,0,0,0.78,5.31,0
2024-10-01 07:00:00,MUC_001,MUC_001_ROBOT_1,13,9.44,0.9516,0,0,1.14,5.31,0
2024-10-01 07:00:00,BER_001,BER_001_ROBOT_1,21,11.44,0.9726,0,0,0.96,4.25,0
2024-10-01 07:00:00,HAM_001,HAM_001_ROBOT_1,16,11.07,0.9719,2,0,1.94,5.73,0
2024-10-01 08:00:00,MUC_001,MUC_001_ROBOT_1,27,8.66,0.9538,0,0,0.87,4.97,0
2024-10-01 08:00:00,BER_001,BER_001_ROBOT_1,15,11.34,0.9738,0,0,1.19,4.99,0
2024-10-01 08:00:00,HAM_001,HAM_001_ROBOT_1,30,11.73,0.9674,1,0,0.68,5.53,0
2024-10-01 09:00:00,MUC_001,MUC_001_ROBOT_1,29,8.3,0.953,2,0,1.21,4.03,0
2024-10-01 09:00:00,BER_001,BER_001_ROBOT_1,10,10.59,0.9896,1,0,1.36,5.24,0
2024-10-01 09:00:00,HAM_001,HAM_001_ROBOT_1,28,10.22,0.9569,1,0,0.69,4.87,0
2024-10-01 10:00:00,MUC_001,MUC_001_ROBOT_1,30,11.04,0.9741,1,0,1.04,5.51,0
2024-10-01 10:00:00,BER_001,BER_001_ROBOT_1,11,9.3,0.9748,0,0,1.96,4.94,0
2024-10-01 10:00:00,HAM_001,HAM_001_ROBOT_1,28,8.85,0.9771,2,0,0.99,5.05,0
2024-10-01 11:00:00,MUC_001,MUC_001_ROBOT_1,30,9.48,0.983,2,0,0.62,4.17,0
2024-10-01 11:00:00,BER_001,BER_001_ROBOT_1,23,11.74,0.9692,1,0,1.27,4.95,0
2024-10-01 11:00:00,HAM_001,HAM_001_ROBOT_1,24,11.5,0.9577,0,0,1.88,4.57,0
2024-10-01 12:00:00,MUC_001,MUC_001_ROBOT_1,21,10.52,0.9671,1,0,0.79,5.53,0
2024-10-01 12:00:00,BER_001,BER_001_ROBOT_1,11,8.52,0.9806,1,0,1.93,5.58,0
2024-10-01 12:00:00,HAM_001,HAM_001_ROBOT_1,28,10.4,0.9631,0,0,0.87,5.5,0
2024-10-01 13:00:00,MUC_001,MUC_001_ROBOT_1,27,11.06,0.9723,0,0,1.47,4.41,0
2024-10-01 13:00:00,BER_001,BER_001_ROBOT_1,23,10.88,0.9751,0,0,0.83,5.82,0
2024-10-01 13:00:00,HAM_001,HAM_001_ROBOT_1,16,10.72,0.9672,2,0,1.31,5.04,0
2024-10-01 14:00:00,MUC_001,MUC_001_ROBOT_1,22,9.34,0.9697,2,0,1.8,5.92,0
2024-10-01 14:00:00,BER_001,BER_001_ROBOT_1,19,9.19,0.9659,2,0,1.34,5.39,0
2024-10-01 14:00:00,HAM_001,HAM_001_ROBOT_1,24,10.1,0.9802,2,0,0.83,4.9,0
2024-10-01 15:00:00,MUC_001,MUC_001_ROBOT_1,18,8.95,0.953,2,0,1.02,5.23,0
2024-10-01 15:00:00,BER_001,BER_001_ROBOT_1,18,11.29,0.9529,1,0,0.73,4.91,0
2024-10-01 15:00:00,HAM_001,HAM_001_ROBOT_1,18,8.95,0.9898,2,0,1.7,4.27,0
2024-10-01 16:00:00,MUC_001,MUC_001_ROBOT_1,30,9.59,0.9741,2,0,0.99,5.01,0
2024-10-01 16:00:00,BER_001,BER_001_ROBOT_1,29,8.43,0.9585,1,0,1.36,5.79,0
2024-10-01 16:00:00,HAM_001,HAM_001_ROBOT_1,20,11.38,0.9812,0,0,1.32,5.18,0
2024-10-01 17:00:00,MUC_001,MUC_001_ROBOT_1,13,9.2,0.9571,2,0,0.92,4.74,0
2024-10-01 17:00:00,BER_001,BER_001_ROBOT_1,25,11.33,0.9873,2,0,1.97,5.62,0
2024-10-01 17:00:00,HAM_001,HAM_001_ROBOT_1,26,9.63,0.9811,0,0,0.63,4.24,0
2024-10-01 18:00:00,MUC_001,MUC_001_ROBOT_1,30,8.97,0.9528,2,0,1.88,4.31,0
2024-10-01 18:00:00,BER_001,BER_001_ROBOT_1,28,10.37,0.9722,0,0,1.57,4.16,0
2024-10-01 18:00:00,HAM_001,HAM_001_ROBOT_1,14,8.81,0.9605,2,0,1.3,4.44,0
2024-10-01 19:00:00,MUC_001,MUC_001_ROBOT_1,30,8.58,0.9857,2,0,0.69,5.21,0
2024-10-01 19:00:00,BER_001,BER_001_ROBOT_1,27,11.94,0.9774,1,0,1.36,4.2,0
2024-10-01 19:00:00,HAM_001,HAM_001_ROBOT_1,13,8.12,0.9824,1,0,1.33,5.68,0
2024-10-01 20:00:00,MUC_001,MUC_001_ROBOT_1,23,10.95,0.9753,1,0,1.99,5.25,0
2024-10-01 20:00:00,BER_001,BER_001_ROBOT_1,14,9.19,0.9545,1,0,1.85,5.29,0
2024-10-01 20:00:00,HAM_001,HAM_001_ROBOT_1,27,10.03,0.9817,2,0,0.52,4.35,0
2024-10-01 21:00:00,MUC_001,MUC_001_ROBOT_1,26,11.8,0.9664,2,0,1.3,4.33,0
2024-10-01 21:00:00,BER_001,BER_001_ROBOT_1,27,10.47,0.9891,2,0,0.94,4.15,0
2024-10-01 21:00:00,HAM_001,HAM_001_ROBOT_1,25,8.4,0.9538,1,0,0.72,5.96,0
2024-10-01 22:00:00,MUC_001,MUC_001_ROBOT_1,21,10.41,0.9735,1,0,0.91,4.24,0
2024-10-01 22:00:00,BER_001,BER_001_ROBOT_1,24,9.21,0.9874,2,0,1.92,4.1,0
2024-10-01 22:00:00,HAM_001,HAM_001_ROBOT_1,21,8.33,0.9862,2,0,0.78,4.0,0
2024-10-01 23:00:00,MUC_001,MUC_001_ROBOT_1,10,11.59,0.955,0,0,1.4,5.86,0
2024-10-01 23:00:00,BER_001,BER_001_ROBOT_1,5,10.41,0.7607,4,38,1.49,5.76,1
2024-10-01 23:00:00,HAM_001,HAM_001_ROBOT_1,30,11.59,0.9802,1,0,0.89,4.75,0
2024-10-02 00:00:00,MUC_001,MUC_001_ROBOT_1,28,10.66,0.9788,0,0,1.99,4.47,0
2024-10-02 00:00:00,BER_001,BER_001_ROBOT_1,25,10.76,0.9704,1,0,1.04,4.25,0
2024-10-02 00:00:00,HAM_001,HAM_001_ROBOT_1,19,9.84,0.9646,0,0,1.2,5.54,0
2024-10-02 01:00:00,MUC_001,MUC_001_ROBOT_1,24,8.71,0.9663,1,0,0.92,5.84,0
2024-10-02 01:00:00,BER_001,BER_001_ROBOT_1,25,8.78,0.968,0,0,0.88,4.73,0
2024-10-02 01:00:00,HAM_001,HAM_001_ROBOT_1,19,11.89,0.969,0,0,1.84,5.37,0
2024-10-02 02:00:00,MUC_001,MUC_001_ROBOT_1,26,8.16,0.9658,0,0,1.21,5.66,0
2024-10-02 02:00:00,BER_001,BER_001_ROBOT_1,21,11.95,0.9599,1,0,1.81,5.18,0
2024-10-02 02:00:00,HAM_001,HAM_001_ROBOT_1,11,9.37,0.9721,2,0,1.07,5.34,0
2024-10-02 03:00:00,MUC_001,MUC_001_ROBOT_1,27,11.97,0.9776,1,0,1.27,5.04,0
2024-10-02 03:00:00,BER_001,BER_001_ROBOT_1,29,11.11,0.9648,1,0,0.53,5.39,0
2024-10-02 03:00:00,HAM_001,HAM_001_ROBOT_1,19,9.42,0.9691,2,0,1.8,4.5,0
2024-10-02 04:00:00,MUC_001,MUC_001_ROBOT_1,24,9.38,0.9502,0,0,0.94,5.12,0
2024-10-02 04:00:00,BER_001,BER_001_ROBOT_1,13,9.48,0.9657,2,0,1.3,4.15,0
2024-10-02 04:00:00,HAM_001,HAM_001_ROBOT_1,18,9.79,0.988,2,0,1.46,5.35,0
2024-10-02 05:00:00,MUC_001,MUC_001_ROBOT_1,30,11.05,0.97,2,0,1.67,4.34,0
2024-10-02 05:00:00,BER_001,BER_001_ROBOT_1,26,9.81,0.9627,1,0,1.33,5.14,0
2024-10-02 05:00:00,HAM_001,HAM_001_ROBOT_1,30,9.96,0.9886,2,0,0.78,5.61,0
2024-10-02 06:00:00,MUC_001,MUC_001_ROBOT_1,15,9.91,0.952,2,0,1.71,4.06,0
2024-10-02 06:00:00,BER_001,BER_001_ROBOT_1,13,8.68,0.9856,1,0,0.72,5.76,0
2024-10-02 06:00:00,HAM_001,HAM_001_ROBOT_1,12,11.54,0.9632,1,0,1.1,4.09,0
2024-10-02 07:00:00,MUC_001,MUC_001_ROBOT_1,15,8.31,0.9569,0,0,1.21,4.72,0
2024-10-02 07:00:00,BER_001,BER_001_ROBOT_1,15,8.66,0.9716,0,0,1.47,4.35,0
2024-10-02 07:00:00,HAM_001,HAM_001_ROBOT_1,14,11.19,0.9865,0,0,0.62,4.89,0
2024-10-02 08:00:00,MUC_001,MUC_001_ROBOT_1,30,9.78,0.9783,1,0,1.17,5.92,0
2024-10-02 08:00:00,BER_001,BER_001_ROBOT_1,17,11.47,0.9678,1,0,1.25,4.31,0
2024-10-02 08:00:00,HAM_001,HAM_001_ROBOT_1,28,11.19,0.972,0,0,1.88,5.53,0
2024-10-02 09:00:00,MUC_001,MUC_001_ROBOT_1,11,10.34,0.9667,0,0,0.57,5.19,0
2024-10-02 09:00:00,BER_001,BER_001_ROBOT_1,15,11.05,0.9865,1,0,1.12,4.12,0
2024-10-02 09:00:00,HAM_001,HAM_001_ROBOT_1,23,11.72,0.9833,1,0,1.28,4.15,0
2024-10-02 10:00:00,MUC_001,MUC_001_ROBOT_1,24,8.56,0.9638,2,0,1.75,4.88,0
2024-10-02 10:00:00,BER_001,BER_001_ROBOT_1,20,8.43,0.9716,1,0,0.73,4.78,0
2024-10-02 10:00:00,HAM_001,HAM_001_ROBOT_1,20,8.94,0.987,1,0,0.51,4.73,0
2024-10-02 11:00:00,MUC_001,MUC_001_ROBOT_1,17,8.22,0.9789,1,0,0.97,5.19,0
2024-10-02 11:00:00,BER_001,BER_001_ROBOT_1,3,10.86,0.7953,8,29,1.36,5.42,1
2024-10-02 11:00:00,HAM_001,HAM_001_ROBOT_1,4,8.63,0.8276,7,45,1.93,5.44,1
2024-10-02 12:00:00,MUC_001,MUC_001_ROBOT_1,13,8.54,0.966,0,0,1.53,4.96,0
2024-10-02 12:00:00,BER_001,BER_001_ROBOT_1,13,8.59,0.9621,0,0,1.23,4.08,0
2024-10-02 12:00:00,HAM_001,HAM_001_ROBOT_1,13,9.35,0.9598,1,0,0.5,5.4,0
2024-10-02 13:00:00,MUC_001,MUC_001_ROBOT_1,10,8.69,0.9833,1,0,1.14,4.26,0
2024-10-02 13:00:00,BER_001,BER_001_ROBOT_1,18,9.75,0.969,2,0,1.84,5.64,0
2024-10-02 13:00:00,HAM_001,HAM_001_ROBOT_1,28,11.81,0.9761,2,0,1.94,4.83,0
2024-10-02 14:00:00,MUC_001,MUC_001_ROBOT_1,25,8.48,0.9665,1,0,0.79,4.04,0
2024-10-02 14:00:00,BER_001,BER_001_ROBOT_1,23,10.88,0.9571,0,0,1.89,5.74,0
2024-10-02 14:00:00,HAM_001,HAM_001_ROBOT_1,18,9.35,0.9835,1,0,0.53,4.68,0
2024-10-02 15:00:00,MUC_001,MUC_001_ROBOT_1,12,9.46,0.9742,0,0,1.44,5.52,0
2024-10-02 15:00:00,BER_001,BER_001_ROBOT_1,11,10.55,0.9657,1,0,0.59,5.93,0
2024-10-02 15:00:00,HAM_001,HAM_001_ROBOT_1,25,9.4,0.9742,1,0,0.72,5.25,0
2024-10-02 16:00:00,MUC_001,MUC_001_ROBOT_1,22,9.55,0.9518,2,0,0.86,4.09,0
2024-10-02 16:00:00,BER_001,BER_001_ROBOT_1,18,11.79,0.9643,2,0,1.32,5.01,0
2024-10-02 16:00:00,HAM_001,HAM_001_ROBOT_1,26,9.81,0.9715,0,0,0.54,5.21,0
2024-10-02 17:00:00,MUC_001,MUC_001_ROBOT_1,25,10.62,0.9899,1,0,0.58,5.15,0
2024-10-02 17:00:00,BER_001,BER_001_ROBOT_1,16,10.86,0.9791,2,0,0.99,5.42,0
2024-10-02 17:00:00,HAM_001,HAM_001_ROBOT_1,26,10.29,0.9876,0,0,1.12,4.94,0
2024-10-02 18:00:00,MUC_001,MUC_001_ROBOT_1,20,10.93,0.9875,1,0,1.91,4.58,0
2024-10-02 18:00:00,BER_001,BER_001_ROBOT_1,23,11.48,0.9759,1,0,1.7,5.4,0
2024-10-02 18:00:00,HAM_001,HAM_001_ROBOT_1,11,9.01,0.979,2,0,1.17,4.42,0
2024-10-02 19:00:00,MUC_001,MUC_001_ROBOT_1,15,11.81,0.9684,1,0,0.67,5.15,0
2024-10-02 19:00:00,BER_001,BER_001_ROBOT_1,17,8.82,0.9774,2,0,1.31,5.91,0
2024-10-02 19:00:00,HAM_001,HAM_001_ROBOT_1,12,11.48,0.9559,2,0,1.87,5.76,0
2024-10-02 20:00:00,MUC_001,MUC_001_ROBOT_1,29,10.72,0.9736,0,0,1.17,5.12,0
2024-10-02 20:00:00,BER_001,BER_001_ROBOT_1,30,11.75,0.9879,2,0,1.75,5.91,0
2024-10-02 20:00:00,HAM_001,HAM_001_ROBOT_1,21,11.5,0.9636,0,0,1.34,5.19,0
2024-10-02 21:00:00,MUC_001,MUC_001_ROBOT_1,22,11.31,0.9784,0,0,0.71,5.49,0
2024-10-02 21:00:00,BER_001,BER_001_ROBOT_1,20,8.91,0.9831,0,0,1.36,5.83,0
2024-10-02 21:00:00,HAM_001,HAM_001_ROBOT_1,13,10.09,0.9751,2,0,1.38,5.64,0
2024-10-02 22:00:00,MUC_001,MUC_001_ROBOT_1,27,9.52,0.9622,0,0,1.55,4.65,0
2024-10-02 22:00:00,BER_001,BER_001_ROBOT_1,16,10.35,0.9544,1,0,1.11,5.07,0
2024-10-02 22:00:00,HAM_001,HAM_001_ROBOT_1,25,8.83,0.9753,2,0,1.55,4.58,0
2024-10-02 23:00:00,MUC_001,MUC_001_ROBOT_1,18,9.04,0.9827,2,0,0.74,5.67,0
2024-10-02 23:00:00,BER_001,BER_001_ROBOT_1,10,10.53,0.966,0,0,1.08,5.29,0
2024-10-02 23:00:00,HAM_001,HAM_001_ROBOT_1,27,9.34,0.9767,2,0,1.94,4.55,0
2024-10-03 00:00:00,MUC_001,MUC_001_ROBOT_1,14,9.57,0.9689,1,0,1.9,5.36,0
2024-10-03 00:00:00,BER_001,BER_001_ROBOT_1,20,11.06,0.9717,2,0,1.21,5.47,0
2024-10-03 00:00:00,HAM_001,HAM_001_ROBOT_1,27,11.73,0.9779,1,0,1.3,4.16,0
2024-10-03 01:00:00,MUC_001,MUC_001_ROBOT_1,27,11.78,0.9575,2,0,1.11,5.12,0
2024-10-03 01:00:00,BER_001,BER_001_ROBOT_1,19,11.14,0.9832,1,0,0.67,5.65,0
2024-10-03 01:00:00,HAM_001,HAM_001_ROBOT_1,21,8.03,0.9757,0,0,1.05,5.16,0
2024-10-03 02:00:00,MUC_001,MUC_001_ROBOT_1,20,11.6,0.9595,0,0,1.07,4.59,0
2024-10-03 02:00:00,BER_001,BER_001_ROBOT_1,10,8.95,0.9576,1,0,1.52,5.64,0
2024-10-03 02:00:00,HAM_001,HAM_001_ROBOT_1,21,8.35,0.9528,1,0,1.71,4.63,0
2024-10-03 03:00:00,MUC_001,MUC_001_ROBOT_1,25,11.01,0.9585,1,0,1.78,5.13,0
2024-10-03 03:00:00,BER_001,BER_001_ROBOT_1,12,11.9,0.9506,2,0,0.78,5.96,0
2024-10-03 03:00:00,HAM_001,HAM_001_ROBOT_1,23,9.35,0.9802,0,0,1.17,5.17,0
2024-10-03 04:00:00,MUC_001,MUC_001_ROBOT_1,18,9.66,0.964,1,0,1.8,5.17,0
2024-10-03 04:00:00,BER_001,BER_001_ROBOT_1,19,11.09,0.9506,0,0,1.77,4.38,0
2024-10-03 04:00:00,HAM_001,HAM_001_ROBOT_1,19,8.3,0.9697,2,0,1.95,5.41,0
2024-10-03 05:00:00,MUC_001,MUC_001_ROBOT_1,30,11.89,0.9769,1,0,1.9,4.93,0
2024-10-03 05:00:00,BER_001,BER_001_ROBOT_1,11,11.54,0.9747,0,0,1.46,5.73,0
2024-10-03 05:00:00,HAM_001,HAM_001_ROBOT_1,17,9.29,0.9848,0,0,1.87,5.88,0
2024-10-03 06:00:00,MUC_001,MUC_001_ROBOT_1,12,8.29,0.9895,1,0,1.5,5.87,0
2024-10-03 06:00:00,BER_001,BER_001_ROBOT_1,22,9.84,0.98,0,0,1.28,4.21,0
2024-10-03 06:00:00,HAM_001,HAM_001_ROBOT_1,10,9.23,0.9629,1,0,1.35,5.38,0
2024-10-03 07:00:00,MUC_001,MUC_001_ROBOT_1,25,9.77,0.9835,1,0,1.66,4.36,0
2024-10-03 07:00:00,BER_001,BER_001_ROBOT_1,21,11.71,0.964,1,0,0.89,5.31,0
2024-10-03 07:00:00,HAM_001,HAM_001_ROBOT_1,29,11.13,0.9675,0,0,0.56,5.6,0
2024-10-03 08:00:00,MUC_001,MUC_001_ROBOT_1,13,10.59,0.9711,2,0,0.66,5.07,0
2024-10-03 08:00:00,BER_001,BER_001_ROBOT_1,28,10.85,0.9885,2,0,0.8,5.72,0
2024-10-03 08:00:00,HAM_001,HAM_001_ROBOT_1,26,10.86,0.9706,0,0,0.72,5.76,0
2024-10-03 09:00:00,MUC_001,MUC_001_ROBOT_1,21,8.55,0.9577,1,0,1.29,5.69,0
2024-10-03 09:00:00,BER_001,BER_001_ROBOT_1,17,10.98,0.9839,2,0,1.68,4.31,0
2024-10-03 09:00:00,HAM_001,HAM_001_ROBOT_1,10,10.89,0.9584,0,0,1.52,5.91,0
2024-10-03 10:00:00,MUC_001,MUC_001_ROBOT_1,23,8.53,0.9509,1,0,2.0,4.53,0
2024-10-03 10:00:00,BER_001,BER_001_ROBOT_1,11,8.22,0.961,2,0,1.29,5.74,0
2024-10-03 10:00:00,HAM_001,HAM_001_ROBOT_1,30,10.32,0.9664,2,0,0.91,5.7,0
2024-10-03 11:00:00,MUC_001,MUC_001_ROBOT_1,13,8.91,0.9716,1,0,0.66,4.1,0
2024-10-03 11:00:00,BER_001,BER_001_ROBOT_1,26,8.04,0.9797,0,0,0.6,5.32,0
2024-10-03 11:00:00,HAM_001,HAM_001_ROBOT_1,16,10.41,0.9817,0,0,1.36,4.4,0
2024-10-03 12:00:00,MUC_001,MUC_001_ROBOT_1,28,9.77,0.9823,1,0,1.3,5.12,0
2024-10-03 12:00:00,BER_001,BER_001_ROBOT_1,24,10.27,0.9864,1,0,1.42,4.07,0
2024-10-03 12:00:00,HAM_001,HAM_001_ROBOT_1,26,10.44,0.9775,1,0,0.56,4.89,0
2024-10-03 13:00:00,MUC_001,MUC_001_ROBOT_1,26,11.21,0.9813,2,0,0.58,5.26,0
2024-10-03 13:00:00,BER_001,BER_001_ROBOT_1,10,9.91,0.9635,2,0,1.78,5.29,0
2024-10-03 13:00:00,HAM_001,HAM_001_ROBOT_1,16,11.06,0.9897,0,0,1.15,4.86,0
2024-10-03 14:00:00,MUC_001,MUC_001_ROBOT_1,30,11.34,0.9827,0,0,1.65,4.67,0
2024-10-03 14:00:00,BER_001,BER_001_ROBOT_1,29,8.27,0.9759,0,0,1.78,4.75,0
2024-10-03 14:00:00,HAM_001,HAM_001_ROBOT_1,30,11.2,0.9852,2,0,1.6,4.02,0
2024-10-03 15:00:00,MUC_001,MUC_001_ROBOT_1,17,9.76,0.9567,2,0,0.61,5.52,0
2024-10-03 15:00:00,BER_001,BER_001_ROBOT_1,13,10.82,0.9563,2,0,1.56,5.14,0
2024-10-03 15:00:00,HAM_001,HAM_001_ROBOT_1,14,11.78,0.9879,2,0,0.8,5.09,0
2024-10-03 16:00:00,MUC_001,MUC_001_ROBOT_1,13,9.72,0.9814,2,0,1.12,4.17,0
2024-10-03 16:00:00,BER_001,BER_001_ROBOT_1,30,10.49,0.9715,2,0,1.53,5.24,0
2024-10-03 16:00:00,HAM_001,HAM_001_ROBOT_1,21,11.73,0.9637,0,0,1.53,5.43,0
2024-10-03 17:00:00,MUC_001,MUC_001_ROBOT_1,16,11.82,0.9557,2,0,1.67,4.02,0
2024-10-03 17:00:00,BER_001,BER_001_ROBOT_1,22,10.49,0.9539,1,0,1.01,5.55,0
2024-10-03 17:00:00,HAM_001,HAM_001_ROBOT_1,13,10.56,0.9824,2,0,1.79,5.08,0
2024-10-03 18:00:00,MUC_001,MUC_001_ROBOT_1,13,10.27,0.9623,0,0,0.77,4.97,0
2024-10-03 18:00:00,BER_001,BER_001_ROBOT_1,17,10.03,0.957,0,0,1.49,5.4,0
2024-10-03 18:00:00,HAM_001,HAM_001_ROBOT_1,29,9.63,0.9813,1,0,1.07,4.77,0
2024-10-03 19:00:00,MUC_001,MUC_001_ROBOT_1,16,8.89,0.9617,2,0,1.52,4.69,0
2024-10-03 19:00:00,BER_001,BER_001_ROBOT_1,21,11.54,0.9834,2,0,1.56,4.65,0
2024-10-03 19:00:00,HAM_001,HAM_001_ROBOT_1,12,10.62,0.9712,0,0,0.53,5.66,0
2024-10-03 20:00:00,MUC_001,MUC_001_ROBOT_1,18,8.63,0.9781,0,0,1.11,4.97,0
2024-10-03 20:00:00,BER_001,BER_001_ROBOT_1,27,8.34,0.9634,1,0,1.41,4.04,0
2024-10-03 20:00:00,HAM_001,HAM_001_ROBOT_1,23,8.61,0.9575,2,0,0.55,4.72,0
2024-10-03 21:00:00,MUC_001,MUC_001_ROBOT_1,30,9.11,0.9864,0,0,0.83,5.84,0
2024-10-03 21:00:00,BER_001,BER_001_ROBOT_1,4,9.67,0.8482,4,37,1.47,5.75,1
2024-10-03 21:00:00,HAM_001,HAM_001_ROBOT_1,15,9.15,0.95,0,0,0.52,4.31,0
2024-10-03 22:00:00,MUC_001,MUC_001_ROBOT_1,13,8.68,0.9774,0,0,1.3,5.71,0
2024-10-03 22:00:00,BER_001,BER_001_ROBOT_1,16,10.79,0.9795,1,0,1.27,5.34,0
2024-10-03 22:00:00,HAM_001,HAM_001_ROBOT_1,28,10.39,0.9786,1,0,1.3,5.62,0
2024-10-03 23:00:00,MUC_001,MUC_001_ROBOT_1,20,11.91,0.9586,1,0,1.69,5.82,0
2024-10-03 23:00:00,BER_001,BER_001_ROBOT_1,29,10.18,0.9505,0,0,0.61,5.81,0
2024-10-03 23:00:00,HAM_001,HAM_001_ROBOT_1,10,9.16,0.9863,2,0,0.78,4.17,0
2024-10-04 00:00:00,MUC_001,MUC_001_ROBOT_1,1,8.97,0.7047,10,38,0.57,5.65,1
2024-10-04 00:00:00,BER_001,BER_001_ROBOT_1,25,9.38,0.9535,2,0,0.93,5.93,0
2024-10-04 00:00:00,HAM_001,HAM_001_ROBOT_1,13,11.71,0.9593,1,0,1.03,5.68,0
2024-10-04 01:00:00,MUC_001,MUC_001_ROBOT_1,29,9.83,0.9566,1,0,1.08,4.56,0
2024-10-04 01:00:00,BER_001,BER_001_ROBOT_1,10,10.5,0.9874,0,0,1.42,4.68,0
2024-10-04 01:00:00,HAM_001,HAM_001_ROBOT_1,30,8.44,0.9596,2,0,1.09,4.6,0
2024-10-04 02:00:00,MUC_001,MUC_001_ROBOT_1,19,9.84,0.9664,0,0,0.83,5.02,0
2024-10-04 02:00:00,BER_001,BER_001_ROBOT_1,29,9.92,0.9515,2,0,1.45,5.83,0
2024-10-04 02:00:00,HAM_001,HAM_001_ROBOT_1,12,10.35,0.9572,2,0,1.27,4.52,0
2024-10-04 03:00:00,MUC_001,MUC_001_ROBOT_1,18,8.56,0.9526,0,0,1.01,4.49,0
2024-10-04 03:00:00,BER_001,BER_001_ROBOT_1,15,9.34,0.9559,1,0,0.68,4.36,0
2024-10-04 03:00:00,HAM_001,HAM_001_ROBOT_1,0,10.27,0.8043,7,40,1.22,5.66,1
2024-10-04 04:00:00,MUC_001,MUC_001_ROBOT_1,14,11.32,0.987,2,0,1.92,4.89,0
2024-10-04 04:00:00,BER_001,BER_001_ROBOT_1,12,8.66,0.9771,1,0,1.64,4.33,0
2024-10-04 04:00:00,HAM_001,HAM_001_ROBOT_1,10,10.81,0.9524,2,0,1.02,4.32,0
2024-10-04 05:00:00,MUC_001,MUC_001_ROBOT_1,25,11.4,0.9659,2,0,1.62,4.92,0
2024-10-04 05:00:00,BER_001,BER_001_ROBOT_1,16,11.56,0.9532,2,0,1.25,5.63,0
2024-10-04 05:00:00,HAM_001,HAM_001_ROBOT_1,27,10.29,0.9653,1,0,0.89,5.35,0
2024-10-04 06:00:00,MUC_001,MUC_001_ROBOT_1,14,9.98,0.9703,2,0,1.26,5.01,0
2024-10-04 06:00:00,BER_001,BER_001_ROBOT_1,16,10.04,0.9532,2,0,0.78,4.5,0
2024-10-04 06:00:00,HAM_001,HAM_001_ROBOT_1,19,10.02,0.9872,0,0,1.51,5.57,0
2024-10-04 07:00:00,MUC_001,MUC_001_ROBOT_1,12,8.33,0.9845,0,0,1.54,4.75,0
2024-10-04 07:00:00,BER_001,BER_001_ROBOT_1,21,9.69,0.976,2,0,0.68,5.07,0
2024-10-04 07:00:00,HAM_001,HAM_001_ROBOT_1,21,9.86,0.9801,0,0,0.59,5.19,0
2024-10-04 08:00:00,MUC_001,MUC_001_ROBOT_1,17,10.17,0.9605,0,0,0.86,4.73,0
2024-10-04 08:00:00,BER_001,BER_001_ROBOT_1,2,8.83,0.746,5,31,1.95,4.37,1
2024-10-04 08:00:00,HAM_001,HAM_001_ROBOT_1,25,9.39,0.9713,1,0,1.63,5.14,0
2024-10-04 09:00:00,MUC_001,MUC_001_ROBOT_1,22,9.21,0.9789,0,0,0.55,4.08,0
2024-10-04 09:00:00,BER_001,BER_001_ROBOT_1,22,10.77,0.9585,0,0,1.99,4.69,0
2024-10-04 09:00:00,HAM_001,HAM_001_ROBOT_1,11,10.84,0.9554,2,0,1.65,4.7,0
2024-10-04 10:00:00,MUC_001,MUC_001_ROBOT_1,10,11.31,0.9774,1,0,0.94,5.14,0
2024-10-04 10:00:00,BER_001,BER_001_ROBOT_1,10,10.25,0.9891,1,0,1.53,4.18,0
2024-10-04 10:00:00,HAM_001,HAM_001_ROBOT_1,11,11.23,0.968,0,0,1.49,4.5,0
2024-10-04 11:00:00,MUC_001,MUC_001_ROBOT_1,13,11.8,0.9749,2,0,1.53,5.9,0
2024-10-04 11:00:00,BER_001,BER_001_ROBOT_1,25,9.28,0.99,2,0,0.89,4.13,0
2024-10-04 11:00:00,HAM_001,HAM_001_ROBOT_1,18,9.68,0.9716,1,0,1.98,5.11,0
2024-10-04 12:00:00,MUC_001,MUC_001_ROBOT_1,25,8.06,0.976,2,0,1.16,5.87,0
2024-10-04 12:00:00,BER_001,BER_001_ROBOT_1,14,11.96,0.978,2,0,1.6,4.55,0
2024-10-04 12:00:00,HAM_001,HAM_001_ROBOT_1,15,9.04,0.9602,1,0,1.96,5.56,0
2024-10-04 13:00:00,MUC_001,MUC_001_ROBOT_1,27,9.29,0.9632,0,0,1.12,4.79,0
2024-10-04 13:00:00,BER_001,BER_001_ROBOT_1,12,11.03,0.9652,0,0,1.88,4.46,0
2024-10-04 13:00:00,HAM_001,HAM_001_ROBOT_1,19,8.37,0.9578,1,0,0.76,5.08,0
2024-10-04 14:00:00,MUC_001,MUC_001_ROBOT_1,12,10.03,0.9581,0,0,0.99,5.12,0
2024-10-04 14:00:00,BER_001,BER_001_ROBOT_1,22,10.26,0.9768,0,0,0.99,5.86,0
2024-10-04 14:00:00,HAM_001,HAM_001_ROBOT_1,26,9.48,0.9719,1,0,1.89,4.65,0
2024-10-04 15:00:00,MUC_001,MUC_001_ROBOT_1,18,9.6,0.9781,0,0,1.27,4.71,0
2024-10-04 15:00:00,BER_001,BER_001_ROBOT_1,25,10.73,0.9891,1,0,1.08,4.5,0
2024-10-04 15:00:00,HAM_001,HAM_001_ROBOT_1,21,11.81,0.9842,0,0,0.86,5.22,0
2024-10-04 16:00:00,MUC_001,MUC_001_ROBOT_1,25,11.52,0.985,2,0,1.21,5.12,0
2024-10-04 16:00:00,BER_001,BER_001_ROBOT_1,10,8.91,0.9544,0,0,0.87,5.38,0
2024-10-04 16:00:00,HAM_001,HAM_001_ROBOT_1,15,11.64,0.9866,1,0,1.81,5.38,0
2024-10-04 17:00:00,MUC_001,MUC_001_ROBOT_1,30,8.99,0.9846,0,0,1.24,5.72,0
2024-10-04 17:00:00,BER_001,BER_001_ROBOT_1,14,9.37,0.9714,0,0,1.93,4.71,0
2024-10-04 17:00:00,HAM_001,HAM_001_ROBOT_1,10,8.59,0.9806,1,0,0.75,5.77,0
2024-10-04 18:00:00,MUC_001,MUC_001_ROBOT_1,12,8.6,0.9644,0,0,0.67,4.08,0
2024-10-04 18:00:00,BER_001,BER_001_ROBOT_1,28,11.18,0.9658,2,0,1.63,4.73,0
2024-10-04 18:00:00,HAM_001,HAM_001_ROBOT_1,24,8.35,0.9713,0,0,1.33,5.17,0
2024-10-04 19:00:00,MUC_001,MUC_001_ROBOT_1,4,10.18,0.755,9,35,1.67,4.29,1
2024-10-04 19:00:00,BER_001,BER_001_ROBOT_1,28,8.61,0.9619,2,0,1.15,4.11,0
2024-10-04 19:00:00,HAM_001,HAM_001_ROBOT_1,25,10.66,0.9669,2,0,1.1,4.26,0
2024-10-04 20:00:00,MUC_001,MUC_001_ROBOT_1,14,11.07,0.9592,0,0,0.57,5.69,0
2024-10-04 20:00:00,BER_001,BER_001_ROBOT_1,23,11.9,0.9529,1,0,0.7,5.47,0
2024-10-04 20:00:00,HAM_001,HAM_001_ROBOT_1,30,8.97,0.9759,1,0,0.84,4.79,0
2024-10-04 21:00:00,MUC_001,MUC_001_ROBOT_1,12,8.15,0.9822,2,0,1.73,4.08,0
2024-10-04 21:00:00,BER_001,BER_001_ROBOT_1,18,10.78,0.9538,1,0,1.26,5.05,0
2024-10-04 21:00:00,HAM_001,HAM_001_ROBOT_1,29,9.42,0.9811,0,0,1.77,5.29,0
2024-10-04 22:00:00,MUC_001,MUC_001_ROBOT_1,29,10.91,0.9767,2,0,0.59,5.09,0
2024-10-04 22:00:00,BER_001,BER_001_ROBOT_1,28,11.01,0.9539,0,0,1.58,5.25,0
2024-10-04 22:00:00,HAM_001,HAM_001_ROBOT_1,10,10.29,0.9569,2,0,1.86,4.43,0
2024-10-04 23:00:00,MUC_001,MUC_001_ROBOT_1,14,10.74,0.9504,2,0,0.67,5.23,0
2024-10-04 23:00:00,BER_001,BER_001_ROBOT_1,22,8.56,0.9832,2,0,1.31,5.85,0
2024-10-04 23:00:00,HAM_001,HAM_001_ROBOT_1,15,11.73,0.9813,1,0,1.33,4.25,0
2024-10-05 00:00:00,MUC_001,MUC_001_ROBOT_1,26,8.48,0.9506,0,0,0.84,5.44,0
2024-10-05 00:00:00,BER_001,BER_001_ROBOT_1,19,11.39,0.971,0,0,0.6,5.59,0
2024-10-05 00:00:00,HAM_001,HAM_001_ROBOT_1,24,9.63,0.958,2,0,1.51,4.84,0
2024-10-05 01:00:00,MUC_001,MUC_001_ROBOT_1,12,10.29,0.9549,0,0,1.56,4.28,0
2024-10-05 01:00:00,BER_001,BER_001_ROBOT_1,24,9.21,0.951,0,0,1.49,5.77,0
2024-10-05 01:00:00,HAM_001,HAM_001_ROBOT_1,26,9.46,0.972,2,0,1.14,5.65,0
2024-10-05 02:00:00,MUC_001,MUC_001_ROBOT_1,24,8.24,0.9508,0,0,1.6,4.18,0
2024-10-05 02:00:00,BER_001,BER_001_ROBOT_1,27,10.31,0.969,2,0,1.93,4.86,0
2024-10-05 02:00:00,HAM_001,HAM_001_ROBOT_1,4,8.15,0.705,8,53,1.26,5.67,1
2024-10-05 03:00:00,MUC_001,MUC_001_ROBOT_1,19,11.44,0.9623,1,0,0.57,4.41,0
2024-10-05 03:00:00,BER_001,BER_001_ROBOT_1,11,8.97,0.9877,1,0,0.74,5.92,0
2024-10-05 03:00:00,HAM_001,HAM_001_ROBOT_1,17,9.01,0.9525,1,0,1.13,5.27,0
2024-10-05 04:00:00,MUC_001,MUC_001_ROBOT_1,11,9.14,0.9787,0,0,1.38,5.53,0
2024-10-05 04:00:00,BER_001,BER_001_ROBOT_1,24,8.52,0.9694,1,0,1.6,4.6,0
2024-10-05 04:00:00,HAM_001,HAM_001_ROBOT_1,18,9.43,0.982,1,0,1.53,4.61,0
2024-10-05 05:00:00,MUC_001,MUC_001_ROBOT_1,24,10.6,0.9713,2,0,0.74,4.79,0
2024-10-05 05:00:00,BER_001,BER_001_ROBOT_1,21,10.86,0.9824,2,0,1.03,5.32,0
2024-10-05 05:00:00,HAM_001,HAM_001_ROBOT_1,24,9.55,0.9812,1,0,1.2,5.0,0
2024-10-05 06:00:00,MUC_001,MUC_001_ROBOT_1,22,8.91,0.9755,2,0,1.57,4.78,0
2024-10-05 06:00:00,BER_001,BER_001_ROBOT_1,5,11.2,0.8499,3,35,1.77,4.14,1
2024-10-05 06:00:00,HAM_001,HAM_001_ROBOT_1,24,10.11,0.9599,2,0,0.68,5.71,0
2024-10-05 07:00:00,MUC_001,MUC_001_ROBOT_1,11,8.64,0.9615,1,0,1.1,4.24,0
2024-10-05 07:00:00,BER_001,BER_001_ROBOT_1,20,11.11,0.9759,1,0,1.1,4.67,0
2024-10-05 07:00:00,HAM_001,HAM_001_ROBOT_1,24,10.8,0.9792,1,0,0.96,4.84,0
2024-10-05 08:00:00,MUC_001,MUC_001_ROBOT_1,2,10.7,0.7261,7,48,0.97,5.79,1
2024-10-05 08:00:00,BER_001,BER_001_ROBOT_1,18,9.11,0.9709,0,0,0.8,5.46,0
2024-10-05 08:00:00,HAM_001,HAM_001_ROBOT_1,22,9.17,0.9725,2,0,0.63,4.49,0
2024-10-05 09:00:00,MUC_001,MUC_001_ROBOT_1,14,10.0,0.9811,0,0,1.13,5.9,0
2024-10-05 09:00:00,BER_001,BER_001_ROBOT_1,4,11.61,0.7263,9,31,1.35,4.97,1
2024-10-05 09:00:00,HAM_001,HAM_001_ROBOT_1,24,9.66,0.9729,1,0,1.54,4.63,0
2024-10-05 10:00:00,MUC_001,MUC_001_ROBOT_1,18,9.17,0.9507,1,0,1.3,4.21,0
2024-10-05 10:00:00,BER_001,BER_001_ROBOT_1,23,8.98,0.9802,2,0,1.52,4.96,0
2024-10-05 10:00:00,HAM_001,HAM_001_ROBOT_1,27,11.41,0.9577,1,0,1.85,5.5,0
2024-10-05 11:00:00,MUC_001,MUC_001_ROBOT_1,13,11.86,0.9533,2,0,0.62,5.21,0
2024-10-05 11:00:00,BER_001,BER_001_ROBOT_1,29,10.51,0.9594,1,0,0.77,5.48,0
2024-10-05 11:00:00,HAM_001,HAM_001_ROBOT_1,21,10.78,0.9654,2,0,1.47,4.98,0
2024-10-05 12:00:00,MUC_001,MUC_001_ROBOT_1,10,10.8,0.9765,0,0,1.38,5.65,0
2024-10-05 12:00:00,BER_001,BER_001_ROBOT_1,19,11.32,0.9626,0,0,1.95,4.74,0
2024-10-05 12:00:00,HAM_001,HAM_001_ROBOT_1,23,8.56,0.9867,2,0,1.89,5.14,0
2024-10-05 13:00:00,MUC_001,MUC_001_ROBOT_1,28,8.33,0.9596,0,0,1.54,5.24,0
2024-10-05 13:00:00,BER_001,BER_001_ROBOT_1,19,10.33,0.9552,1,0,1.83,5.71,0
2024-10-05 13:00:00,HAM_001,HAM_001_ROBOT_1,19,10.33,0.9598,1,0,1.59,4.26,0
2024-10-05 14:00:00,MUC_001,MUC_001_ROBOT_1,17,11.97,0.9507,0,0,0.87,4.08,0
2024-10-05 14:00:00,BER_001,BER_001_ROBOT_1,23,8.74,0.964,0,0,0.8,4.63,0
2024-10-05 14:00:00,HAM_001,HAM_001_ROBOT_1,4,11.2,0.7427,3,33,1.24,4.84,1
2024-10-05 15:00:00,MUC_001,MUC_001_ROBOT_1,11,10.06,0.9703,1,0,1.74,4.87,0
2024-10-05 15:00:00,BER_001,BER_001_ROBOT_1,18,9.47,0.9647,0,0,0.81,4.63,0
2024-10-05 15:00:00,HAM_001,HAM_001_ROBOT_1,30,8.1,0.9694,0,0,0.92,4.42,0
2024-10-05 16:00:00,MUC_001,MUC_001_ROBOT_1,16,11.35,0.9715,0,0,1.62,4.42,0
2024-10-05 16:00:00,BER_001,BER_001_ROBOT_1,12,12.0,0.9791,2,0,1.96,5.99,0
2024-10-05 16:00:00,HAM_001,HAM_001_ROBOT_1,22,9.74,0.9711,0,0,0.9,5.13,0
2024-10-05 17:00:00,MUC_001,MUC_001_ROBOT_1,28,9.23,0.9716,2,0,1.9,4.02,0
2024-10-05 17:00:00,BER_001,BER_001_ROBOT_1,12,8.73,0.973,1,0,1.85,4.97,0
2024-10-05 17:00:00,HAM_001,HAM_001_ROBOT_1,30,11.47,0.9512,0,0,0.8,5.92,0
2024-10-05 18:00:00,MUC_001,MUC_001_ROBOT_1,13,9.05,0.9793,0,0,1.14,4.52,0
2024-10-05 18:00:00,BER_001,BER_001_ROBOT_1,12,10.48,0.9841,1,0,1.95,4.14,0
2024-10-05 18:00:00,HAM_001,HAM_001_ROBOT_1,25,9.45,0.9533,2,0,0.66,4.5,0
2024-10-05 19:00:00,MUC_001,MUC_001_ROBOT_1,1,9.29,0.829,4,32,1.72,4.72,1
2024-10-05 19:00:00,BER_001,BER_001_ROBOT_1,14,8.71,0.9631,2,0,0.51,4.36,0
2024-10-05 19:00:00,HAM_001,HAM_001_ROBOT_1,29,10.16,0.9577,0,0,1.62,5.53,0
2024-10-05 20:00:00,MUC_001,MUC_001_ROBOT_1,14,10.94,0.9896,2,0,1.08,4.57,0
2024-10-05 20:00:00,BER_001,BER_001_ROBOT_1,15,9.4,0.9571,2,0,1.94,4.24,0
2024-10-05 20:00:00,HAM_001,HAM_001_ROBOT_1,30,11.12,0.9535,0,0,0.76,5.95,0
2024-10-05 21:00:00,MUC_001,MUC_001_ROBOT_1,21,10.31,0.9878,1,0,1.89,5.82,0
2024-10-05 21:00:00,BER_001,BER_001_ROBOT_1,21,8.49,0.9554,2,0,1.11,4.12,0
2024-10-05 21:00:00,HAM_001,HAM_001_ROBOT_1,26,9.67,0.953,2,0,1.86,4.13,0
2024-10-05 22:00:00,MUC_001,MUC_001_ROBOT_1,29,8.05,0.9545,1,0,1.39,5.83,0
2024-10-05 22:00:00,BER_001,BER_001_ROBOT_1,16,10.43,0.9521,1,0,1.19,5.55,0
2024-10-05 22:00:00,HAM_001,HAM_001_ROBOT_1,0,8.67,0.707,9,23,1.12,4.13,1
2024-10-05 23:00:00,MUC_001,MUC_001_ROBOT_1,16,9.48,0.9692,1,0,0.79,4.12,0
2024-10-05 23:00:00,BER_001,BER_001_ROBOT_1,11,11.29,0.9526,1,0,1.84,5.96,0
2024-10-05 23:00:00,HAM_001,HAM_001_ROBOT_1,17,9.25,0.9565,2,0,0.51,5.68,0
2024-10-06 00:00:00,MUC_001,MUC_001_ROBOT_1,25,8.93,0.989,0,0,0.63,5.35,0
2024-10-06 00:00:00,BER_001,BER_001_ROBOT_1,13,11.56,0.9549,2,0,1.86,4.85,0
2024-10-06 00:00:00,HAM_001,HAM_001_ROBOT_1,20,11.45,0.9778,1,0,1.68,5.63,0
2024-10-06 01:00:00,MUC_001,MUC_001_ROBOT_1,14,10.46,0.9619,2,0,1.18,5.0,0
2024-10-06 01:00:00,BER_001,BER_001_ROBOT_1,2,11.68,0.7709,8,45,1.45,5.15,1
2024-10-06 01:00:00,HAM_001,HAM_001_ROBOT_1,28,8.65,0.9884,2,0,1.27,5.61,0
2024-10-06 02:00:00,MUC_001,MUC_001_ROBOT_1,10,8.27,0.9675,1,0,0.61,4.63,0
2024-10-06 02:00:00,BER_001,BER_001_ROBOT_1,13,10.05,0.9873,2,0,1.46,4.61,0
2024-10-06 02:00:00,HAM_001,HAM_001_ROBOT_1,30,11.56,0.9652,2,0,1.51,4.22,0
2024-10-06 03:00:00,MUC_001,MUC_001_ROBOT_1,30,11.05,0.9755,0,0,1.79,4.36,0
2024-10-06 03:00:00,BER_001,BER_001_ROBOT_1,16,9.57,0.9632,2,0,0.52,4.88,0
2024-10-06 03:00:00,HAM_001,HAM_001_ROBOT_1,15,11.98,0.9877,0,0,1.07,4.19,0
2024-10-06 04:00:00,MUC_001,MUC_001_ROBOT_1,20,11.86,0.9851,1,0,1.6,4.85,0
2024-10-06 04:00:00,BER_001,BER_001_ROBOT_1,27,9.34,0.9747,2,0,1.06,5.51,0
2024-10-06 04:00:00,HAM_001,HAM_001_ROBOT_1,29,9.83,0.9702,0,0,1.21,5.13,0
2024-10-06 05:00:00,MUC_001,MUC_001_ROBOT_1,12,9.13,0.9867,1,0,1.8,4.8,0
2024-10-06 05:00:00,BER_001,BER_001_ROBOT_1,22,9.28,0.9852,2,0,1.16,4.81,0
2024-10-06 05:00:00,HAM_001,HAM_001_ROBOT_1,17,11.32,0.9663,2,0,1.57,4.38,0
2024-10-06 06:00:00,MUC_001,MUC_001_ROBOT_1,28,8.68,0.9823,0,0,0.84,6.0,0
2024-10-06 06:00:00,BER_001,BER_001_ROBOT_1,30,10.96,0.9605,2,0,1.97,4.74,0
2024-10-06 06:00:00,HAM_001,HAM_001_ROBOT_1,16,9.97,0.987,1,0,0.51,5.5,0
2024-10-06 07:00:00,MUC_001,MUC_001_ROBOT_1,0,10.25,0.7147,9,46,1.9,5.71,1
2024-10-06 07:00:00,BER_001,BER_001_ROBOT_1,15,9.8,0.9557,2,0,0.56,5.37,0
2024-10-06 07:00:00,HAM_001,HAM_001_ROBOT_1,12,11.37,0.9747,1,0,1.63,4.66,0
2024-10-06 08:00:00,MUC_001,MUC_001_ROBOT_1,4,9.29,0.7457,9,60,1.16,4.92,1
2024-10-06 08:00:00,BER_001,BER_001_ROBOT_1,15,8.43,0.9819,1,0,1.84,4.32,0
2024-10-06 08:00:00,HAM_001,HAM_001_ROBOT_1,15,8.39,0.9802,1,0,1.69,5.21,0
2024-10-06 09:00:00,MUC_001,MUC_001_ROBOT_1,27,8.91,0.9545,0,0,1.22,5.52,0
2024-10-06 09:00:00,BER_001,BER_001_ROBOT_1,13,11.55,0.9767,2,0,0.5,5.39,0
2024-10-06 09:00:00,HAM_001,HAM_001_ROBOT_1,18,9.98,0.9729,0,0,1.38,5.77,0
2024-10-06 10:00:00,MUC_001,MUC_001_ROBOT_1,16,9.82,0.9788,0,0,1.67,4.21,0
2024-10-06 10:00:00,BER_001,BER_001_ROBOT_1,23,8.14,0.9829,2,0,1.77,4.69,0
2024-10-06 10:00:00,HAM_001,HAM_001_ROBOT_1,27,9.29,0.9588,2,0,1.06,4.51,0
2024-10-06 11:00:00,MUC_001,MUC_001_ROBOT_1,24,9.72,0.9713,0,0,0.61,4.74,0
2024-10-06 11:00:00,BER_001,BER_001_ROBOT_1,0,8.03,0.7104,7,17,1.86,5.06,1
2024-10-06 11:00:00,HAM_001,HAM_001_ROBOT_1,26,8.22,0.9647,0,0,0.78,4.24,0
2024-10-06 12:00:00,MUC_001,MUC_001_ROBOT_1,10,10.61,0.9813,0,0,1.76,5.68,0
2024-10-06 12:00:00,BER_001,BER_001_ROBOT_1,30,9.09,0.9883,0,0,1.26,5.49,0
2024-10-06 12:00:00,HAM_001,HAM_001_ROBOT_1,13,11.44,0.974,2,0,0.54,4.91,0
2024-10-06 13:00:00,MUC_001,MUC_001_ROBOT_1,12,9.98,0.9547,2,0,0.5,5.48,0
2024-10-06 13:00:00,BER_001,BER_001_ROBOT_1,11,10.42,0.9837,1,0,1.33,5.22,0
2024-10-06 13:00:00,HAM_001,HAM_001_ROBOT_1,25,10.75,0.9774,0,0,0.68,5.2,0
2024-10-06 14:00:00,MUC_001,MUC_001_ROBOT_1,18,11.53,0.9698,0,0,0.63,4.45,0
2024-10-06 14:00:00,BER_001,BER_001_ROBOT_1,15,9.93,0.9721,2,0,0.86,4.6,0
2024-10-06 14:00:00,HAM_001,HAM_001_ROBOT_1,28,10.73,0.9801,2,0,1.84,4.01,0
2024-10-06 15:00:00,MUC_001,MUC_001_ROBOT_1,16,11.61,0.9703,2,0,1.92,4.82,0
2024-10-06 15:00:00,BER_001,BER_001_ROBOT_1,4,8.19,0.8173,7,47,0.61,5.77,1
2024-10-06 15:00:00,HAM_001,HAM_001_ROBOT_1,21,8.18,0.9521,2,0,1.03,4.95,0
2024-10-06 16:00:00,MUC_001,MUC_001_ROBOT_1,20,9.89,0.9892,2,0,1.1,4.31,0
2024-10-06 16:00:00,BER_001,BER_001_ROBOT_1,18,8.13,0.9852,0,0,1.36,4.17,0
2024-10-06 16:00:00,HAM_001,HAM_001_ROBOT_1,10,9.56,0.9737,0,0,0.95,5.8,0
2024-10-06 17:00:00,MUC_001,MUC_001_ROBOT_1,11,11.8,0.9709,2,0,0.73,4.1,0
2024-10-06 17:00:00,BER_001,BER_001_ROBOT_1,23,9.36,0.9727,2,0,0.76,5.56,0
2024-10-06 17:00:00,HAM_001,HAM_001_ROBOT_1,20,10.33,0.9649,1,0,1.88,5.12,0
2024-10-06 18:00:00,MUC_001,MUC_001_ROBOT_1,25,10.86,0.953,2,0,1.18,4.35,0
2024-10-06 18:00:00,BER_001,BER_001_ROBOT_1,24,8.63,0.976,1,0,1.95,5.33,0
2024-10-06 18:00:00,HAM_001,HAM_001_ROBOT_1,15,9.25,0.9891,2,0,0.59,4.91,0
2024-10-06 19:00:00,MUC_001,MUC_001_ROBOT_1,21,9.27,0.9515,1,0,1.63,4.71,0
2024-10-06 19:00:00,BER_001,BER_001_ROBOT_1,23,10.58,0.9878,1,0,1.75,4.1,0
2024-10-06 19:00:00,HAM_001,HAM_001_ROBOT_1,25,10.92,0.9806,0,0,1.01,5.03,0
2024-10-06 20:00:00,MUC_001,MUC_001_ROBOT_1,5,11.34,0.8229,10,60,1.53,5.34,1
2024-10-06 20:00:00,BER_001,BER_001_ROBOT_1,21,10.76,0.9614,2,0,0.64,4.8,0
2024-10-06 20:00:00,HAM_001,HAM_001_ROBOT_1,20,8.71,0.9732,1,0,1.05,5.37,0
2024-10-06 21:00:00,MUC_001,MUC_001_ROBOT_1,26,11.14,0.9899,0,0,1.68,4.17,0
2024-10-06 21:00:00,BER_001,BER_001_ROBOT_1,12,11.46,0.9619,1,0,1.75,5.46,0
2024-10-06 21:00:00,HAM_001,HAM_001_ROBOT_1,21,9.86,0.9577,0,0,1.89,6.0,0
2024-10-06 22:00:00,MUC_001,MUC_001_ROBOT_1,27,10.2,0.9784,0,0,0.94,5.62,0
2024-10-06 22:00:00,BER_001,BER_001_ROBOT_1,12,11.96,0.9884,0,0,1.93,4.38,0
2024-10-06 22:00:00,HAM_001,HAM_001_ROBOT_1,16,11.5,0.963,2,0,1.84,5.02,0
2024-10-06 23:00:00,MUC_001,MUC_001_ROBOT_1,0,9.96,0.8496,4,25,1.0,4.58,1
2024-10-06 23:00:00,BER_001,BER_001_ROBOT_1,27,11.17,0.9514,1,0,1.24,5.18,0
2024-10-06 23:00:00,HAM_001,HAM_001_ROBOT_1,0,9.82,0.8497,7,15,0.69,5.81,1
2024-10-07 00:00:00,MUC_001,MUC_001_ROBOT_1,12,9.51,0.9814,1,0,1.73,4.96,0
2024-10-07 00:00:00,BER_001,BER_001_ROBOT_1,12,10.11,0.9628,2,0,1.3,4.98,0
2024-10-07 00:00:00,HAM_001,HAM_001_ROBOT_1,1,11.21,0.7862,5,20,1.35,5.82,1
2024-10-07 01:00:00,MUC_001,MUC_001_ROBOT_1,13,11.72,0.9566,0,0,1.48,5.56,0
2024-10-07 01:00:00,BER_001,BER_001_ROBOT_1,23,8.92,0.9651,0,0,0.66,5.34,0
2024-10-07 01:00:00,HAM_001,HAM_001_ROBOT_1,17,10.15,0.9521,2,0,1.94,4.77,0
2024-10-07 02:00:00,MUC_001,MUC_001_ROBOT_1,19,10.64,0.9541,1,0,1.65,5.02,0
2024-10-07 02:00:00,BER_001,BER_001_ROBOT_1,26,9.96,0.9664,2,0,1.9,4.03,0
2024-10-07 02:00:00,HAM_001,HAM_001_ROBOT_1,12,9.7,0.966,2,0,1.91,4.56,0
2024-10-07 03:00:00,MUC_001,MUC_001_ROBOT_1,25,8.4,0.9666,0,0,0.68,5.34,0
2024-10-07 03:00:00,BER_001,BER_001_ROBOT_1,29,9.03,0.9532,0,0,1.08,4.7,0
2024-10-07 03:00:00,HAM_001,HAM_001_ROBOT_1,21,8.51,0.9677,2,0,1.07,5.58,0
2024-10-07 04:00:00,MUC_001,MUC_001_ROBOT_1,16,9.2,0.9887,0,0,1.57,5.35,0
2024-10-07 04:00:00,BER_001,BER_001_ROBOT_1,26,8.27,0.9852,2,0,0.74,4.42,0
2024-10-07 04:00:00,HAM_001,HAM_001_ROBOT_1,3,11.36,0.7939,9,31,1.82,5.08,1
2024-10-07 05:00:00,MUC_001,MUC_001_ROBOT_1,26,10.17,0.9778,2,0,1.62,4.61,0
2024-10-07 05:00:00,BER_001,BER_001_ROBOT_1,23,8.89,0.9855,0,0,1.98,4.36,0
2024-10-07 05:00:00,HAM_001,HAM_001_ROBOT_1,17,10.43,0.981,0,0,0.84,5.69,0
2024-10-07 06:00:00,MUC_001,MUC_001_ROBOT_1,22,9.74,0.9872,2,0,1.13,5.22,0
2024-10-07 06:00:00,BER_001,BER_001_ROBOT_1,18,8.03,0.9644,0,0,1.06,5.39,0
2024-10-07 06:00:00,HAM_001,HAM_001_ROBOT_1,30,11.0,0.9748,0,0,1.16,5.74,0
2024-10-07 07:00:00,MUC_001,MUC_001_ROBOT_1,17,8.68,0.9717,1,0,1.93,4.81,0
2024-10-07 07:00:00,BER_001,BER_001_ROBOT_1,18,8.86,0.9857,0,0,1.5,5.76,0
2024-10-07 07:00:00,HAM_001,HAM_001_ROBOT_1,13,8.47,0.9706,1,0,1.93,5.37,0
2024-10-07 08:00:00,MUC_001,MUC_001_ROBOT_1,11,11.22,0.9579,2,0,1.16,5.37,0
2024-10-07 08:00:00,BER_001,BER_001_ROBOT_1,29,10.72,0.9536,0,0,1.14,5.96,0
2024-10-07 08:00:00,HAM_001,HAM_001_ROBOT_1,19,10.12,0.9835,2,0,1.04,5.08,0
2024-10-07 09:00:00,MUC_001,MUC_001_ROBOT_1,10,10.25,0.9828,1,0,1.18,4.79,0
2024-10-07 09:00:00,BER_001,BER_001_ROBOT_1,22,9.21,0.9731,2,0,1.63,5.58,0
2024-10-07 09:00:00,HAM_001,HAM_001_ROBOT_1,28,9.99,0.9674,0,0,1.78,5.36,0
2024-10-07 10:00:00,MUC_001,MUC_001_ROBOT_1,25,8.09,0.9724,2,0,0.57,5.92,0
2024-10-07 10:00:00,BER_001,BER_001_ROBOT_1,24,9.9,0.9837,0,0,1.98,4.32,0
2024-10-07 10:00:00,HAM_001,HAM_001_ROBOT_1,12,8.21,0.969,1,0,0.98,5.11,0
2024-10-07 11:00:00,MUC_001,MUC_001_ROBOT_1,18,9.19,0.9774,2,0,0.86,4.07,0
2024-10-07 11:00:00,BER_001,BER_001_ROBOT_1,10,8.51,0.9842,1,0,1.07,4.9,0
2024-10-07 11:00:00,HAM_001,HAM_001_ROBOT_1,12,11.56,0.9635,2,0,0.68,4.57,0
2024-10-07 12:00:00,MUC_001,MUC_001_ROBOT_1,11,8.58,0.9527,0,0,1.69,5.76,0
2024-10-07 12:00:00,BER_001,BER_001_ROBOT_1,15,10.18,0.9719,0,0,1.61,4.5,0
2024-10-07 12:00:00,HAM_001,HAM_001_ROBOT_1,13,10.23,0.9659,2,0,1.38,5.21,0
2024-10-07 13:00:00,MUC_001,MUC_001_ROBOT_1,27,8.7,0.9851,1,0,1.64,5.15,0
2024-10-07 13:00:00,BER_001,BER_001_ROBOT_1,2,11.18,0.7023,7,45,1.05,4.88,1
2024-10-07 13:00:00,HAM_001,HAM_001_ROBOT_1,19,10.04,0.9627,2,0,1.35,5.79,0
2024-10-07 14:00:00,MUC_001,MUC_001_ROBOT_1,11,10.64,0.9543,2,0,1.29,5.2,0
2024-10-07 14:00:00,BER_001,BER_001_ROBOT_1,28,10.96,0.9583,1,0,0.55,5.87,0
2024-10-07 14:00:00,HAM_001,HAM_001_ROBOT_1,11,9.84,0.9742,0,0,1.5,4.05,0
2024-10-07 15:00:00,MUC_001,MUC_001_ROBOT_1,10,9.78,0.969,2,0,0.91,4.49,0
2024-10-07 15:00:00,BER_001,BER_001_ROBOT_1,23,11.63,0.9753,2,0,1.62,4.33,0
2024-10-07 15:00:00,HAM_001,HAM_001_ROBOT_1,10,10.88,0.9725,2,0,1.71,5.96,0
2024-10-07 16:00:00,MUC_001,MUC_001_ROBOT_1,29,8.75,0.9511,2,0,1.03,5.4,0
2024-10-07 16:00:00,BER_001,BER_001_ROBOT_1,29,8.11,0.9682,2,0,0.74,5.5,0
2024-10-07 16:00:00,HAM_001,HAM_001_ROBOT_1,25,10.17,0.9807,2,0,0.88,5.34,0
2024-10-07 17:00:00,MUC_001,MUC_001_ROBOT_1,27,11.61,0.9602,0,0,1.99,5.99,0
2024-10-07 17:00:00,BER_001,BER_001_ROBOT_1,21,9.24,0.9775,1,0,1.91,5.7,0
2024-10-07 17:00:00,HAM_001,HAM_001_ROBOT_1,30,9.19,0.9837,1,0,1.44,5.48,0
2024-10-07 18:00:00,MUC_001,MUC_001_ROBOT_1,29,10.36,0.9724,2,0,0.86,5.3,0
2024-10-07 18:00:00,BER_001,BER_001_ROBOT_1,26,9.99,0.9575,2,0,1.67,5.7,0
2024-10-07 18:00:00,HAM_001,HAM_001_ROBOT_1,13,11.91,0.9539,0,0,0.51,5.55,0
2024-10-07 19:00:00,MUC_001,MUC_001_ROBOT_1,18,10.79,0.9572,1,0,1.32,5.67,0
2024-10-07 19:00:00,BER_001,BER_001_ROBOT_1,30,9.2,0.9705,1,0,0.6,4.46,0
2024-10-07 19:00:00,HAM_001,HAM_001_ROBOT_1,27,11.66,0.9797,0,0,0.79,5.2,0
2024-10-07 20:00:00,MUC_001,MUC_001_ROBOT_1,29,11.34,0.9552,1,0,1.69,5.76,0
2024-10-07 20:00:00,BER_001,BER_001_ROBOT_1,16,9.4,0.988,2,0,1.82,5.82,0
2024-10-07 20:00:00,HAM_001,HAM_001_ROBOT_1,10,11.28,0.9727,1,0,0.54,5.1,0
2024-10-07 21:00:00,MUC_001,MUC_001_ROBOT_1,22,8.95,0.9671,1,0,1.15,5.07,0
2024-10-07 21:00:00,BER_001,BER_001_ROBOT_1,3,8.11,0.7286,4,50,1.56,5.02,1
2024-10-07 21:00:00,HAM_001,HAM_001_ROBOT_1,21,9.95,0.9634,1,0,0.81,5.84,0
2024-10-07 22:00:00,MUC_001,MUC_001_ROBOT_1,21,11.45,0.961,0,0,1.49,5.73,0
2024-10-07 22:00:00,BER_001,BER_001_ROBOT_1,24,11.6,0.9757,0,0,1.77,4.05,0
2024-10-07 22:00:00,HAM_001,HAM_001_ROBOT_1,11,10.84,0.9718,0,0,1.98,4.43,0
2024-10-07 23:00:00,MUC_001,MUC_001_ROBOT_1,12,8.72,0.9785,2,0,0.74,5.62,0
2024-10-07 23:00:00,BER_001,BER_001_ROBOT_1,23,8.54,0.9854,1,0,0.52,5.53,0
2024-10-07 23:00:00,HAM_001,HAM_001_ROBOT_1,10,9.55,0.9846,0,0,1.12,5.52,0
2024-10-08 00:00:00,MUC_001,MUC_001_ROBOT_1,26,8.72,0.9747,2,0,1.58,4.53,0
2024-10-08 00:00:00,BER_001,BER_001_ROBOT_1,18,9.18,0.977,0,0,1.2,5.99,0
2024-10-08 00:00:00,HAM_001,HAM_001_ROBOT_1,13,9.04,0.9724,2,0,1.7,5.36,0
2024-10-08 01:00:00,MUC_001,MUC_001_ROBOT_1,14,10.23,0.9749,2,0,1.31,5.85,0
2024-10-08 01:00:00,BER_001,BER_001_ROBOT_1,0,11.13,0.7259,10,55,1.97,4.05,1
2024-10-08 01:00:00,HAM_001,HAM_001_ROBOT_1,29,11.68,0.9625,1,0,0.95,5.48,0
2024-10-08 02:00:00,MUC_001,MUC_001_ROBOT_1,27,8.78,0.9743,1,0,0.78,5.01,0
2024-10-08 02:00:00,BER_001,BER_001_ROBOT_1,28,8.91,0.9624,0,0,0.94,4.45,0
2024-10-08 02:00:00,HAM_001,HAM_001_ROBOT_1,30,8.08,0.9612,1,0,0.83,4.19,0
2024-10-08 03:00:00,MUC_001,MUC_001_ROBOT_1,20,11.42,0.9755,2,0,1.97,5.76,0
2024-10-08 03:00:00,BER_001,BER_001_ROBOT_1,20,9.17,0.9872,1,0,1.92,5.9,0
2024-10-08 03:00:00,HAM_001,HAM_001_ROBOT_1,21,8.69,0.9635,2,0,0.86,5.32,0
2024-10-08 04:00:00,MUC_001,MUC_001_ROBOT_1,28,9.88,0.9766,0,0,0.76,4.56,0
2024-10-08 04:00:00,BER_001,BER_001_ROBOT_1,19,9.86,0.9772,0,0,1.62,5.89,0
2024-10-08 04:00:00,HAM_001,HAM_001_ROBOT_1,14,10.41,0.965,1,0,0.79,4.19,0
2024-10-08 05:00:00,MUC_001,MUC_001_ROBOT_1,10,9.67,0.9665,1,0,0.88,4.33,0
2024-10-08 05:00:00,BER_001,BER_001_ROBOT_1,15,11.09,0.9662,2,0,1.19,4.35,0
2024-10-08 05:00:00,HAM_001,HAM_001_ROBOT_1,12,9.51,0.9667,2,0,0.58,5.72,0
2024-10-08 06:00:00,MUC_001,MUC_001_ROBOT_1,15,9.11,0.988,1,0,0.97,5.0,0
2024-10-08 06:00:00,BER_001,BER_001_ROBOT_1,13,9.27,0.9634,2,0,1.04,5.79,0
2024-10-08 06:00:00,HAM_001,HAM_001_ROBOT_1,21,11.39,0.9723,2,0,1.4,4.13,0
2024-10-08 07:00:00,MUC_001,MUC_001_ROBOT_1,22,11.31,0.9846,0,0,1.9,5.27,0
2024-10-08 07:00:00,BER_001,BER_001_ROBOT_1,26,8.81,0.9658,2,0,1.56,5.55,0
2024-10-08 07:00:00,HAM_001,HAM_001_ROBOT_1,15,8.36,0.9706,0,0,0.81,5.42,0
2024-10-08 08:00:00,MUC_001,MUC_001_ROBOT_1,25,10.57,0.9532,1,0,1.53,4.81,0
2024-10-08 08:00:00,BER_001,BER_001_ROBOT_1,22,9.28,0.967,0,0,1.83,4.18,0
2024-10-08 08:00:00,HAM_001,HAM_001_ROBOT_1,13,8.46,0.99,0,0,0.74,5.7,0
2024-10-08 09:00:00,MUC_001,MUC_001_ROBOT_1,28,11.24,0.9897,2,0,0.67,5.31,0
2024-10-08 09:00:00,BER_001,BER_001_ROBOT_1,3,8.07,0.8355,8,52,0.9,5.89,1
2024-10-08 09:00:00,HAM_001,HAM_001_ROBOT_1,19,10.61,0.986,2,0,0.81,5.06,0
2024-10-08 10:00:00,MUC_001,MUC_001_ROBOT_1,25,11.99,0.9573,2,0,1.17,4.38,0
2024-10-08 10:00:00,BER_001,BER_001_ROBOT_1,27,11.31,0.951,1,0,1.7,5.33,0
2024-10-08 10:00:00,HAM_001,HAM_001_ROBOT_1,12,9.45,0.963,1,0,1.01,5.3,0
2024-10-08 11:00:00,MUC_001,MUC_001_ROBOT_1,26,9.11,0.9537,0,0,1.24,5.97,0
2024-10-08 11:00:00,BER_001,BER_001_ROBOT_1,29,11.11,0.982,2,0,1.97,5.71,0
2024-10-08 11:00:00,HAM_001,HAM_001_ROBOT_1,17,9.87,0.9677,0,0,1.82,4.02,0
2024-10-08 12:00:00,MUC_001,MUC_001_ROBOT_1,21,10.72,0.9558,2,0,0.72,5.98,0
2024-10-08 12:00:00,BER_001,BER_001_ROBOT_1,24,10.81,0.955,1,0,1.75,4.88,0
2024-10-08 12:00:00,HAM_001,HAM_001_ROBOT_1,16,8.07,0.973,0,0,0.54,4.37,0
2024-10-08 13:00:00,MUC_001,MUC_001_ROBOT_1,10,8.69,0.973,2,0,0.83,4.69,0
2024-10-08 13:00:00,BER_001,BER_001_ROBOT_1,25,8.3,0.9721,0,0,0.95,4.96,0
2024-10-08 13:00:00,HAM_001,HAM_001_ROBOT_1,10,11.87,0.962,0,0,1.43,5.62,0
2024-10-08 14:00:00,MUC_001,MUC_001_ROBOT_1,30,11.6,0.955,1,0,0.51,5.84,0
2024-10-08 14:00:00,BER_001,BER_001_ROBOT_1,26,11.49,0.9866,2,0,0.7,4.13,0
2024-10-08 14:00:00,HAM_001,HAM_001_ROBOT_1,22,9.95,0.9751,1,0,1.81,5.37,0
2024-10-08 15:00:00,MUC_001,MUC_001_ROBOT_1,21,9.13,0.9727,0,0,0.54,5.43,0
2024-10-08 15:00:00,BER_001,BER_001_ROBOT_1,25,8.32,0.952,1,0,0.65,4.54,0
2024-10-08 15:00:00,HAM_001,HAM_001_ROBOT_1,28,11.23,0.9749,2,0,1.42,5.11,0
2024-10-08 16:00:00,MUC_001,MUC_001_ROBOT_1,29,11.62,0.9702,0,0,1.17,4.6,0
2024-10-08 16:00:00,BER_001,BER_001_ROBOT_1,24,8.14,0.9854,1,0,1.66,5.2,0
2024-10-08 16:00:00,HAM_001,HAM_001_ROBOT_1,30,11.93,0.9603,0,0,1.07,5.35,0
2024-10-08 17:00:00,MUC_001,MUC_001_ROBOT_1,26,11.72,0.9669,0,0,0.72,4.83,0
2024-10-08 17:00:00,BER_001,BER_001_ROBOT_1,11,8.7,0.9692,0,0,1.17,4.51,0
2024-10-08 17:00:00,HAM_001,HAM_001_ROBOT_1,22,11.44,0.956,0,0,1.66,4.27,0
2024-10-08 18:00:00,MUC_001,MUC_001_ROBOT_1,2,8.17,0.7347,6,60,1.62,4.26,1
2024-10-08 18:00:00,BER_001,BER_001_ROBOT_1,27,8.09,0.9871,0,0,0.98,4.9,0
2024-10-08 18:00:00,HAM_001,HAM_001_ROBOT_1,16,9.4,0.9542,2,0,1.97,5.48,0
2024-10-08 19:00:00,MUC_001,MUC_001_ROBOT_1,30,8.97,0.9526,2,0,1.9,4.59,0
2024-10-08 19:00:00,BER_001,BER_001_ROBOT_1,13,9.56,0.9634,1,0,1.65,5.35,0
2024-10-08 19:00:00,HAM_001,HAM_001_ROBOT_1,25,11.72,0.9542,1,0,1.86,4.86,0
2024-10-08 20:00:00,MUC_001,MUC_001_ROBOT_1,18,11.96,0.9606,1,0,1.45,5.97,0
2024-10-08 20:00:00,BER_001,BER_001_ROBOT_1,17,8.58,0.9649,0,0,1.5,5.96,0
2024-10-08 20:00:00,HAM_001,HAM_001_ROBOT_1,0,10.89,0.703,7,42,0.75,4.32,1
2024-10-08 21:00:00,MUC_001,MUC_001_ROBOT_1,22,9.08,0.9898,1,0,1.1,5.6,0
2024-10-08 21:00:00,BER_001,BER_001_ROBOT_1,26,9.47,0.9569,1,0,1.56,5.37,0
2024-10-08 21:00:00,HAM_001,HAM_001_ROBOT_1,19,8.55,0.9692,2,0,1.22,4.13,0
2024-10-08 22:00:00,MUC_001,MUC_001_ROBOT_1,14,10.19,0.9616,0,0,1.26,4.31,0
2024-10-08 22:00:00,BER_001,BER_001_ROBOT_1,11,9.5,0.978,1,0,1.07,4.74,0
2024-10-08 22:00:00,HAM_001,HAM_001_ROBOT_1,21,9.74,0.9535,1,0,1.32,4.98,0
2024-10-08 23:00:00,MUC_001,MUC_001_ROBOT_1,10,9.3,0.9817,0,0,0.76,4.17,0
2024-10-08 23:00:00,BER_001,BER_001_ROBOT_1,2,11.98,0.8278,4,38,1.27,5.91,1
2024-10-08 23:00:00,HAM_001,HAM_001_ROBOT_1,24,9.92,0.9518,2,0,1.38,4.86,0
2024-10-09 00:00:00,MUC_001,MUC_001_ROBOT_1,30,8.45,0.9892,1,0,0.88,5.46,0
2024-10-09 00:00:00,BER_001,BER_001_ROBOT_1,28,10.33,0.9698,2,0,0.9,5.14,0
2024-10-09 00:00:00,HAM_001,HAM_001_ROBOT_1,0,10.67,0.7274,4,48,1.05,5.95,1
2024-10-09 01:00:00,MUC_001,MUC_001_ROBOT_1,30,10.63,0.9833,2,0,1.83,5.03,0
2024-10-09 01:00:00,BER_001,BER_001_ROBOT_1,24,8.07,0.9524,2,0,0.84,5.05,0
2024-10-09 01:00:00,HAM_001,HAM_001_ROBOT_1,18,11.86,0.96,0,0,1.37,4.34,0
2024-10-09 02:00:00,MUC_001,MUC_001_ROBOT_1,25,8.2,0.9731,2,0,1.47,5.91,0
2024-10-09 02:00:00,BER_001,BER_001_ROBOT_1,13,11.18,0.9796,2,0,0.69,5.87,0
2024-10-09 02:00:00,HAM_001,HAM_001_ROBOT_1,30,10.27,0.9884,2,0,0.52,4.66,0
2024-10-09 03:00:00,MUC_001,MUC_001_ROBOT_1,18,9.65,0.9683,0,0,0.81,5.09,0
2024-10-09 03:00:00,BER_001,BER_001_ROBOT_1,29,10.25,0.9846,2,0,1.67,4.71,0
2024-10-09 03:00:00,HAM_001,HAM_001_ROBOT_1,18,8.7,0.9526,0,0,0.5,5.02,0
2024-10-09 04:00:00,MUC_001,MUC_001_ROBOT_1,15,10.59,0.9667,2,0,1.14,5.22,0
2024-10-09 04:00:00,BER_001,BER_001_ROBOT_1,25,9.48,0.9867,0,0,1.22,5.61,0
2024-10-09 04:00:00,HAM_001,HAM_001_ROBOT_1,13,9.65,0.9748,1,0,1.78,5.83,0
2024-10-09 05:00:00,MUC_001,MUC_001_ROBOT_1,21,9.48,0.973,2,0,1.05,4.31,0
2024-10-09 05:00:00,BER_001,BER_001_ROBOT_1,12,10.38,0.9819,2,0,1.81,5.41,0
2024-10-09 05:00:00,HAM_001,HAM_001_ROBOT_1,0,10.97,0.7567,8,57,0.71,5.38,1
2024-10-09 06:00:00,MUC_001,MUC_001_ROBOT_1,20,11.72,0.9857,0,0,0.66,4.14,0
2024-10-09 06:00:00,BER_001,BER_001_ROBOT_1,23,9.27,0.9573,2,0,1.97,5.57,0
2024-10-09 06:00:00,HAM_001,HAM_001_ROBOT_1,17,11.94,0.9898,0,0,1.69,4.61,0
2024-10-09 07:00:00,MUC_001,MUC_001_ROBOT_1,22,8.1,0.9622,2,0,0.82,5.16,0
2024-10-09 07:00:00,BER_001,BER_001_ROBOT_1,20,9.77,0.984,2,0,1.37,4.93,0
2024-10-09 07:00:00,HAM_001,HAM_001_ROBOT_1,13,9.54,0.9791,2,0,1.35,5.21,0
2024-10-09 08:00:00,MUC_001,MUC_001_ROBOT_1,13,8.18,0.9839,1,0,0.7,5.92,0
2024-10-09 08:00:00,BER_001,BER_001_ROBOT_1,22,11.36,0.9603,0,0,1.32,5.31,0
2024-10-09 08:00:00,HAM_001,HAM_001_ROBOT_1,28,11.09,0.9692,1,0,1.91,4.58,0
2024-10-09 09:00:00,MUC_001,MUC_001_ROBOT_1,12,9.27,0.9776,0,0,1.87,4.09,0
2024-10-09 09:00:00,BER_001,BER_001_ROBOT_1,25,8.39,0.9563,2,0,0.95,4.4,0
2024-10-09 09:00:00,HAM_001,HAM_001_ROBOT_1,15,10.17,0.9874,0,0,0.68,4.59,0
2024-10-09 10:00:00,MUC_001,MUC_001_ROBOT_1,25,9.94,0.9549,0,0,0.71,4.26,0
2024-10-09 10:00:00,BER_001,BER_001_ROBOT_1,23,11.41,0.9741,0,0,1.83,5.45,0
2024-10-09 10:00:00,HAM_001,HAM_001_ROBOT_1,16,11.21,0.9526,1,0,0.56,4.91,0
2024-10-09 11:00:00,MUC_001,MUC_001_ROBOT_1,24,11.89,0.9511,2,0,1.65,4.14,0
2024-10-09 11:00:00,BER_001,BER_001_ROBOT_1,27,9.21,0.985,1,0,0.63,4.8,0
2024-10-09 11:00:00,HAM_001,HAM_001_ROBOT_1,17,9.83,0.9782,0,0,0.81,4.86,0
2024-10-09 12:00:00,MUC_001,MUC_001_ROBOT_1,18,9.53,0.9694,0,0,0.78,5.75,0
2024-10-09 12:00:00,BER_001,BER_001_ROBOT_1,22,10.64,0.9607,2,0,0.91,5.35,0
2024-10-09 12:00:00,HAM_001,HAM_001_ROBOT_1,18,9.92,0.9773,2,0,1.7,4.95,0
2024-10-09 13:00:00,MUC_001,MUC_001_ROBOT_1,11,9.07,0.9515,0,0,1.49,5.1,0
2024-10-09 13:00:00,BER_001,BER_001_ROBOT_1,12,9.56,0.9534,0,0,1.7,5.71,0
2024-10-09 13:00:00,HAM_001,HAM_001_ROBOT_1,19,10.56,0.9506,2,0,0.82,4.66,0
2024-10-09 14:00:00,MUC_001,MUC_001_ROBOT_1,14,9.35,0.9745,1,0,0.58,4.98,0
2024-10-09 14:00:00,BER_001,BER_001_ROBOT_1,15,8.03,0.9633,0,0,1.67,5.36,0
2024-10-09 14:00:00,HAM_001,HAM_001_ROBOT_1,18,9.27,0.9865,2,0,1.18,4.09,0
2024-10-09 15:00:00,MUC_001,MUC_001_ROBOT_1,23,9.83,0.9691,0,0,0.65,5.44,0
2024-10-09 15:00:00,BER_001,BER_001_ROBOT_1,17,11.08,0.9806,2,0,1.79,5.84,0
2024-10-09 15:00:00,HAM_001,HAM_001_ROBOT_1,10,9.76,0.9864,2,0,1.02,5.38,0
2024-10-09 16:00:00,MUC_001,MUC_001_ROBOT_1,24,11.18,0.9694,1,0,1.3,4.41,0
2024-10-09 16:00:00,BER_001,BER_001_ROBOT_1,12,8.16,0.9858,2,0,1.55,4.92,0
2024-10-09 16:00:00,HAM_001,HAM_001_ROBOT_1,19,10.85,0.9547,1,0,0.51,4.59,0
2024-10-09 17:00:00,MUC_001,MUC_001_ROBOT_1,14,11.81,0.9699,0,0,0.67,5.89,0
2024-10-09 17:00:00,BER_001,BER_001_ROBOT_1,19,8.18,0.9826,0,0,1.07,4.68,0
2024-10-09 17:00:00,HAM_001,HAM_001_ROBOT_1,23,10.66,0.976,1,0,1.21,4.62,0
2024-10-09 18:00:00,MUC_001,MUC_001_ROBOT_1,21,11.47,0.9554,0,0,0.71,4.68,0
2024-10-09 18:00:00,BER_001,BER_001_ROBOT_1,15,11.71,0.976,0,0,1.85,4.81,0
2024-10-09 18:00:00,HAM_001,HAM_001_ROBOT_1,27,8.14,0.9714,0,0,1.28,5.98,0
2024-10-09 19:00:00,MUC_001,MUC_001_ROBOT_1,25,11.24,0.9659,1,0,0.9,4.07,0
2024-10-09 19:00:00,BER_001,BER_001_ROBOT_1,13,8.16,0.9715,0,0,0.73,5.4,0
2024-10-09 19:00:00,HAM_001,HAM_001_ROBOT_1,13,11.37,0.9505,2,0,1.65,4.64,0
2024-10-09 20:00:00,MUC_001,MUC_001_ROBOT_1,13,10.52,0.9715,0,0,1.23,4.35,0
2024-10-09 20:00:00,BER_001,BER_001_ROBOT_1,30,9.13,0.975,2,0,1.05,4.85,0
2024-10-09 20:00:00,HAM_001,HAM_001_ROBOT_1,13,9.23,0.9846,2,0,0.99,4.87,0
2024-10-09 21:00:00,MUC_001,MUC_001_ROBOT_1,24,8.73,0.9822,1,0,1.8,5.18,0
2024-10-09 21:00:00,BER_001,BER_001_ROBOT_1,23,8.46,0.9571,0,0,1.54,5.36,0
2024-10-09 21:00:00,HAM_001,HAM_001_ROBOT_1,29,8.35,0.9847,1,0,1.07,5.49,0
2024-10-09 22:00:00,MUC_001,MUC_001_ROBOT_1,24,10.15,0.9546,0,0,1.77,5.43,0
2024-10-09 22:00:00,BER_001,BER_001_ROBOT_1,29,8.28,0.9716,0,0,0.97,4.13,0
2024-10-09 22:00:00,HAM_001,HAM_001_ROBOT_1,28,9.15,0.9689,2,0,1.97,5.12,0
2024-10-09 23:00:00,MUC_001,MUC_001_ROBOT_1,21,9.03,0.9565,2,0,1.6,5.27,0
2024-10-09 23:00:00,BER_001,BER_001_ROBOT_1,15,9.74,0.977,0,0,0.68,4.01,0
2024-10-09 23:00:00,HAM_001,HAM_001_ROBOT_1,14,8.13,0.9666,2,0,1.55,5.13,0
2024-10-10 00:00:00,MUC_001,MUC_001_ROBOT_1,27,9.42,0.9557,0,0,1.34,5.62,0
2024-10-10 00:00:00,BER_001,BER_001_ROBOT_1,22,11.33,0.9519,2,0,1.69,4.29,0
2024-10-10 00:00:00,HAM_001,HAM_001_ROBOT_1,16,8.21,0.9788,1,0,1.02,4.34,0
2024-10-10 01:00:00,MUC_001,MUC_001_ROBOT_1,18,8.78,0.9868,1,0,1.96,5.46,0
2024-10-10 01:00:00,BER_001,BER_001_ROBOT_1,27,10.67,0.9675,0,0,1.92,5.89,0
2024-10-10 01:00:00,HAM_001,HAM_001_ROBOT_1,24,9.99,0.9619,1,0,1.62,5.32,0
2024-10-10 02:00:00,MUC_001,MUC_001_ROBOT_1,17,9.39,0.9897,1,0,0.53,4.52,0
2024-10-10 02:00:00,BER_001,BER_001_ROBOT_1,25,11.57,0.9572,1,0,1.0,5.14,0
2024-10-10 02:00:00,HAM_001,HAM_001_ROBOT_1,21,11.83,0.9659,1,0,0.72,5.96,0
2024-10-10 03:00:00,MUC_001,MUC_001_ROBOT_1,20,8.27,0.9653,2,0,1.56,4.2,0
2024-10-10 03:00:00,BER_001,BER_001_ROBOT_1,25,9.9,0.9804,2,0,0.84,5.09,0
2024-10-10 03:00:00,HAM_001,HAM_001_ROBOT_1,26,10.5,0.9877,0,0,1.43,5.75,0
2024-10-10 04:00:00,MUC_001,MUC_001_ROBOT_1,30,11.05,0.9758,1,0,0.74,4.58,0
2024-10-10 04:00:00,BER_001,BER_001_ROBOT_1,13,8.21,0.9768,0,0,0.76,4.87,0
2024-10-10 04:00:00,HAM_001,HAM_001_ROBOT_1,10,8.78,0.9777,2,0,0.85,5.66,0
2024-10-10 05:00:00,MUC_001,MUC_001_ROBOT_1,27,10.2,0.9536,1,0,1.06,5.69,0
2024-10-10 05:00:00,BER_001,BER_001_ROBOT_1,25,12.0,0.9607,0,0,1.6,4.33,0
2024-10-10 05:00:00,HAM_001,HAM_001_ROBOT_1,22,8.15,0.9618,2,0,1.53,4.56,0
2024-10-10 06:00:00,MUC_001,MUC_001_ROBOT_1,12,9.73,0.981,0,0,1.24,4.74,0
2024-10-10 06:00:00,BER_001,BER_001_ROBOT_1,3,10.09,0.7116,8,32,0.64,5.94,1
2024-10-10 06:00:00,HAM_001,HAM_001_ROBOT_1,22,8.62,0.9842,1,0,0.51,4.97,0
2024-10-10 07:00:00,MUC_001,MUC_001_ROBOT_1,26,11.18,0.9697,0,0,1.0,5.8,0
2024-10-10 07:00:00,BER_001,BER_001_ROBOT_1,27,10.69,0.9665,1,0,1.78,4.5,0
2024-10-10 07:00:00,HAM_001,HAM_001_ROBOT_1,4,8.04,0.7408,3,18,1.67,4.08,1
2024-10-10 08:00:00,MUC_001,MUC_001_ROBOT_1,30,9.47,0.9788,2,0,1.8,5.8,0
2024-10-10 08:00:00,BER_001,BER_001_ROBOT_1,26,10.32,0.9818,1,0,1.44,5.68,0
2024-10-10 08:00:00,HAM_001,HAM_001_ROBOT_1,12,10.01,0.9796,0,0,0.84,5.83,0
2024-10-10 09:00:00,MUC_001,MUC_001_ROBOT_1,17,10.36,0.9797,1,0,1.96,4.27,0
2024-10-10 09:00:00,BER_001,BER_001_ROBOT_1,15,9.17,0.9787,0,0,0.67,5.3,0
2024-10-10 09:00:00,HAM_001,HAM_001_ROBOT_1,13,11.84,0.9807,1,0,1.45,4.85,0
2024-10-10 10:00:00,MUC_001,MUC_001_ROBOT_1,19,8.62,0.9727,0,0,0.98,5.39,0
2024-10-10 10:00:00,BER_001,BER_001_ROBOT_1,15,8.74,0.982,1,0,1.05,4.26,0
2024-10-10 10:00:00,HAM_001,HAM_001_ROBOT_1,13,9.36,0.9511,1,0,1.04,4.92,0
2024-10-10 11:00:00,MUC_001,MUC_001_ROBOT_1,22,11.37,0.9658,1,0,0.84,5.68,0
2024-10-10 11:00:00,BER_001,BER_001_ROBOT_1,13,10.89,0.9669,2,0,1.95,5.11,0
2024-10-10 11:00:00,HAM_001,HAM_001_ROBOT_1,22,10.31,0.9579,1,0,1.99,4.92,0
2024-10-10 12:00:00,MUC_001,MUC_001_ROBOT_1,25,11.89,0.9722,0,0,1.04,5.83,0
2024-10-10 12:00:00,BER_001,BER_001_ROBOT_1,26,8.66,0.9794,0,0,1.19,4.17,0
2024-10-10 12:00:00,HAM_001,HAM_001_ROBOT_1,22,8.22,0.9665,2,0,0.96,4.05,0
2024-10-10 13:00:00,MUC_001,MUC_001_ROBOT_1,20,8.46,0.958,2,0,1.78,4.64,0
2024-10-10 13:00:00,BER_001,BER_001_ROBOT_1,19,10.49,0.9718,2,0,1.82,5.02,0
2024-10-10 13:00:00,HAM_001,HAM_001_ROBOT_1,20,8.08,0.9874,1,0,0.51,5.6,0
2024-10-10 14:00:00,MUC_001,MUC_001_ROBOT_1,10,11.01,0.9767,1,0,1.92,5.03,0
2024-10-10 14:00:00,BER_001,BER_001_ROBOT_1,4,8.34,0.7172,4,21,0.78,5.59,1
2024-10-10 14:00:00,HAM_001,HAM_001_ROBOT_1,23,8.71,0.9841,2,0,1.38,5.04,0
2024-10-10 15:00:00,MUC_001,MUC_001_ROBOT_1,30,11.49,0.9591,2,0,1.88,4.15,0
2024-10-10 15:00:00,BER_001,BER_001_ROBOT_1,19,9.1,0.9649,2,0,1.44,4.72,0
2024-10-10 15:00:00,HAM_001,HAM_001_ROBOT_1,23,10.51,0.9784,0,0,1.59,5.31,0
2024-10-10 16:00:00,MUC_001,MUC_001_ROBOT_1,13,11.46,0.9875,1,0,0.88,4.21,0
2024-10-10 16:00:00,BER_001,BER_001_ROBOT_1,25,8.33,0.9885,2,0,1.31,5.84,0
2024-10-10 16:00:00,HAM_001,HAM_001_ROBOT_1,22,9.41,0.9796,2,0,1.09,4.04,0
2024-10-10 17:00:00,MUC_001,MUC_001_ROBOT_1,24,8.48,0.9575,2,0,1.14,5.34,0
2024-10-10 17:00:00,BER_001,BER_001_ROBOT_1,16,9.43,0.9716,2,0,0.98,5.29,0
2024-10-10 17:00:00,HAM_001,HAM_001_ROBOT_1,15,11.4,0.9677,0,0,0.66,5.99,0
2024-10-10 18:00:00,MUC_001,MUC_001_ROBOT_1,0,8.74,0.8337,9,45,1.8,5.75,1
2024-10-10 18:00:00,BER_001,BER_001_ROBOT_1,11,9.21,0.9614,2,0,1.05,5.38,0
2024-10-10 18:00:00,HAM_001,HAM_001_ROBOT_1,27,9.67,0.9674,0,0,0.68,4.15,0
2024-10-10 19:00:00,MUC_001,MUC_001_ROBOT_1,10,11.95,0.9501,1,0,1.82,5.31,0
2024-10-10 19:00:00,BER_001,BER_001_ROBOT_1,5,8.56,0.7553,6,18,1.82,5.66,1
2024-10-10 19:00:00,HAM_001,HAM_001_ROBOT_1,14,10.6,0.9736,2,0,0.78,4.84,0
2024-10-10 20:00:00,MUC_001,MUC_001_ROBOT_1,15,11.5,0.9804,0,0,0.67,5.62,0
2024-10-10 20:00:00,BER_001,BER_001_ROBOT_1,19,11.91,0.9522,2,0,1.4,4.74,0
2024-10-10 20:00:00,HAM_001,HAM_001_ROBOT_1,14,11.34,0.9634,1,0,1.48,4.34,0
2024-10-10 21:00:00,MUC_001,MUC_001_ROBOT_1,18,9.05,0.9604,1,0,1.15,4.81,0
2024-10-10 21:00:00,BER_001,BER_001_ROBOT_1,23,10.33,0.9868,2,0,1.96,5.74,0
2024-10-10 21:00:00,HAM_001,HAM_001_ROBOT_1,20,11.66,0.9629,0,0,0.5,4.0,0
2024-10-10 22:00:00,MUC_001,MUC_001_ROBOT_1,21,10.16,0.9698,0,0,0.88,5.91,0
2024-10-10 22:00:00,BER_001,BER_001_ROBOT_1,22,8.16,0.9581,0,0,0.97,4.06,0
2024-10-10 22:00:00,HAM_001,HAM_001_ROBOT_1,27,10.52,0.9873,0,0,1.96,5.72,0
2024-10-10 23:00:00,MUC_001,MUC_001_ROBOT_1,13,10.27,0.9631,1,0,0.55,5.54,0
2024-10-10 23:00:00,BER_001,BER_001_ROBOT_1,18,9.2,0.9523,2,0,0.92,5.62,0
2024-10-10 23:00:00,HAM_001,HAM_001_ROBOT_1,29,11.37,0.9693,1,0,1.05,5.67,0
2024-10-11 00:00:00,MUC_001,MUC_001_ROBOT_1,21,10.07,0.9837,2,0,1.99,4.98,0
2024-10-11 00:00:00,BER_001,BER_001_ROBOT_1,19,8.3,0.9634,1,0,1.45,5.48,0
2024-10-11 00:00:00,HAM_001,HAM_001_ROBOT_1,11,11.62,0.9562,1,0,1.01,4.85,0
2024-10-11 01:00:00,MUC_001,MUC_001_ROBOT_1,15,11.4,0.981,2,0,0.57,5.42,0
2024-10-11 01:00:00,BER_001,BER_001_ROBOT_1,27,8.99,0.9515,0,0,1.62,5.57,0
2024-10-11 01:00:00,HAM_001,HAM_001_ROBOT_1,24,10.85,0.9713,0,0,0.79,4.33,0
2024-10-11 02:00:00,MUC_001,MUC_001_ROBOT_1,25,10.59,0.9545,2,0,0.66,5.46,0
2024-10-11 02:00:00,BER_001,BER_001_ROBOT_1,15,8.03,0.9645,1,0,0.54,4.72,0
2024-10-11 02:00:00,HAM_001,HAM_001_ROBOT_1,22,8.83,0.9694,1,0,1.87,4.82,0
2024-10-11 03:00:00,MUC_001,MUC_001_ROBOT_1,17,8.72,0.9854,2,0,1.24,4.22,0
2024-10-11 03:00:00,BER_001,BER_001_ROBOT_1,11,9.63,0.9834,2,0,1.33,4.29,0
2024-10-11 03:00:00,HAM_001,HAM_001_ROBOT_1,27,11.65,0.9645,2,0,0.95,5.43,0
2024-10-11 04:00:00,MUC_001,MUC_001_ROBOT_1,21,8.12,0.9868,1,0,1.78,5.3,0
2024-10-11 04:00:00,BER_001,BER_001_ROBOT_1,26,11.37,0.9817,2,0,1.93,5.89,0
2024-10-11 04:00:00,HAM_001,HAM_001_ROBOT_1,1,10.59,0.8389,4,50,2.0,5.84,1
2024-10-11 05:00:00,MUC_001,MUC_001_ROBOT_1,25,11.37,0.9622,2,0,1.11,5.71,0
2024-10-11 05:00:00,BER_001,BER_001_ROBOT_1,20,8.1,0.9693,1,0,0.65,4.85,0
2024-10-11 05:00:00,HAM_001,HAM_001_ROBOT_1,5,10.62,0.8069,3,52,1.6,5.84,1
2024-10-11 06:00:00,MUC_001,MUC_001_ROBOT_1,11,8.68,0.9771,0,0,1.38,4.67,0
2024-10-11 06:00:00,BER_001,BER_001_ROBOT_1,13,11.33,0.9884,0,0,1.12,5.44,0
2024-10-11 06:00:00,HAM_001,HAM_001_ROBOT_1,12,8.54,0.9802,2,0,1.81,5.83,0
2024-10-11 07:00:00,MUC_001,MUC_001_ROBOT_1,10,11.39,0.9672,0,0,1.98,4.72,0
2024-10-11 07:00:00,BER_001,BER_001_ROBOT_1,24,8.97,0.9567,2,0,1.66,4.91,0
2024-10-11 07:00:00,HAM_001,HAM_001_ROBOT_1,30,8.31,0.9786,0,0,1.66,5.28,0
2024-10-11 08:00:00,MUC_001,MUC_001_ROBOT_1,24,9.9,0.9733,0,0,0.91,5.27,0
2024-10-11 08:00:00,BER_001,BER_001_ROBOT_1,10,8.87,0.9755,1,0,1.68,4.85,0
2024-10-11 08:00:00,HAM_001,HAM_001_ROBOT_1,16,9.26,0.9641,2,0,1.29,5.32,0
2024-10-11 09:00:00,MUC_001,MUC_001_ROBOT_1,17,9.0,0.9726,0,0,1.41,4.84,0
2024-10-11 09:00:00,BER_001,BER_001_ROBOT_1,27,11.86,0.9808,0,0,1.62,4.36,0
2024-10-11 09:00:00,HAM_001,HAM_001_ROBOT_1,10,10.75,0.9818,1,0,1.28,5.86,0
2024-10-11 10:00:00,MUC_001,MUC_001_ROBOT_1,15,10.36,0.9682,2,0,1.56,5.87,0
2024-10-11 10:00:00,BER_001,BER_001_ROBOT_1,11,11.43,0.9558,1,0,0.94,5.02,0
2024-10-11 10:00:00,HAM_001,HAM_001_ROBOT_1,22,8.0,0.9886,1,0,0.58,4.12,0
2024-10-11 11:00:00,MUC_001,MUC_001_ROBOT_1,12,11.25,0.9622,1,0,1.51,5.41,0
2024-10-11 11:00:00,BER_001,BER_001_ROBOT_1,24,8.81,0.9792,1,0,1.89,4.8,0
2024-10-11 11:00:00,HAM_001,HAM_001_ROBOT_1,10,10.07,0.9587,0,0,0.96,5.91,0
2024-10-11 12:00:00,MUC_001,MUC_001_ROBOT_1,10,11.1,0.9691,1,0,0.78,5.73,0
2024-10-11 12:00:00,BER_001,BER_001_ROBOT_1,5,8.59,0.827,7,53,0.99,4.75,1
2024-10-11 12:00:00,HAM_001,HAM_001_ROBOT_1,28,11.56,0.9612,1,0,1.34,5.29,0
2024-10-11 13:00:00,MUC_001,MUC_001_ROBOT_1,29,9.9,0.9892,0,0,1.67,4.65,0
2024-10-11 13:00:00,BER_001,BER_001_ROBOT_1,16,8.04,0.9726,2,0,1.53,4.96,0
2024-10-11 13:00:00,HAM_001,HAM_001_ROBOT_1,21,10.14,0.9619,1,0,1.5,4.15,0
2024-10-11 14:00:00,MUC_001,MUC_001_ROBOT_1,0,10.97,0.7839,4,52,0.95,5.91,1
2024-10-11 14:00:00,BER_001,BER_001_ROBOT_1,29,10.04,0.9815,0,0,1.23,5.05,0
2024-10-11 14:00:00,HAM_001,HAM_001_ROBOT_1,11,8.58,0.9774,2,0,0.55,4.62,0
2024-10-11 15:00:00,MUC_001,MUC_001_ROBOT_1,23,10.37,0.9586,1,0,0.82,5.99,0
2024-10-11 15:00:00,BER_001,BER_001_ROBOT_1,17,8.37,0.9719,2,0,1.64,4.09,0
2024-10-11 15:00:00,HAM_001,HAM_001_ROBOT_1,4,10.13,0.7947,10,52,1.7,4.71,1
2024-10-11 16:00:00,MUC_001,MUC_001_ROBOT_1,10,11.82,0.9828,1,0,0.51,5.01,0
2024-10-11 16:00:00,BER_001,BER_001_ROBOT_1,15,10.44,0.9617,2,0,1.5,5.89,0
2024-10-11 16:00:00,HAM_001,HAM_001_ROBOT_1,0,10.68,0.7813,10,38,1.39,4.7,1
2024-10-11 17:00:00,MUC_001,MUC_001_ROBOT_1,23,9.93,0.9708,1,0,1.62,5.81,0
2024-10-11 17:00:00,BER_001,BER_001_ROBOT_1,21,10.76,0.9803,1,0,1.41,5.82,0
2024-10-11 17:00:00,HAM_001,HAM_001_ROBOT_1,14,8.07,0.9581,1,0,1.23,4.09,0
2024-10-11 18:00:00,MUC_001,MUC_001_ROBOT_1,17,8.52,0.9897,2,0,1.75,5.04,0
2024-10-11 18:00:00,BER_001,BER_001_ROBOT_1,2,11.73,0.7926,4,20,1.07,4.38,1
2024-10-11 18:00:00,HAM_001,HAM_001_ROBOT_1,12,11.48,0.9587,0,0,1.2,5.73,0
2024-10-11 19:00:00,MUC_001,MUC_001_ROBOT_1,13,8.61,0.9611,2,0,0.94,5.47,0
2024-10-11 19:00:00,BER_001,BER_001_ROBOT_1,30,8.95,0.9599,1,0,1.64,5.89,0
2024-10-11 19:00:00,HAM_001,HAM_001_ROBOT_1,27,10.07,0.9883,2,0,1.85,4.01,0
2024-10-11 20:00:00,MUC_001,MUC_001_ROBOT_1,30,10.16,0.9867,2,0,1.08,5.54,0
2024-10-11 20:00:00,BER_001,BER_001_ROBOT_1,20,11.93,0.9529,1,0,1.81,5.69,0
2024-10-11 20:00:00,HAM_001,HAM_001_ROBOT_1,23,9.81,0.9863,2,0,0.78,4.43,0
2024-10-11 21:00:00,MUC_001,MUC_001_ROBOT_1,10,8.01,0.9647,2,0,0.81,5.42,0
2024-10-11 21:00:00,BER_001,BER_001_ROBOT_1,29,9.61,0.9662,0,0,1.02,4.48,0
2024-10-11 21:00:00,HAM_001,HAM_001_ROBOT_1,25,9.8,0.9699,1,0,1.6,5.58,0
2024-10-11 22:00:00,MUC_001,MUC_001_ROBOT_1,10,8.75,0.9777,0,0,1.15,5.12,0
2024-10-11 22:00:00,BER_001,BER_001_ROBOT_1,10,9.34,0.9616,0,0,0.53,5.01,0
2024-10-11 22:00:00,HAM_001,HAM_001_ROBOT_1,27,11.84,0.9798,0,0,1.86,5.73,0
2024-10-11 23:00:00,MUC_001,MUC_001_ROBOT_1,27,11.31,0.9623,1,0,1.29,5.35,0
2024-10-11 23:00:00,BER_001,BER_001_ROBOT_1,16,11.34,0.9563,2,0,0.64,4.54,0
2024-10-11 23:00:00,HAM_001,HAM_001_ROBOT_1,5,8.81,0.771,6,31,1.84,4.68,1
2024-10-12 00:00:00,MUC_001,MUC_001_ROBOT_1,18,10.46,0.9892,2,0,1.97,5.2,0
2024-10-12 00:00:00,BER_001,BER_001_ROBOT_1,13,9.32,0.9797,2,0,0.74,5.06,0
2024-10-12 00:00:00,HAM_001,HAM_001_ROBOT_1,25,10.1,0.9767,0,0,1.47,4.14,0
2024-10-12 01:00:00,MUC_001,MUC_001_ROBOT_1,19,10.73,0.9501,0,0,1.1,5.33,0
2024-10-12 01:00:00,BER_001,BER_001_ROBOT_1,25,8.8,0.9617,0,0,0.82,4.26,0
2024-10-12 01:00:00,HAM_001,HAM_001_ROBOT_1,26,10.58,0.9591,0,0,1.72,4.19,0
2024-10-12 02:00:00,MUC_001,MUC_001_ROBOT_1,26,10.97,0.9825,2,0,1.27,5.5,0
2024-10-12 02:00:00,BER_001,BER_001_ROBOT_1,26,9.91,0.9851,2,0,1.08,4.81,0
2024-10-12 02:00:00,HAM_001,HAM_001_ROBOT_1,11,8.63,0.9675,2,0,1.3,4.16,0
2024-10-12 03:00:00,MUC_001,MUC_001_ROBOT_1,16,9.4,0.966,1,0,0.63,5.9,0
2024-10-12 03:00:00,BER_001,BER_001_ROBOT_1,25,10.2,0.9847,2,0,1.2,5.05,0
2024-10-12 03:00:00,HAM_001,HAM_001_ROBOT_1,17,9.05,0.9686,2,0,1.12,4.11,0
2024-10-12 04:00:00,MUC_001,MUC_001_ROBOT_1,14,8.29,0.9798,1,0,0.86,4.37,0
2024-10-12 04:00:00,BER_001,BER_001_ROBOT_1,30,11.11,0.9566,1,0,1.09,5.83,0
2024-10-12 04:00:00,HAM_001,HAM_001_ROBOT_1,16,10.88,0.9603,2,0,0.51,5.62,0
2024-10-12 05:00:00,MUC_001,MUC_001_ROBOT_1,10,8.49,0.9671,0,0,0.82,5.81,0
2024-10-12 05:00:00,BER_001,BER_001_ROBOT_1,15,8.82,0.9871,1,0,1.87,4.61,0
2024-10-12 05:00:00,HAM_001,HAM_001_ROBOT_1,18,9.47,0.9871,2,0,0.85,4.84,0
2024-10-12 06:00:00,MUC_001,MUC_001_ROBOT_1,25,10.65,0.9817,0,0,1.94,5.98,0
2024-10-12 06:00:00,BER_001,BER_001_ROBOT_1,14,10.15,0.9662,0,0,0.74,5.34,0
2024-10-12 06:00:00,HAM_001,HAM_001_ROBOT_1,16,8.03,0.9521,2,0,0.55,5.63,0
2024-10-12 07:00:00,MUC_001,MUC_001_ROBOT_1,13,10.54,0.9886,1,0,1.96,5.33,0
2024-10-12 07:00:00,BER_001,BER_001_ROBOT_1,27,9.03,0.9559,2,0,1.72,5.03,0
2024-10-12 07:00:00,HAM_001,HAM_001_ROBOT_1,13,11.91,0.9695,2,0,1.17,5.29,0
2024-10-12 08:00:00,MUC_001,MUC_001_ROBOT_1,18,10.06,0.9788,2,0,0.68,4.81,0
2024-10-12 08:00:00,BER_001,BER_001_ROBOT_1,24,11.29,0.9869,2,0,1.77,4.97,0
2024-10-12 08:00:00,HAM_001,HAM_001_ROBOT_1,10,8.46,0.9695,2,0,1.46,4.66,0
2024-10-12 09:00:00,MUC_001,MUC_001_ROBOT_1,16,11.0,0.9748,0,0,1.35,5.47,0
2024-10-12 09:00:00,BER_001,BER_001_ROBOT_1,18,9.71,0.9578,0,0,0.68,4.32,0
2024-10-12 09:00:00,HAM_001,HAM_001_ROBOT_1,30,11.9,0.9761,1,0,1.51,4.17,0
2024-10-12 10:00:00,MUC_001,MUC_001_ROBOT_1,16,8.33,0.9795,1,0,1.38,4.11,0
2024-10-12 10:00:00,BER_001,BER_001_ROBOT_1,22,11.74,0.9848,0,0,0.74,5.84,0
2024-10-12 10:00:00,HAM_001,HAM_001_ROBOT_1,12,10.91,0.9699,0,0,1.15,4.98,0
2024-10-12 11:00:00,MUC_001,MUC_001_ROBOT_1,27,9.37,0.9639,2,0,1.22,4.39,0
2024-10-12 11:00:00,BER_001,BER_001_ROBOT_1,24,11.1,0.9725,0,0,1.35,5.35,0
2024-10-12 11:00:00,HAM_001,HAM_001_ROBOT_1,10,10.13,0.9574,1,0,1.72,4.15,0
2024-10-12 12:00:00,MUC_001,MUC_001_ROBOT_1,30,10.16,0.9579,0,0,1.5,5.36,0
2024-10-12 12:00:00,BER_001,BER_001_ROBOT_1,28,8.17,0.967,1,0,1.97,4.57,0
2024-10-12 12:00:00,HAM_001,HAM_001_ROBOT_1,20,11.45,0.9785,0,0,1.0,4.19,0
2024-10-12 13:00:00,MUC_001,MUC_001_ROBOT_1,28,8.14,0.9714,1,0,0.64,4.02,0
2024-10-12 13:00:00,BER_001,BER_001_ROBOT_1,20,9.97,0.9698,2,0,1.55,4.04,0
2024-10-12 13:00:00,HAM_001,HAM_001_ROBOT_1,27,10.68,0.9762,1,0,0.99,4.78,0
2024-10-12 14:00:00,MUC_001,MUC_001_ROBOT_1,23,11.89,0.9545,1,0,1.95,5.22,0
2024-10-12 14:00:00,BER_001,BER_001_ROBOT_1,18,8.54,0.9716,1,0,0.82,4.6,0
2024-10-12 14:00:00,HAM_001,HAM_001_ROBOT_1,10,8.63,0.9686,1,0,1.23,4.04,0
2024-10-12 15:00:00,MUC_001,MUC_001_ROBOT_1,25,9.64,0.9848,0,0,1.44,5.42,0
2024-10-12 15:00:00,BER_001,BER_001_ROBOT_1,13,10.7,0.9585,2,0,0.66,5.63,0
2024-10-12 15:00:00,HAM_001,HAM_001_ROBOT_1,29,11.9,0.9849,0,0,1.64,5.15,0
2024-10-12 16:00:00,MUC_001,MUC_001_ROBOT_1,17,10.19,0.9893,1,0,0.89,4.68,0
2024-10-12 16:00:00,BER_001,BER_001_ROBOT_1,29,11.97,0.9766,0,0,1.44,4.68,0
2024-10-12 16:00:00,HAM_001,HAM_001_ROBOT_1,24,9.92,0.9709,0,0,1.1,5.56,0
2024-10-12 17:00:00,MUC_001,MUC_001_ROBOT_1,22,10.64,0.988,0,0,0.88,4.28,0
2024-10-12 17:00:00,BER_001,BER_001_ROBOT_1,16,11.81,0.9637,0,0,1.28,4.75,0
2024-10-12 17:00:00,HAM_001,HAM_001_ROBOT_1,16,10.65,0.9586,0,0,1.34,5.11,0
2024-10-12 18:00:00,MUC_001,MUC_001_ROBOT_1,10,9.31,0.9815,2,0,1.31,5.82,0
2024-10-12 18:00:00,BER_001,BER_001_ROBOT_1,14,8.83,0.9688,0,0,1.88,4.37,0
2024-10-12 18:00:00,HAM_001,HAM_001_ROBOT_1,14,11.18,0.9835,2,0,0.86,4.36,0
2024-10-12 19:00:00,MUC_001,MUC_001_ROBOT_1,21,9.56,0.9519,0,0,0.55,5.48,0
2024-10-12 19:00:00,BER_001,BER_001_ROBOT_1,25,9.0,0.9793,2,0,1.28,4.45,0
2024-10-12 19:00:00,HAM_001,HAM_001_ROBOT_1,10,8.6,0.9583,0,0,0.65,4.15,0
2024-10-12 20:00:00,MUC_001,MUC_001_ROBOT_1,14,9.12,0.9866,1,0,0.51,5.33,0
2024-10-12 20:00:00,BER_001,BER_001_ROBOT_1,30,9.19,0.9736,2,0,1.73,4.37,0
2024-10-12 20:00:00,HAM_001,HAM_001_ROBOT_1,11,10.31,0.9737,1,0,1.25,4.07,0
2024-10-12 21:00:00,MUC_001,MUC_001_ROBOT_1,20,8.84,0.9697,2,0,1.0,5.98,0
2024-10-12 21:00:00,BER_001,BER_001_ROBOT_1,27,10.22,0.9859,0,0,1.45,5.15,0
2024-10-12 21:00:00,HAM_001,HAM_001_ROBOT_1,14,10.82,0.9546,2,0,1.36,4.99,0
2024-10-12 22:00:00,MUC_001,MUC_001_ROBOT_1,13,8.7,0.9792,0,0,0.95,4.32,0
2024-10-12 22:00:00,BER_001,BER_001_ROBOT_1,27,9.58,0.9553,0,0,1.56,5.56,0
2024-10-12 22:00:00,HAM_001,HAM_001_ROBOT_1,10,11.36,0.9813,0,0,0.51,4.81,0
2024-10-12 23:00:00,MUC_001,MUC_001_ROBOT_1,25,9.02,0.9742,2,0,0.78,4.12,0
2024-10-12 23:00:00,BER_001,BER_001_ROBOT_1,18,11.56,0.9764,1,0,0.94,5.41,0
2024-10-12 23:00:00,HAM_001,HAM_001_ROBOT_1,17,11.23,0.9509,0,0,0.95,4.03,0
2024-10-13 00:00:00,MUC_001,MUC_001_ROBOT_1,18,9.32,0.9753,2,0,1.68,4.45,0
2024-10-13 00:00:00,BER_001,BER_001_ROBOT_1,21,11.19,0.9565,0,0,1.75,4.99,0
2024-10-13 00:00:00,HAM_001,HAM_001_ROBOT_1,22,11.64,0.9893,1,0,1.87,5.25,0
2024-10-13 01:00:00,MUC_001,MUC_001_ROBOT_1,24,11.22,0.9885,2,0,1.12,5.83,0
2024-10-13 01:00:00,BER_001,BER_001_ROBOT_1,10,9.87,0.953,2,0,1.39,4.5,0
2024-10-13 01:00:00,HAM_001,HAM_001_ROBOT_1,25,11.7,0.981,0,0,1.8,5.96,0
2024-10-13 02:00:00,MUC_001,MUC_001_ROBOT_1,11,10.06,0.9801,1,0,1.78,5.31,0
2024-10-13 02:00:00,BER_001,BER_001_ROBOT_1,28,8.76,0.9571,2,0,1.33,4.61,0
2024-10-13 02:00:00,HAM_001,HAM_001_ROBOT_1,21,11.38,0.9797,1,0,1.52,5.87,0
2024-10-13 03:00:00,MUC_001,MUC_001_ROBOT_1,10,10.13,0.9604,1,0,1.11,5.1,0
2024-10-13 03:00:00,BER_001,BER_001_ROBOT_1,2,11.99,0.7176,9,56,0.87,4.84,1
2024-10-13 03:00:00,HAM_001,HAM_001_ROBOT_1,10,9.13,0.9725,2,0,1.61,4.99,0
2024-10-13 04:00:00,MUC_001,MUC_001_ROBOT_1,15,11.13,0.9675,2,0,1.76,4.84,0
2024-10-13 04:00:00,BER_001,BER_001_ROBOT_1,10,11.66,0.9538,0,0,1.68,4.57,0
2024-10-13 04:00:00,HAM_001,HAM_001_ROBOT_1,28,11.21,0.9878,2,0,1.13,5.81,0
2024-10-13 05:00:00,MUC_001,MUC_001_ROBOT_1,27,10.51,0.9846,2,0,0.68,4.34,0
2024-10-13 05:00:00,BER_001,BER_001_ROBOT_1,12,8.56,0.9635,2,0,1.04,4.94,0
2024-10-13 05:00:00,HAM_001,HAM_001_ROBOT_1,15,10.17,0.9572,2,0,1.83,4.55,0
2024-10-13 06:00:00,MUC_001,MUC_001_ROBOT_1,14,9.01,0.968,2,0,0.82,5.45,0
2024-10-13 06:00:00,BER_001,BER_001_ROBOT_1,26,11.12,0.9519,0,0,0.75,5.44,0
2024-10-13 06:00:00,HAM_001,HAM_001_ROBOT_1,29,10.63,0.9508,1,0,1.21,4.28,0
2024-10-13 07:00:00,MUC_001,MUC_001_ROBOT_1,20,9.02,0.9628,0,0,0.96,5.37,0
2024-10-13 07:00:00,BER_001,BER_001_ROBOT_1,21,9.64,0.9839,2,0,0.78,4.47,0
2024-10-13 07:00:00,HAM_001,HAM_001_ROBOT_1,15,11.26,0.9661,2,0,0.51,4.55,0
2024-10-13 08:00:00,MUC_001,MUC_001_ROBOT_1,12,10.29,0.9703,0,0,0.79,4.05,0
2024-10-13 08:00:00,BER_001,BER_001_ROBOT_1,14,8.08,0.9738,0,0,1.25,4.06,0
2024-10-13 08:00:00,HAM_001,HAM_001_ROBOT_1,24,9.37,0.9882,1,0,0.6,4.93,0
2024-10-13 09:00:00,MUC_001,MUC_001_ROBOT_1,28,8.2,0.9727,1,0,1.36,4.75,0
2024-10-13 09:00:00,BER_001,BER_001_ROBOT_1,12,10.17,0.99,2,0,0.9,4.57,0
2024-10-13 09:00:00,HAM_001,HAM_001_ROBOT_1,19,9.52,0.9528,0,0,1.12,5.04,0
2024-10-13 10:00:00,MUC_001,MUC_001_ROBOT_1,13,8.55,0.9608,0,0,0.86,4.47,0
2024-10-13 10:00:00,BER_001,BER_001_ROBOT_1,16,11.47,0.9779,0,0,1.89,5.34,0
2024-10-13 10:00:00,HAM_001,HAM_001_ROBOT_1,30,8.54,0.9769,0,0,1.02,4.9,0
2024-10-13 11:00:00,MUC_001,MUC_001_ROBOT_1,29,8.85,0.9642,1,0,0.77,5.57,0
2024-10-13 11:00:00,BER_001,BER_001_ROBOT_1,14,11.12,0.9768,2,0,0.77,5.33,0
2024-10-13 11:00:00,HAM_001,HAM_001_ROBOT_1,21,11.55,0.9575,2,0,0.65,4.94,0
2024-10-13 12:00:00,MUC_001,MUC_001_ROBOT_1,24,10.49,0.9662,0,0,1.31,4.26,0
2024-10-13 12:00:00,BER_001,BER_001_ROBOT_1,13,10.51,0.9594,2,0,1.57,4.08,0
2024-10-13 12:00:00,HAM_001,HAM_001_ROBOT_1,14,9.29,0.9791,0,0,1.43,5.36,0
2024-10-13 13:00:00,MUC_001,MUC_001_ROBOT_1,23,8.28,0.9876,0,0,1.43,4.41,0
2024-10-13 13:00:00,BER_001,BER_001_ROBOT_1,21,11.48,0.9597,0,0,1.84,5.03,0
2024-10-13 13:00:00,HAM_001,HAM_001_ROBOT_1,19,9.06,0.9754,0,0,1.08,4.67,0
2024-10-13 14:00:00,MUC_001,MUC_001_ROBOT_1,20,9.37,0.9737,2,0,1.75,4.32,0
2024-10-13 14:00:00,BER_001,BER_001_ROBOT_1,29,11.27,0.9723,0,0,1.82,4.92,0
2024-10-13 14:00:00,HAM_001,HAM_001_ROBOT_1,19,9.8,0.9567,0,0,0.78,5.0,0
2024-10-13 15:00:00,MUC_001,MUC_001_ROBOT_1,26,11.27,0.9732,2,0,1.6,4.45,0
2024-10-13 15:00:00,BER_001,BER_001_ROBOT_1,18,10.69,0.9562,2,0,1.58,5.1,0
2024-10-13 15:00:00,HAM_001,HAM_001_ROBOT_1,27,10.39,0.9573,1,0,1.27,4.11,0
2024-10-13 16:00:00,MUC_001,MUC_001_ROBOT_1,13,8.81,0.9682,0,0,1.91,4.58,0
2024-10-13 16:00:00,BER_001,BER_001_ROBOT_1,17,11.93,0.9598,0,0,1.72,5.15,0
2024-10-13 16:00:00,HAM_001,HAM_001_ROBOT_1,23,11.96,0.9881,0,0,1.11,4.63,0
2024-10-13 17:00:00,MUC_001,MUC_001_ROBOT_1,12,8.26,0.9535,2,0,1.15,5.34,0
2024-10-13 17:00:00,BER_001,BER_001_ROBOT_1,15,8.77,0.9637,1,0,1.25,4.31,0
2024-10-13 17:00:00,HAM_001,HAM_001_ROBOT_1,10,10.72,0.966,2,0,0.5,5.75,0
2024-10-13 18:00:00,MUC_001,MUC_001_ROBOT_1,15,11.52,0.9824,0,0,0.53,5.48,0
2024-10-13 18:00:00,BER_001,BER_001_ROBOT_1,29,8.89,0.9576,2,0,0.7,5.94,0
2024-10-13 18:00:00,HAM_001,HAM_001_ROBOT_1,10,10.93,0.9623,2,0,1.45,4.2,0
2024-10-13 19:00:00,MUC_001,MUC_001_ROBOT_1,28,9.39,0.9742,1,0,1.61,4.31,0
2024-10-13 19:00:00,BER_001,BER_001_ROBOT_1,27,9.52,0.964,2,0,1.34,5.22,0
2024-10-13 19:00:00,HAM_001,HAM_001_ROBOT_1,20,8.17,0.977,1,0,1.84,5.61,0
2024-10-13 20:00:00,MUC_001,MUC_001_ROBOT_1,26,11.25,0.9547,2,0,0.54,4.12,0
2024-10-13 20:00:00,BER_001,BER_001_ROBOT_1,16,8.02,0.9595,2,0,1.09,5.78,0
2024-10-13 20:00:00,HAM_001,HAM_001_ROBOT_1,26,9.16,0.9881,2,0,1.91,5.8,0
2024-10-13 21:00:00,MUC_001,MUC_001_ROBOT_1,13,9.87,0.9612,2,0,1.06,4.91,0
2024-10-13 21:00:00,BER_001,BER_001_ROBOT_1,19,8.21,0.9513,2,0,1.69,4.48,0
2024-10-13 21:00:00,HAM_001,HAM_001_ROBOT_1,11,11.14,0.9669,1,0,0.59,5.16,0
2024-10-13 22:00:00,MUC_001,MUC_001_ROBOT_1,14,10.62,0.9582,2,0,1.9,4.9,0
2024-10-13 22:00:00,BER_001,BER_001_ROBOT_1,30,8.49,0.9784,0,0,1.98,5.83,0
2024-10-13 22:00:00,HAM_001,HAM_001_ROBOT_1,20,9.02,0.9597,0,0,0.53,4.94,0
2024-10-13 23:00:00,MUC_001,MUC_001_ROBOT_1,15,11.22,0.9895,1,0,1.35,5.58,0
2024-10-13 23:00:00,BER_001,BER_001_ROBOT_1,25,11.23,0.9836,2,0,0.7,4.95,0
2024-10-13 23:00:00,HAM_001,HAM_001_ROBOT_1,13,9.88,0.9774,0,0,0.72,5.81,0
2024-10-14 00:00:00,MUC_001,MUC_001_ROBOT_1,14,8.89,0.9739,0,0,0.86,5.09,0
2024-10-14 00:00:00,BER_001,BER_001_ROBOT_1,28,10.32,0.9709,2,0,0.79,5.1,0
2024-10-14 00:00:00,HAM_001,HAM_001_ROBOT_1,12,10.51,0.9848,1,0,1.33,5.7,0
2024-10-14 01:00:00,MUC_001,MUC_001_ROBOT_1,16,11.46,0.9827,0,0,1.28,4.82,0
2024-10-14 01:00:00,BER_001,BER_001_ROBOT_1,18,9.44,0.9796,2,0,1.27,5.84,0
2024-10-14 01:00:00,HAM_001,HAM_001_ROBOT_1,10,10.34,0.9556,0,0,1.69,4.13,0
2024-10-14 02:00:00,MUC_001,MUC_001_ROBOT_1,16,9.48,0.9861,1,0,0.7,5.81,0
2024-10-14 02:00:00,BER_001,BER_001_ROBOT_1,29,11.73,0.982,1,0,0.56,5.1,0
2024-10-14 02:00:00,HAM_001,HAM_001_ROBOT_1,19,11.02,0.9556,2,0,1.47,4.24,0
2024-10-14 03:00:00,MUC_001,MUC_001_ROBOT_1,4,8.22,0.7247,3,37,1.02,5.13,1
2024-10-14 03:00:00,BER_001,BER_001_ROBOT_1,30,8.33,0.9695,2,0,0.88,4.23,0
2024-10-14 03:00:00,HAM_001,HAM_001_ROBOT_1,22,8.36,0.9624,2,0,1.68,4.92,0
2024-10-14 04:00:00,MUC_001,MUC_001_ROBOT_1,21,11.81,0.9583,0,0,0.67,4.06,0
2024-10-14 04:00:00,BER_001,BER_001_ROBOT_1,24,10.34,0.9514,0,0,1.69,5.11,0
2024-10-14 04:00:00,HAM_001,HAM_001_ROBOT_1,22,10.27,0.9582,0,0,1.6,4.72,0
2024-10-14 05:00:00,MUC_001,MUC_001_ROBOT_1,30,9.45,0.9687,2,0,1.06,5.36,0
2024-10-14 05:00:00,BER_001,BER_001_ROBOT_1,11,10.36,0.9818,0,0,0.52,5.15,0
2024-10-14 05:00:00,HAM_001,HAM_001_ROBOT_1,12,9.11,0.9612,1,0,0.55,5.26,0
2024-10-14 06:00:00,MUC_001,MUC_001_ROBOT_1,19,10.51,0.9672,1,0,1.04,4.22,0
2024-10-14 06:00:00,BER_001,BER_001_ROBOT_1,11,10.3,0.9643,0,0,0.61,6.0,0
2024-10-14 06:00:00,HAM_001,HAM_001_ROBOT_1,24,10.04,0.9818,0,0,1.91,5.02,0
2024-10-14 07:00:00,MUC_001,MUC_001_ROBOT_1,15,9.28,0.9832,2,0,0.87,5.09,0
2024-10-14 07:00:00,BER_001,BER_001_ROBOT_1,16,11.66,0.9792,2,0,1.95,4.98,0
2024-10-14 07:00:00,HAM_001,HAM_001_ROBOT_1,16,9.76,0.9561,0,0,0.91,4.84,0
2024-10-14 08:00:00,MUC_001,MUC_001_ROBOT_1,19,9.23,0.9868,2,0,1.27,4.18,0
2024-10-14 08:00:00,BER_001,BER_001_ROBOT_1,16,8.35,0.9875,1,0,0.63,4.46,0
2024-10-14 08:00:00,HAM_001,HAM_001_ROBOT_1,23,8.21,0.9649,2,0,1.87,4.88,0
2024-10-14 09:00:00,MUC_001,MUC_001_ROBOT_1,2,11.28,0.8108,8,52,1.21,4.41,1
2024-10-14 09:00:00,BER_001,BER_001_ROBOT_1,20,10.87,0.9658,2,0,0.8,4.83,0
2024-10-14 09:00:00,HAM_001,HAM_001_ROBOT_1,15,8.01,0.9894,0,0,1.67,4.25,0
2024-10-14 10:00:00,MUC_001,MUC_001_ROBOT_1,12,8.64,0.9871,0,0,1.77,5.42,0
2024-10-14 10:00:00,BER_001,BER_001_ROBOT_1,10,8.88,0.9606,0,0,1.94,4.06,0
2024-10-14 10:00:00,HAM_001,HAM_001_ROBOT_1,10,11.38,0.9664,2,0,1.78,4.05,0
2024-10-14 11:00:00,MUC_001,MUC_001_ROBOT_1,12,9.3,0.988,2,0,0.81,4.63,0
2024-10-14 11:00:00,BER_001,BER_001_ROBOT_1,27,11.43,0.9654,2,0,1.61,4.92,0
2024-10-14 11:00:00,HAM_001,HAM_001_ROBOT_1,28,8.02,0.9785,2,0,1.51,5.32,0
2024-10-14 12:00:00,MUC_001,MUC_001_ROBOT_1,29,9.0,0.9621,2,0,0.77,5.76,0
2024-10-14 12:00:00,BER_001,BER_001_ROBOT_1,27,11.52,0.9549,1,0,1.52,5.07,0
2024-10-14 12:00:00,HAM_001,HAM_001_ROBOT_1,17,10.03,0.9664,1,0,1.86,4.96,0
2024-10-14 13:00:00,MUC_001,MUC_001_ROBOT_1,14,11.66,0.9701,0,0,1.65,4.58,0
2024-10-14 13:00:00,BER_001,BER_001_ROBOT_1,17,10.73,0.9849,0,0,1.48,5.8,0
2024-10-14 13:00:00,HAM_001,HAM_001_ROBOT_1,26,11.96,0.955,1,0,1.38,5.98,0
2024-10-14 14:00:00,MUC_001,MUC_001_ROBOT_1,27,9.68,0.9603,2,0,1.73,5.59,0
2024-10-14 14:00:00,BER_001,BER_001_ROBOT_1,13,10.51,0.9633,2,0,1.99,5.39,0
2024-10-14 14:00:00,HAM_001,HAM_001_ROBOT_1,21,11.37,0.9666,2,0,0.94,4.54,0
2024-10-14 15:00:00,MUC_001,MUC_001_ROBOT_1,29,10.31,0.9652,0,0,0.96,4.78,0
2024-10-14 15:00:00,BER_001,BER_001_ROBOT_1,21,9.8,0.9834,2,0,1.03,5.53,0
2024-10-14 15:00:00,HAM_001,HAM_001_ROBOT_1,14,9.22,0.9889,2,0,0.54,4.38,0
2024-10-14 16:00:00,MUC_001,MUC_001_ROBOT_1,22,10.49,0.9583,2,0,1.23,4.38,0
2024-10-14 16:00:00,BER_001,BER_001_ROBOT_1,24,11.62,0.9637,0,0,0.78,4.19,0
2024-10-14 16:00:00,HAM_001,HAM_001_ROBOT_1,22,10.97,0.9859,1,0,1.51,5.0,0
2024-10-14 17:00:00,MUC_001,MUC_001_ROBOT_1,16,10.08,0.9581,2,0,1.83,5.47,0
2024-10-14 17:00:00,BER_001,BER_001_ROBOT_1,13,8.28,0.962,1,0,0.71,5.05,0
2024-10-14 17:00:00,HAM_001,HAM_001_ROBOT_1,26,11.98,0.9586,0,0,1.8,5.39,0
2024-10-14 18:00:00,MUC_001,MUC_001_ROBOT_1,28,10.25,0.9641,0,0,1.48,5.85,0
2024-10-14 18:00:00,BER_001,BER_001_ROBOT_1,10,9.45,0.9619,1,0,0.6,5.29,0
2024-10-14 18:00:00,HAM_001,HAM_001_ROBOT_1,16,9.69,0.9708,2,0,1.75,4.65,0
2024-10-14 19:00:00,MUC_001,MUC_001_ROBOT_1,15,11.18,0.9719,1,0,1.05,4.8,0
2024-10-14 19:00:00,BER_001,BER_001_ROBOT_1,11,9.3,0.98,1,0,1.69,5.53,0
2024-10-14 19:00:00,HAM_001,HAM_001_ROBOT_1,3,10.97,0.7315,5,22,1.59,5.91,1
2024-10-14 20:00:00,MUC_001,MUC_001_ROBOT_1,21,11.3,0.9572,0,0,1.66,5.04,0
2024-10-14 20:00:00,BER_001,BER_001_ROBOT_1,26,8.54,0.9566,1,0,1.11,4.95,0
2024-10-14 20:00:00,HAM_001,HAM_001_ROBOT_1,17,10.32,0.9766,1,0,0.53,5.15,0
2024-10-14 21:00:00,MUC_001,MUC_001_ROBOT_1,15,8.63,0.9602,0,0,1.15,4.44,0
2024-10-14 21:00:00,BER_001,BER_001_ROBOT_1,28,9.35,0.9702,2,0,0.55,5.97,0
2024-10-14 21:00:00,HAM_001,HAM_001_ROBOT_1,13,10.93,0.9826,1,0,1.58,4.7,0
2024-10-14 22:00:00,MUC_001,MUC_001_ROBOT_1,22,9.37,0.9842,0,0,0.64,5.84,0
2024-10-14 22:00:00,BER_001,BER_001_ROBOT_1,24,8.89,0.9625,0,0,1.73,4.73,0
2024-10-14 22:00:00,HAM_001,HAM_001_ROBOT_1,24,9.78,0.9689,0,0,0.85,5.4,0
2024-10-14 23:00:00,MUC_001,MUC_001_ROBOT_1,23,11.09,0.9793,0,0,0.54,4.59,0
2024-10-14 23:00:00,BER_001,BER_001_ROBOT_1,27,11.3,0.9685,1,0,1.55,4.89,0
2024-10-14 23:00:00,HAM_001,HAM_001_ROBOT_1,10,11.86,0.9532,2,0,1.28,5.82,0
2024-10-15 00:00:00,MUC_001,MUC_001_ROBOT_1,12,9.68,0.9608,0,0,0.71,5.43,0
2024-10-15 00:00:00,BER_001,BER_001_ROBOT_1,28,10.44,0.9875,2,0,0.55,4.84,0
2024-10-15 00:00:00,HAM_001,HAM_001_ROBOT_1,26,8.02,0.9618,2,0,0.8,4.3,0
2024-10-15 01:00:00,MUC_001,MUC_001_ROBOT_1,24,9.31,0.9741,0,0,0.93,4.26,0
2024-10-15 01:00:00,BER_001,BER_001_ROBOT_1,30,12.0,0.9709,1,0,1.8,5.33,0
2024-10-15 01:00:00,HAM_001,HAM_001_ROBOT_1,4,8.19,0.7359,8,47,1.16,5.68,1
2024-10-15 02:00:00,MUC_001,MUC_001_ROBOT_1,30,11.13,0.9783,0,0,0.81,5.58,0
2024-10-15 02:00:00,BER_001,BER_001_ROBOT_1,15,10.38,0.9842,2,0,0.57,4.87,0
2024-10-15 02:00:00,HAM_001,HAM_001_ROBOT_1,12,9.72,0.9779,2,0,1.83,4.58,0
2024-10-15 03:00:00,MUC_001,MUC_001_ROBOT_1,12,9.95,0.9751,1,0,1.64,5.73,0
2024-10-15 03:00:00,BER_001,BER_001_ROBOT_1,11,10.77,0.9751,0,0,1.41,5.73,0
2024-10-15 03:00:00,HAM_001,HAM_001_ROBOT_1,26,8.99,0.9644,0,0,0.84,5.24,0
2024-10-15 04:00:00,MUC_001,MUC_001_ROBOT_1,22,10.46,0.9693,2,0,1.57,5.62,0
2024-10-15 04:00:00,BER_001,BER_001_ROBOT_1,20,10.07,0.974,1,0,1.13,4.43,0
2024-10-15 04:00:00,HAM_001,HAM_001_ROBOT_1,30,9.29,0.9663,0,0,1.4,4.73,0
2024-10-15 05:00:00,MUC_001,MUC_001_ROBOT_1,15,11.69,0.9766,1,0,1.86,5.63,0
2024-10-15 05:00:00,BER_001,BER_001_ROBOT_1,20,9.27,0.9817,2,0,1.19,5.36,0
2024-10-15 05:00:00,HAM_001,HAM_001_ROBOT_1,25,9.23,0.9595,0,0,1.27,4.44,0
2024-10-15 06:00:00,MUC_001,MUC_001_ROBOT_1,11,8.01,0.9602,0,0,1.66,5.76,0
2024-10-15 06:00:00,BER_001,BER_001_ROBOT_1,18,9.61,0.9684,2,0,1.4,5.15,0
2024-10-15 06:00:00,HAM_001,HAM_001_ROBOT_1,13,9.93,0.9819,1,0,1.62,4.89,0
2024-10-15 07:00:00,MUC_001,MUC_001_ROBOT_1,5,9.31,0.8335,3,41,0.89,5.24,1
2024-10-15 07:00:00,BER_001,BER_001_ROBOT_1,16,10.17,0.9534,0,0,0.6,4.29,0
2024-10-15 07:00:00,HAM_001,HAM_001_ROBOT_1,27,8.13,0.9519,1,0,0.95,5.39,0
2024-10-15 08:00:00,MUC_001,MUC_001_ROBOT_1,5,9.33,0.7187,4,31,1.27,5.13,1
2024-10-15 08:00:00,BER_001,BER_001_ROBOT_1,25,8.21,0.9713,2,0,0.64,5.15,0
2024-10-15 08:00:00,HAM_001,HAM_001_ROBOT_1,10,9.95,0.9559,1,0,1.04,4.64,0
2024-10-15 09:00:00,MUC_001,MUC_001_ROBOT_1,14,9.15,0.9852,0,0,1.01,4.94,0
2024-10-15 09:00:00,BER_001,BER_001_ROBOT_1,14,11.66,0.9711,2,0,1.95,4.33,0
2024-10-15 09:00:00,HAM_001,HAM_001_ROBOT_1,28,10.63,0.9641,0,0,1.37,4.22,0
2024-10-15 10:00:00,MUC_001,MUC_001_ROBOT_1,26,11.43,0.9734,1,0,1.07,5.49,0
2024-10-15 10:00:00,BER_001,BER_001_ROBOT_1,29,9.5,0.9507,0,0,1.9,4.94,0
2024-10-15 10:00:00,HAM_001,HAM_001_ROBOT_1,16,11.89,0.9673,2,0,1.33,5.07,0
2024-10-15 11:00:00,MUC_001,MUC_001_ROBOT_1,26,8.84,0.978,2,0,1.38,4.38,0
2024-10-15 11:00:00,BER_001,BER_001_ROBOT_1,15,9.71,0.9814,0,0,0.97,5.58,0
2024-10-15 11:00:00,HAM_001,HAM_001_ROBOT_1,14,9.95,0.9808,1,0,1.18,4.91,0
2024-10-15 12:00:00,MUC_001,MUC_001_ROBOT_1,30,11.2,0.9766,2,0,1.57,5.09,0
2024-10-15 12:00:00,BER_001,BER_001_ROBOT_1,10,8.45,0.9585,0,0,1.65,5.03,0
2024-10-15 12:00:00,HAM_001,HAM_001_ROBOT_1,24,9.83,0.9828,2,0,1.75,4.74,0
2024-10-15 13:00:00,MUC_001,MUC_001_ROBOT_1,23,8.24,0.9717,1,0,1.83,5.12,0
2024-10-15 13:00:00,BER_001,BER_001_ROBOT_1,18,9.35,0.97,2,0,1.36,4.43,0
2024-10-15 13:00:00,HAM_001,HAM_001_ROBOT_1,18,9.65,0.9693,1,0,1.24,4.51,0
2024-10-15 14:00:00,MUC_001,MUC_001_ROBOT_1,17,10.59,0.9531,1,0,1.54,4.48,0
2024-10-15 14:00:00,BER_001,BER_001_ROBOT_1,18,10.35,0.9554,0,0,1.0,4.15,0
2024-10-15 14:00:00,HAM_001,HAM_001_ROBOT_1,21,8.79,0.9539,0,0,1.1,5.88,0
2024-10-15 15:00:00,MUC_001,MUC_001_ROBOT_1,22,10.18,0.986,1,0,1.07,5.31,0
2024-10-15 15:00:00,BER_001,BER_001_ROBOT_1,10,8.56,0.9536,1,0,1.49,4.17,0
2024-10-15 15:00:00,HAM_001,HAM_001_ROBOT_1,17,9.99,0.9696,2,0,1.97,4.17,0
2024-10-15 16:00:00,MUC_001,MUC_001_ROBOT_1,25,10.02,0.9823,0,0,0.83,4.45,0
2024-10-15 16:00:00,BER_001,BER_001_ROBOT_1,26,8.26,0.9728,1,0,0.63,5.17,0
2024-10-15 16:00:00,HAM_001,HAM_001_ROBOT_1,29,8.9,0.9679,1,0,0.71,4.09,0
2024-10-15 17:00:00,MUC_001,MUC_001_ROBOT_1,17,10.58,0.9824,0,0,1.55,4.82,0
2024-10-15 17:00:00,BER_001,BER_001_ROBOT_1,24,9.23,0.9613,1,0,0.83,4.07,0
2024-10-15 17:00:00,HAM_001,HAM_001_ROBOT_1,27,9.18,0.9847,2,0,1.93,4.41,0
2024-10-15 18:00:00,MUC_001,MUC_001_ROBOT_1,19,8.17,0.9538,1,0,0.71,4.69,0
2024-10-15 18:00:00,BER_001,BER_001_ROBOT_1,25,11.13,0.9623,0,0,0.74,4.41,0
2024-10-15 18:00:00,HAM_001,HAM_001_ROBOT_1,13,9.59,0.9818,1,0,1.82,4.79,0
2024-10-15 19:00:00,MUC_001,MUC_001_ROBOT_1,2,11.55,0.8432,10,54,0.57,4.02,1
2024-10-15 19:00:00,BER_001,BER_001_ROBOT_1,23,8.15,0.9659,0,0,0.77,4.85,0
2024-10-15 19:00:00,HAM_001,HAM_001_ROBOT_1,26,8.17,0.9527,1,0,1.12,4.67,0
2024-10-15 20:00:00,MUC_001,MUC_001_ROBOT_1,28,8.56,0.9776,0,0,1.98,4.55,0
2024-10-15 20:00:00,BER_001,BER_001_ROBOT_1,27,10.02,0.9769,1,0,1.32,5.38,0
2024-10-15 20:00:00,HAM_001,HAM_001_ROBOT_1,17,11.83,0.953,1,0,1.88,5.79,0
2024-10-15 21:00:00,MUC_001,MUC_001_ROBOT_1,12,11.58,0.9584,2,0,1.66,5.41,0
2024-10-15 21:00:00,BER_001,BER_001_ROBOT_1,5,11.47,0.8388,10,28,0.9,5.85,1
2024-10-15 21:00:00,HAM_001,HAM_001_ROBOT_1,20,10.03,0.9789,0,0,0.99,5.19,0
2024-10-15 22:00:00,MUC_001,MUC_001_ROBOT_1,10,8.42,0.982,2,0,1.75,5.87,0
2024-10-15 22:00:00,BER_001,BER_001_ROBOT_1,28,8.12,0.9873,0,0,0.87,4.42,0
2024-10-15 22:00:00,HAM_001,HAM_001_ROBOT_1,4,9.24,0.7191,10,18,1.76,4.8,1
2024-10-15 23:00:00,MUC_001,MUC_001_ROBOT_1,29,8.36,0.9841,2,0,1.9,5.14,0
2024-10-15 23:00:00,BER_001,BER_001_ROBOT_1,13,10.13,0.9818,2,0,0.6,4.19,0
2024-10-15 23:00:00,HAM_001,HAM_001_ROBOT_1,26,8.36,0.9503,0,0,1.07,5.25,0
2024-10-16 00:00:00,MUC_001,MUC_001_ROBOT_1,21,8.24,0.9643,1,0,1.6,4.86,0
2024-10-16 00:00:00,BER_001,BER_001_ROBOT_1,30,11.35,0.9894,0,0,1.81,4.64,0
2024-10-16 00:00:00,HAM_001,HAM_001_ROBOT_1,10,9.7,0.9771,0,0,0.95,5.27,0
2024-10-16 01:00:00,MUC_001,MUC_001_ROBOT_1,30,12.0,0.9888,2,0,0.83,4.74,0
2024-10-16 01:00:00,BER_001,BER_001_ROBOT_1,16,11.57,0.9688,1,0,1.44,4.62,0
2024-10-16 01:00:00,HAM_001,HAM_001_ROBOT_1,25,9.84,0.9502,0,0,1.56,5.78,0
2024-10-16 02:00:00,MUC_001,MUC_001_ROBOT_1,21,10.31,0.9782,2,0,1.08,4.07,0
2024-10-16 02:00:00,BER_001,BER_001_ROBOT_1,29,8.16,0.978,1,0,1.21,4.95,0
2024-10-16 02:00:00,HAM_001,HAM_001_ROBOT_1,30,9.47,0.9542,1,0,1.57,5.66,0
2024-10-16 03:00:00,MUC_001,MUC_001_ROBOT_1,13,9.86,0.9831,1,0,1.49,5.23,0
2024-10-16 03:00:00,BER_001,BER_001_ROBOT_1,26,11.5,0.9864,0,0,0.9,4.62,0
2024-10-16 03:00:00,HAM_001,HAM_001_ROBOT_1,27,9.3,0.9647,2,0,1.47,4.13,0
2024-10-16 04:00:00,MUC_001,MUC_001_ROBOT_1,28,11.63,0.9595,0,0,1.44,4.61,0
2024-10-16 04:00:00,BER_001,BER_001_ROBOT_1,12,8.03,0.9564,2,0,1.56,4.82,0
2024-10-16 04:00:00,HAM_001,HAM_001_ROBOT_1,28,9.04,0.961,1,0,0.54,4.47,0
2024-10-16 05:00:00,MUC_001,MUC_001_ROBOT_1,19,10.33,0.9827,0,0,1.8,5.1,0
2024-10-16 05:00:00,BER_001,BER_001_ROBOT_1,14,11.44,0.954,0,0,0.8,4.31,0
2024-10-16 05:00:00,HAM_001,HAM_001_ROBOT_1,14,11.52,0.9592,2,0,0.86,5.1,0
2024-10-16 06:00:00,MUC_001,MUC_001_ROBOT_1,20,10.8,0.9564,0,0,1.44,4.55,0
2024-10-16 06:00:00,BER_001,BER_001_ROBOT_1,28,10.06,0.9774,2,0,1.32,4.01,0
2024-10-16 06:00:00,HAM_001,HAM_001_ROBOT_1,10,10.66,0.9575,0,0,1.2,5.05,0
2024-10-16 07:00:00,MUC_001,MUC_001_ROBOT_1,21,9.58,0.963,2,0,0.76,4.6,0
2024-10-16 07:00:00,BER_001,BER_001_ROBOT_1,25,10.85,0.9723,1,0,1.14,4.01,0
2024-10-16 07:00:00,HAM_001,HAM_001_ROBOT_1,23,8.2,0.9771,0,0,1.47,5.52,0
2024-10-16 08:00:00,MUC_001,MUC_001_ROBOT_1,15,9.67,0.9788,0,0,1.09,4.65,0
2024-10-16 08:00:00,BER_001,BER_001_ROBOT_1,3,9.17,0.7192,4,18,0.85,5.11,1
2024-10-16 08:00:00,HAM_001,HAM_001_ROBOT_1,14,8.14,0.9662,0,0,1.92,5.75,0
2024-10-16 09:00:00,MUC_001,MUC_001_ROBOT_1,1,9.91,0.7434,5,32,1.96,5.01,1
2024-10-16 09:00:00,BER_001,BER_001_ROBOT_1,22,8.43,0.9609,1,0,1.74,4.22,0
2024-10-16 09:00:00,HAM_001,HAM_001_ROBOT_1,22,9.41,0.9869,1,0,1.84,5.69,0
2024-10-16 10:00:00,MUC_001,MUC_001_ROBOT_1,30,11.59,0.9548,0,0,1.14,4.53,0
2024-10-16 10:00:00,BER_001,BER_001_ROBOT_1,27,9.81,0.9842,2,0,1.3,4.44,0
2024-10-16 10:00:00,HAM_001,HAM_001_ROBOT_1,18,11.5,0.9886,2,0,1.73,4.16,0
2024-10-16 11:00:00,MUC_001,MUC_001_ROBOT_1,10,9.96,0.9646,0,0,0.54,5.61,0
2024-10-16 11:00:00,BER_001,BER_001_ROBOT_1,19,11.23,0.9691,1,0,1.84,5.12,0
2024-10-16 11:00:00,HAM_001,HAM_001_ROBOT_1,12,9.77,0.9647,1,0,1.83,4.86,0
2024-10-16 12:00:00,MUC_001,MUC_001_ROBOT_1,15,11.4,0.9885,2,0,1.91,4.33,0
2024-10-16 12:00:00,BER_001,BER_001_ROBOT_1,11,11.91,0.983,0,0,0.92,5.86,0
2024-10-16 12:00:00,HAM_001,HAM_001_ROBOT_1,4,9.68,0.7248,7,37,1.66,4.64,1
2024-10-16 13:00:00,MUC_001,MUC_001_ROBOT_1,17,9.6,0.9658,0,0,1.63,4.7,0
2024-10-16 13:00:00,BER_001,BER_001_ROBOT_1,18,10.11,0.9641,0,0,0.61,5.03,0
2024-10-16 13:00:00,HAM_001,HAM_001_ROBOT_1,21,11.36,0.9624,2,0,1.17,5.37,0
2024-10-16 14:00:00,MUC_001,MUC_001_ROBOT_1,14,10.16,0.9891,0,0,1.41,5.32,0
2024-10-16 14:00:00,BER_001,BER_001_ROBOT_1,28,9.63,0.9534,0,0,0.54,4.63,0
2024-10-16 14:00:00,HAM_001,HAM_001_ROBOT_1,23,8.21,0.9766,1,0,1.3,5.13,0
2024-10-16 15:00:00,MUC_001,MUC_001_ROBOT_1,25,11.85,0.9665,2,0,0.93,5.82,0
2024-10-16 15:00:00,BER_001,BER_001_ROBOT_1,28,11.13,0.9558,1,0,1.78,4.6,0
2024-10-16 15:00:00,HAM_001,HAM_001_ROBOT_1,1,10.03,0.8182,9,40,0.61,5.87,1
2024-10-16 16:00:00,MUC_001,MUC_001_ROBOT_1,15,9.91,0.9589,1,0,1.14,5.3,0
2024-10-16 16:00:00,BER_001,BER_001_ROBOT_1,13,10.95,0.9894,0,0,0.88,4.38,0
2024-10-16 16:00:00,HAM_001,HAM_001_ROBOT_1,16,10.81,0.9859,1,0,1.08,4.78,0
2024-10-16 17:00:00,MUC_001,MUC_001_ROBOT_1,25,10.15,0.9693,0,0,1.33,5.64,0
2024-10-16 17:00:00,BER_001,BER_001_ROBOT_1,24,9.34,0.988,2,0,1.35,4.64,0
2024-10-16 17:00:00,HAM_001,HAM_001_ROBOT_1,30,9.72,0.9564,0,0,1.02,4.56,0
2024-10-16 18:00:00,MUC_001,MUC_001_ROBOT_1,24,10.64,0.9586,2,0,1.61,5.22,0
2024-10-16 18:00:00,BER_001,BER_001_ROBOT_1,15,10.04,0.9787,1,0,1.29,5.74,0
2024-10-16 18:00:00,HAM_001,HAM_001_ROBOT_1,14,9.78,0.9632,1,0,0.72,5.93,0
2024-10-16 19:00:00,MUC_001,MUC_001_ROBOT_1,13,11.13,0.9634,2,0,1.07,4.46,0
2024-10-16 19:00:00,BER_001,BER_001_ROBOT_1,27,8.32,0.9648,1,0,1.5,4.98,0
2024-10-16 19:00:00,HAM_001,HAM_001_ROBOT_1,26,9.62,0.9584,2,0,0.62,5.76,0
2024-10-16 20:00:00,MUC_001,MUC_001_ROBOT_1,22,10.45,0.9779,0,0,1.42,4.96,0
2024-10-16 20:00:00,BER_001,BER_001_ROBOT_1,30,11.42,0.9658,0,0,1.38,5.97,0
2024-10-16 20:00:00,HAM_001,HAM_001_ROBOT_1,18,8.11,0.9803,2,0,0.85,4.75,0
2024-10-16 21:00:00,MUC_001,MUC_001_ROBOT_1,19,10.38,0.9519,1,0,0.5,4.75,0
2024-10-16 21:00:00,BER_001,BER_001_ROBOT_1,21,10.8,0.9626,1,0,0.87,5.52,0
2024-10-16 21:00:00,HAM_001,HAM_001_ROBOT_1,20,10.24,0.971,0,0,1.21,5.97,0
2024-10-16 22:00:00,MUC_001,MUC_001_ROBOT_1,28,8.28,0.9625,2,0,1.03,5.32,0
2024-10-16 22:00:00,BER_001,BER_001_ROBOT_1,26,8.87,0.9675,0,0,1.36,5.86,0
2024-10-16 22:00:00,HAM_001,HAM_001_ROBOT_1,10,8.32,0.9566,0,0,1.4,5.79,0
2024-10-16 23:00:00,MUC_001,MUC_001_ROBOT_1,18,9.17,0.9746,1,0,0.64,5.61,0
2024-10-16 23:00:00,BER_001,BER_001_ROBOT_1,11,11.08,0.964,2,0,1.09,4.34,0
2024-10-16 23:00:00,HAM_001,HAM_001_ROBOT_1,10,9.08,0.9891,2,0,1.02,5.15,0
2024-10-17 00:00:00,MUC_001,MUC_001_ROBOT_1,27,10.26,0.9616,0,0,1.85,4.37,0
2024-10-17 00:00:00,BER_001,BER_001_ROBOT_1,12,10.78,0.9877,0,0,1.9,5.04,0
2024-10-17 00:00:00,HAM_001,HAM_001_ROBOT_1,26,11.82,0.9676,1,0,1.06,5.94,0
2024-10-17 01:00:00,MUC_001,MUC_001_ROBOT_1,29,8.49,0.9834,1,0,1.07,4.31,0
2024-10-17 01:00:00,BER_001,BER_001_ROBOT_1,29,10.92,0.9638,2,0,1.47,5.83,0
2024-10-17 01:00:00,HAM_001,HAM_001_ROBOT_1,18,8.29,0.9822,0,0,0.6,5.25,0
2024-10-17 02:00:00,MUC_001,MUC_001_ROBOT_1,26,9.88,0.9746,1,0,1.63,5.79,0
2024-10-17 02:00:00,BER_001,BER_001_ROBOT_1,28,8.46,0.9597,0,0,0.95,4.33,0
2024-10-17 02:00:00,HAM_001,HAM_001_ROBOT_1,17,9.06,0.9565,1,0,1.15,4.54,0
2024-10-17 03:00:00,MUC_001,MUC_001_ROBOT_1,16,10.93,0.9544,2,0,1.54,4.65,0
2024-10-17 03:00:00,BER_001,BER_001_ROBOT_1,25,11.98,0.9731,2,0,0.71,5.94,0
2024-10-17 03:00:00,HAM_001,HAM_001_ROBOT_1,13,10.89,0.9728,2,0,1.24,5.81,0
2024-10-17 04:00:00,MUC_001,MUC_001_ROBOT_1,28,11.04,0.9691,2,0,1.99,4.38,0
2024-10-17 04:00:00,BER_001,BER_001_ROBOT_1,24,8.3,0.9639,1,0,1.51,4.25,0
2024-10-17 04:00:00,HAM_001,HAM_001_ROBOT_1,22,8.15,0.955,2,0,2.0,4.24,0
2024-10-17 05:00:00,MUC_001,MUC_001_ROBOT_1,23,9.62,0.9626,0,0,0.95,4.37,0
2024-10-17 05:00:00,BER_001,BER_001_ROBOT_1,12,10.95,0.989,1,0,1.65,5.3,0
2024-10-17 05:00:00,HAM_001,HAM_001_ROBOT_1,11,11.98,0.9657,2,0,0.7,4.91,0
2024-10-17 06:00:00,MUC_001,MUC_001_ROBOT_1,22,11.87,0.9728,2,0,1.26,4.16,0
2024-10-17 06:00:00,BER_001,BER_001_ROBOT_1,17,8.64,0.9818,2,0,1.55,5.18,0
2024-10-17 06:00:00,HAM_001,HAM_001_ROBOT_1,23,8.83,0.9545,0,0,1.58,5.22,0
2024-10-17 07:00:00,MUC_001,MUC_001_ROBOT_1,10,8.24,0.96,1,0,1.88,4.63,0
2024-10-17 07:00:00,BER_001,BER_001_ROBOT_1,19,8.41,0.9857,2,0,1.72,5.02,0
2024-10-17 07:00:00,HAM_001,HAM_001_ROBOT_1,18,9.8,0.9546,2,0,1.58,4.96,0
2024-10-17 08:00:00,MUC_001,MUC_001_ROBOT_1,23,11.29,0.9615,2,0,1.93,5.27,0
2024-10-17 08:00:00,BER_001,BER_001_ROBOT_1,24,10.0,0.9624,0,0,0.59,4.11,0
2024-10-17 08:00:00,HAM_001,HAM_001_ROBOT_1,29,8.56,0.9593,1,0,1.58,5.72,0
2024-10-17 09:00:00,MUC_001,MUC_001_ROBOT_1,14,10.57,0.9718,0,0,1.17,5.11,0
2024-10-17 09:00:00,BER_001,BER_001_ROBOT_1,27,8.93,0.9638,2,0,1.29,4.52,0
2024-10-17 09:00:00,HAM_001,HAM_001_ROBOT_1,29,10.97,0.9811,0,0,1.74,4.49,0
2024-10-17 10:00:00,MUC_001,MUC_001_ROBOT_1,16,8.09,0.9633,2,0,1.86,4.31,0
2024-10-17 10:00:00,BER_001,BER_001_ROBOT_1,30,10.51,0.9745,1,0,1.78,5.39,0
2024-10-17 10:00:00,HAM_001,HAM_001_ROBOT_1,19,11.69,0.9851,1,0,1.7,4.74,0
2024-10-17 11:00:00,MUC_001,MUC_001_ROBOT_1,20,9.39,0.9854,2,0,1.95,5.95,0
2024-10-17 11:00:00,BER_001,BER_001_ROBOT_1,20,8.88,0.9599,0,0,1.85,4.93,0
2024-10-17 11:00:00,HAM_001,HAM_001_ROBOT_1,22,10.1,0.9526,1,0,0.59,4.35,0
2024-10-17 12:00:00,MUC_001,MUC_001_ROBOT_1,24,10.48,0.9808,2,0,1.66,4.48,0
2024-10-17 12:00:00,BER_001,BER_001_ROBOT_1,22,8.61,0.9654,2,0,1.57,4.57,0
2024-10-17 12:00:00,HAM_001,HAM_001_ROBOT_1,15,11.91,0.9837,0,0,1.35,4.61,0
2024-10-17 13:00:00,MUC_001,MUC_001_ROBOT_1,27,9.61,0.9609,0,0,1.55,4.18,0
2024-10-17 13:00:00,BER_001,BER_001_ROBOT_1,21,11.57,0.9715,0,0,0.53,4.81,0
2024-10-17 13:00:00,HAM_001,HAM_001_ROBOT_1,23,8.28,0.9712,0,0,0.72,5.2,0
2024-10-17 14:00:00,MUC_001,MUC_001_ROBOT_1,29,8.4,0.9671,2,0,0.71,5.53,0
2024-10-17 14:00:00,BER_001,BER_001_ROBOT_1,16,8.37,0.9718,1,0,0.76,5.14,0
2024-10-17 14:00:00,HAM_001,HAM_001_ROBOT_1,11,8.82,0.9724,1,0,1.17,5.2,0
2024-10-17 15:00:00,MUC_001,MUC_001_ROBOT_1,12,9.96,0.9851,1,0,1.1,5.34,0
2024-10-17 15:00:00,BER_001,BER_001_ROBOT_1,17,10.1,0.9875,0,0,1.71,5.95,0
2024-10-17 15:00:00,HAM_001,HAM_001_ROBOT_1,15,10.35,0.9805,2,0,1.64,4.45,0
2024-10-17 16:00:00,MUC_001,MUC_001_ROBOT_1,24,8.02,0.9524,0,0,0.81,4.62,0
2024-10-17 16:00:00,BER_001,BER_001_ROBOT_1,14,9.77,0.9531,1,0,1.26,5.45,0
2024-10-17 16:00:00,HAM_001,HAM_001_ROBOT_1,27,10.31,0.9711,2,0,1.51,5.59,0
2024-10-17 17:00:00,MUC_001,MUC_001_ROBOT_1,25,9.4,0.9809,2,0,0.66,4.35,0
2024-10-17 17:00:00,BER_001,BER_001_ROBOT_1,13,10.74,0.9695,1,0,0.54,5.51,0
2024-10-17 17:00:00,HAM_001,HAM_001_ROBOT_1,10,11.28,0.9506,2,0,0.79,4.6,0
2024-10-17 18:00:00,MUC_001,MUC_001_ROBOT_1,22,11.89,0.9629,0,0,1.71,4.12,0
2024-10-17 18:00:00,BER_001,BER_001_ROBOT_1,25,8.81,0.987,1,0,1.86,4.72,0
2024-10-17 18:00:00,HAM_001,HAM_001_ROBOT_1,14,10.41,0.9694,2,0,1.65,4.57,0
2024-10-17 19:00:00,MUC_001,MUC_001_ROBOT_1,13,8.86,0.9769,1,0,1.45,4.04,0
2024-10-17 19:00:00,BER_001,BER_001_ROBOT_1,25,9.37,0.9743,1,0,1.7,4.57,0
2024-10-17 19:00:00,HAM_001,HAM_001_ROBOT_1,24,11.97,0.986,2,0,1.48,4.97,0
2024-10-17 20:00:00,MUC_001,MUC_001_ROBOT_1,30,9.37,0.9534,1,0,1.98,4.66,0
2024-10-17 20:00:00,BER_001,BER_001_ROBOT_1,14,9.02,0.9797,0,0,1.87,4.48,0
2024-10-17 20:00:00,HAM_001,HAM_001_ROBOT_1,19,8.2,0.9612,2,0,1.97,5.83,0
2024-10-17 21:00:00,MUC_001,MUC_001_ROBOT_1,25,11.08,0.9805,0,0,1.74,4.29,0
2024-10-17 21:00:00,BER_001,BER_001_ROBOT_1,15,10.15,0.971,0,0,1.03,5.43,0
2024-10-17 21:00:00,HAM_001,HAM_001_ROBOT_1,13,8.0,0.9742,2,0,1.01,4.31,0
2024-10-17 22:00:00,MUC_001,MUC_001_ROBOT_1,0,9.58,0.7721,7,35,1.54,4.76,1
2024-10-17 22:00:00,BER_001,BER_001_ROBOT_1,26,8.96,0.9858,2,0,1.06,4.57,0
2024-10-17 22:00:00,HAM_001,HAM_001_ROBOT_1,25,11.81,0.9867,1,0,1.57,4.34,0
2024-10-17 23:00:00,MUC_001,MUC_001_ROBOT_1,29,8.02,0.973,1,0,1.37,4.62,0
2024-10-17 23:00:00,BER_001,BER_001_ROBOT_1,29,8.76,0.9887,0,0,1.98,5.69,0
2024-10-17 23:00:00,HAM_001,HAM_001_ROBOT_1,29,8.72,0.9582,1,0,0.71,4.56,0
2024-10-18 00:00:00,MUC_001,MUC_001_ROBOT_1,10,8.55,0.9885,1,0,1.46,5.79,0
2024-10-18 00:00:00,BER_001,BER_001_ROBOT_1,30,11.49,0.9552,2,0,0.95,5.25,0
2024-10-18 00:00:00,HAM_001,HAM_001_ROBOT_1,14,10.01,0.9646,2,0,1.58,4.99,0
2024-10-18 01:00:00,MUC_001,MUC_001_ROBOT_1,23,9.98,0.9803,2,0,1.7,4.55,0
2024-10-18 01:00:00,BER_001,BER_001_ROBOT_1,19,10.25,0.9801,0,0,0.93,4.93,0
2024-10-18 01:00:00,HAM_001,HAM_001_ROBOT_1,28,10.69,0.9806,1,0,1.58,5.97,0
2024-10-18 02:00:00,MUC_001,MUC_001_ROBOT_1,22,11.5,0.9561,0,0,0.86,4.26,0
2024-10-18 02:00:00,BER_001,BER_001_ROBOT_1,11,9.11,0.9672,2,0,0.54,5.96,0
2024-10-18 02:00:00,HAM_001,HAM_001_ROBOT_1,10,10.13,0.953,1,0,1.9,4.4,0
2024-10-18 03:00:00,MUC_001,MUC_001_ROBOT_1,20,8.24,0.9692,2,0,1.6,5.16,0
2024-10-18 03:00:00,BER_001,BER_001_ROBOT_1,28,9.15,0.9698,0,0,1.31,4.65,0
2024-10-18 03:00:00,HAM_001,HAM_001_ROBOT_1,25,8.24,0.9585,0,0,1.91,5.59,0
2024-10-18 04:00:00,MUC_001,MUC_001_ROBOT_1,11,8.32,0.9733,1,0,0.65,4.75,0
2024-10-18 04:00:00,BER_001,BER_001_ROBOT_1,21,10.28,0.9859,2,0,1.4,4.36,0
2024-10-18 04:00:00,HAM_001,HAM_001_ROBOT_1,29,10.61,0.9745,2,0,0.56,5.81,0
2024-10-18 05:00:00,MUC_001,MUC_001_ROBOT_1,0,10.41,0.7284,4,38,0.85,5.01,1
2024-10-18 05:00:00,BER_001,BER_001_ROBOT_1,18,9.04,0.9655,0,0,1.62,5.49,0
2024-10-18 05:00:00,HAM_001,HAM_001_ROBOT_1,5,11.2,0.7016,4,45,1.38,5.32,1
2024-10-18 06:00:00,MUC_001,MUC_001_ROBOT_1,23,11.44,0.9621,1,0,1.84,5.77,0
2024-10-18 06:00:00,BER_001,BER_001_ROBOT_1,20,9.94,0.9734,2,0,1.56,5.83,0
2024-10-18 06:00:00,HAM_001,HAM_001_ROBOT_1,16,10.98,0.9691,2,0,1.15,5.06,0
2024-10-18 07:00:00,MUC_001,MUC_001_ROBOT_1,12,9.83,0.9824,1,0,1.51,5.2,0
2024-10-18 07:00:00,BER_001,BER_001_ROBOT_1,11,9.37,0.9855,2,0,1.41,4.87,0
2024-10-18 07:00:00,HAM_001,HAM_001_ROBOT_1,29,8.15,0.9528,0,0,0.6,5.72,0
2024-10-18 08:00:00,MUC_001,MUC_001_ROBOT_1,11,11.31,0.9773,0,0,1.55,5.22,0
2024-10-18 08:00:00,BER_001,BER_001_ROBOT_1,30,8.58,0.977,2,0,1.64,5.12,0
2024-10-18 08:00:00,HAM_001,HAM_001_ROBOT_1,24,11.67,0.9627,0,0,1.63,5.47,0
2024-10-18 09:00:00,MUC_001,MUC_001_ROBOT_1,14,9.09,0.9798,2,0,0.77,4.81,0
2024-10-18 09:00:00,BER_001,BER_001_ROBOT_1,12,11.37,0.9645,0,0,1.95,4.68,0
2024-10-18 09:00:00,HAM_001,HAM_001_ROBOT_1,29,8.18,0.9838,0,0,1.46,5.44,0
2024-10-18 10:00:00,MUC_001,MUC_001_ROBOT_1,12,11.78,0.9876,1,0,1.55,4.72,0
2024-10-18 10:00:00,BER_001,BER_001_ROBOT_1,24,8.54,0.9562,0,0,0.62,4.67,0
2024-10-18 10:00:00,HAM_001,HAM_001_ROBOT_1,29,10.76,0.9874,0,0,1.32,5.52,0
2024-10-18 11:00:00,MUC_001,MUC_001_ROBOT_1,19,8.51,0.9669,2,0,1.56,5.5,0
2024-10-18 11:00:00,BER_001,BER_001_ROBOT_1,14,9.01,0.9563,1,0,0.72,5.39,0
2024-10-18 11:00:00,HAM_001,HAM_001_ROBOT_1,30,11.29,0.9634,0,0,1.37,4.04,0
2024-10-18 12:00:00,MUC_001,MUC_001_ROBOT_1,30,9.97,0.9533,2,0,1.27,4.42,0
2024-10-18 12:00:00,BER_001,BER_001_ROBOT_1,21,8.36,0.953,0,0,1.53,5.99,0
2024-10-18 12:00:00,HAM_001,HAM_001_ROBOT_1,20,11.35,0.9746,0,0,1.72,5.42,0
2024-10-18 13:00:00,MUC_001,MUC_001_ROBOT_1,30,8.12,0.9846,0,0,0.56,4.38,0
2024-10-18 13:00:00,BER_001,BER_001_ROBOT_1,26,11.9,0.9596,2,0,1.86,4.63,0
2024-10-18 13:00:00,HAM_001,HAM_001_ROBOT_1,20,10.51,0.9632,1,0,1.46,4.06,0
2024-10-18 14:00:00,MUC_001,MUC_001_ROBOT_1,24,11.27,0.967,1,0,1.63,5.17,0
2024-10-18 14:00:00,BER_001,BER_001_ROBOT_1,16,11.48,0.9592,0,0,1.02,4.62,0
2024-10-18 14:00:00,HAM_001,HAM_001_ROBOT_1,10,8.98,0.9539,1,0,1.22,4.9,0
2024-10-18 15:00:00,MUC_001,MUC_001_ROBOT_1,20,10.0,0.9653,2,0,1.18,5.02,0
2024-10-18 15:00:00,BER_001,BER_001_ROBOT_1,16,11.15,0.9502,1,0,1.76,4.06,0
2024-10-18 15:00:00,HAM_001,HAM_001_ROBOT_1,17,11.01,0.9781,1,0,1.71,4.05,0
2024-10-18 16:00:00,MUC_001,MUC_001_ROBOT_1,24,11.0,0.9823,2,0,1.41,5.6,0
2024-10-18 16:00:00,BER_001,BER_001_ROBOT_1,29,9.16,0.962,2,0,0.72,4.99,0
2024-10-18 16:00:00,HAM_001,HAM_001_ROBOT_1,18,10.43,0.9823,1,0,1.34,5.97,0
2024-10-18 17:00:00,MUC_001,MUC_001_ROBOT_1,18,9.5,0.9653,1,0,0.8,4.27,0
2024-10-18 17:00:00,BER_001,BER_001_ROBOT_1,23,11.33,0.9832,0,0,1.11,4.06,0
2024-10-18 17:00:00,HAM_001,HAM_001_ROBOT_1,22,11.15,0.9716,0,0,0.88,4.32,0
2024-10-18 18:00:00,MUC_001,MUC_001_ROBOT_1,28,8.78,0.9652,0,0,0.68,5.1,0
2024-10-18 18:00:00,BER_001,BER_001_ROBOT_1,15,8.36,0.9779,2,0,0.53,4.78,0
2024-10-18 18:00:00,HAM_001,HAM_001_ROBOT_1,25,9.11,0.9535,1,0,1.12,4.32,0
2024-10-18 19:00:00,MUC_001,MUC_001_ROBOT_1,21,9.47,0.9563,2,0,0.57,4.31,0
2024-10-18 19:00:00,BER_001,BER_001_ROBOT_1,17,8.07,0.9841,1,0,1.94,5.99,0
2024-10-18 19:00:00,HAM_001,HAM_001_ROBOT_1,30,11.86,0.9769,0,0,1.19,4.52,0
2024-10-18 20:00:00,MUC_001,MUC_001_ROBOT_1,24,8.37,0.9619,2,0,0.64,5.07,0
2024-10-18 20:00:00,BER_001,BER_001_ROBOT_1,14,10.14,0.9849,1,0,1.06,5.15,0
2024-10-18 20:00:00,HAM_001,HAM_001_ROBOT_1,27,10.8,0.9591,0,0,0.85,5.41,0
2024-10-18 21:00:00,MUC_001,MUC_001_ROBOT_1,11,11.19,0.9787,1,0,0.53,4.72,0
2024-10-18 21:00:00,BER_001,BER_001_ROBOT_1,28,9.9,0.9792,1,0,1.8,5.9,0
2024-10-18 21:00:00,HAM_001,HAM_001_ROBOT_1,14,11.7,0.9652,2,0,1.55,5.36,0
2024-10-18 22:00:00,MUC_001,MUC_001_ROBOT_1,23,9.74,0.9852,0,0,0.96,5.36,0
2024-10-18 22:00:00,BER_001,BER_001_ROBOT_1,30,9.48,0.9635,2,0,1.08,5.54,0
2024-10-18 22:00:00,HAM_001,HAM_001_ROBOT_1,11,8.87,0.9643,0,0,1.62,4.81,0
2024-10-18 23:00:00,MUC_001,MUC_001_ROBOT_1,29,9.44,0.9546,2,0,1.85,5.91,0
2024-10-18 23:00:00,BER_001,BER_001_ROBOT_1,22,9.84,0.986,0,0,1.3,4.62,0
2024-10-18 23:00:00,HAM_001,HAM_001_ROBOT_1,30,8.15,0.9532,2,0,1.73,4.38,0
2024-10-19 00:00:00,MUC_001,MUC_001_ROBOT_1,25,11.18,0.9615,0,0,0.91,4.93,0
2024-10-19 00:00:00,BER_001,BER_001_ROBOT_1,15,8.02,0.9751,2,0,1.68,4.91,0
2024-10-19 00:00:00,HAM_001,HAM_001_ROBOT_1,30,9.55,0.9805,0,0,1.71,4.85,0
2024-10-19 01:00:00,MUC_001,MUC_001_ROBOT_1,17,9.3,0.9692,1,0,1.95,4.11,0
2024-10-19 01:00:00,BER_001,BER_001_ROBOT_1,16,9.03,0.9784,1,0,0.63,4.28,0
2024-10-19 01:00:00,HAM_001,HAM_001_ROBOT_1,10,10.96,0.9884,1,0,1.46,5.69,0
2024-10-19 02:00:00,MUC_001,MUC_001_ROBOT_1,29,9.68,0.9631,0,0,0.51,4.63,0
2024-10-19 02:00:00,BER_001,BER_001_ROBOT_1,25,10.05,0.9729,0,0,1.91,4.73,0
2024-10-19 02:00:00,HAM_001,HAM_001_ROBOT_1,12,9.72,0.96,1,0,1.02,5.31,0
2024-10-19 03:00:00,MUC_001,MUC_001_ROBOT_1,16,11.03,0.9516,1,0,0.88,5.59,0
2024-10-19 03:00:00,BER_001,BER_001_ROBOT_1,26,8.14,0.9732,1,0,1.72,5.04,0
2024-10-19 03:00:00,HAM_001,HAM_001_ROBOT_1,27,8.94,0.9501,0,0,1.62,4.2,0
2024-10-19 04:00:00,MUC_001,MUC_001_ROBOT_1,26,10.86,0.9622,2,0,1.62,4.96,0
2024-10-19 04:00:00,BER_001,BER_001_ROBOT_1,3,11.59,0.849,10,40,1.53,4.89,1
2024-10-19 04:00:00,HAM_001,HAM_001_ROBOT_1,11,10.85,0.9791,1,0,1.38,4.68,0
2024-10-19 05:00:00,MUC_001,MUC_001_ROBOT_1,27,11.56,0.9542,2,0,0.51,4.23,0
2024-10-19 05:00:00,BER_001,BER_001_ROBOT_1,27,11.89,0.9826,0,0,1.32,4.63,0
2024-10-19 05:00:00,HAM_001,HAM_001_ROBOT_1,20,10.35,0.9877,1,0,0.53,4.31,0
2024-10-19 06:00:00,MUC_001,MUC_001_ROBOT_1,24,8.84,0.9675,2,0,1.38,4.34,0
2024-10-19 06:00:00,BER_001,BER_001_ROBOT_1,1,10.92,0.713,6,16,0.61,5.83,1
2024-10-19 06:00:00,HAM_001,HAM_001_ROBOT_1,11,8.79,0.968,1,0,1.88,5.0,0
2024-10-19 07:00:00,MUC_001,MUC_001_ROBOT_1,17,8.29,0.9865,0,0,0.8,4.24,0
2024-10-19 07:00:00,BER_001,BER_001_ROBOT_1,20,10.73,0.9545,0,0,1.33,4.24,0
2024-10-19 07:00:00,HAM_001,HAM_001_ROBOT_1,29,8.01,0.984,2,0,0.79,5.8,0
2024-10-19 08:00:00,MUC_001,MUC_001_ROBOT_1,11,11.2,0.9739,2,0,1.31,5.12,0
2024-10-19 08:00:00,BER_001,BER_001_ROBOT_1,24,10.34,0.974,0,0,0.56,4.9,0
2024-10-19 08:00:00,HAM_001,HAM_001_ROBOT_1,13,10.4,0.9519,0,0,0.63,5.91,0
2024-10-19 09:00:00,MUC_001,MUC_001_ROBOT_1,29,11.37,0.9781,0,0,0.72,4.82,0
2024-10-19 09:00:00,BER_001,BER_001_ROBOT_1,10,10.5,0.9839,2,0,1.09,5.35,0
2024-10-19 09:00:00,HAM_001,HAM_001_ROBOT_1,16,10.18,0.9579,0,0,1.06,5.63,0
2024-10-19 10:00:00,MUC_001,MUC_001_ROBOT_1,18,9.83,0.9596,2,0,1.69,5.14,0
2024-10-19 10:00:00,BER_001,BER_001_ROBOT_1,16,11.39,0.9725,2,0,1.58,4.49,0
2024-10-19 10:00:00,HAM_001,HAM_001_ROBOT_1,28,9.79,0.9834,0,0,1.96,5.68,0
2024-10-19 11:00:00,MUC_001,MUC_001_ROBOT_1,27,9.5,0.9862,1,0,1.21,5.6,0
2024-10-19 11:00:00,BER_001,BER_001_ROBOT_1,12,10.79,0.9861,1,0,1.93,4.04,0
2024-10-19 11:00:00,HAM_001,HAM_001_ROBOT_1,28,9.06,0.9739,0,0,0.66,4.41,0
2024-10-19 12:00:00,MUC_001,MUC_001_ROBOT_1,27,8.14,0.9538,2,0,1.05,4.21,0
2024-10-19 12:00:00,BER_001,BER_001_ROBOT_1,15,11.27,0.9553,0,0,1.1,4.27,0
2024-10-19 12:00:00,HAM_001,HAM_001_ROBOT_1,24,10.45,0.9844,2,0,1.85,5.09,0
2024-10-19 13:00:00,MUC_001,MUC_001_ROBOT_1,1,9.14,0.7327,7,43,1.5,5.74,1
2024-10-19 13:00:00,BER_001,BER_001_ROBOT_1,20,10.6,0.9569,0,0,1.59,4.36,0
2024-10-19 13:00:00,HAM_001,HAM_001_ROBOT_1,13,11.93,0.9511,0,0,1.88,5.79,0
2024-10-19 14:00:00,MUC_001,MUC_001_ROBOT_1,16,8.89,0.9668,1,0,0.57,5.3,0
2024-10-19 14:00:00,BER_001,BER_001_ROBOT_1,14,10.06,0.9736,0,0,1.45,5.37,0
2024-10-19 14:00:00,HAM_001,HAM_001_ROBOT_1,14,11.05,0.9746,0,0,0.98,5.13,0
2024-10-19 15:00:00,MUC_001,MUC_001_ROBOT_1,19,8.58,0.981,2,0,1.03,4.3,0
2024-10-19 15:00:00,BER_001,BER_001_ROBOT_1,2,11.5,0.8212,8,24,0.68,4.11,1
2024-10-19 15:00:00,HAM_001,HAM_001_ROBOT_1,5,11.59,0.811,3,30,1.67,5.2,1
2024-10-19 16:00:00,MUC_001,MUC_001_ROBOT_1,14,8.15,0.9894,1,0,1.9,4.65,0
2024-10-19 16:00:00,BER_001,BER_001_ROBOT_1,10,8.24,0.9528,1,0,0.98,5.9,0
2024-10-19 16:00:00,HAM_001,HAM_001_ROBOT_1,21,8.4,0.987,0,0,1.06,4.18,0
2024-10-19 17:00:00,MUC_001,MUC_001_ROBOT_1,4,10.6,0.8495,4,24,1.17,5.77,1
2024-10-19 17:00:00,BER_001,BER_001_ROBOT_1,15,11.54,0.9879,1,0,1.79,5.13,0
2024-10-19 17:00:00,HAM_001,HAM_001_ROBOT_1,13,10.67,0.9778,2,0,1.3,5.5,0
2024-10-19 18:00:00,MUC_001,MUC_001_ROBOT_1,18,9.53,0.9883,0,0,1.32,5.68,0
2024-10-19 18:00:00,BER_001,BER_001_ROBOT_1,29,11.03,0.9647,0,0,0.86,5.37,0
2024-10-19 18:00:00,HAM_001,HAM_001_ROBOT_1,19,9.44,0.9528,0,0,1.86,5.84,0
2024-10-19 19:00:00,MUC_001,MUC_001_ROBOT_1,30,11.49,0.9769,0,0,1.8,5.2,0
2024-10-19 19:00:00,BER_001,BER_001_ROBOT_1,11,10.86,0.9618,1,0,1.44,5.73,0
2024-10-19 19:00:00,HAM_001,HAM_001_ROBOT_1,16,9.4,0.9832,2,0,0.67,4.2,0
2024-10-19 20:00:00,MUC_001,MUC_001_ROBOT_1,18,10.59,0.9554,2,0,1.68,4.56,0
2024-10-19 20:00:00,BER_001,BER_001_ROBOT_1,12,8.01,0.9592,2,0,1.66,5.0,0
2024-10-19 20:00:00,HAM_001,HAM_001_ROBOT_1,26,9.5,0.9599,0,0,1.41,4.68,0
2024-10-19 21:00:00,MUC_001,MUC_001_ROBOT_1,16,10.29,0.977,0,0,1.85,4.11,0
2024-10-19 21:00:00,BER_001,BER_001_ROBOT_1,29,9.86,0.9724,0,0,0.68,4.85,0
2024-10-19 21:00:00,HAM_001,HAM_001_ROBOT_1,22,9.94,0.9692,0,0,0.76,5.19,0
2024-10-19 22:00:00,MUC_001,MUC_001_ROBOT_1,21,10.29,0.9782,0,0,0.52,4.77,0
2024-10-19 22:00:00,BER_001,BER_001_ROBOT_1,16,10.7,0.9588,0,0,1.09,4.73,0
2024-10-19 22:00:00,HAM_001,HAM_001_ROBOT_1,21,9.68,0.9596,1,0,0.57,4.58,0
2024-10-19 23:00:00,MUC_001,MUC_001_ROBOT_1,18,8.74,0.9503,0,0,0.81,4.15,0
2024-10-19 23:00:00,BER_001,BER_001_ROBOT_1,21,10.39,0.9826,0,0,1.28,4.46,0
2024-10-19 23:00:00,HAM_001,HAM_001_ROBOT_1,21,11.33,0.9774,0,0,1.02,4.9,0
2024-10-20 00:00:00,MUC_001,MUC_001_ROBOT_1,24,10.2,0.9743,0,0,1.11,5.42,0
2024-10-20 00:00:00,BER_001,BER_001_ROBOT_1,30,10.01,0.9802,2,0,0.8,4.71,0
2024-10-20 00:00:00,HAM_001,HAM_001_ROBOT_1,28,8.59,0.9696,0,0,1.25,5.11,0
2024-10-20 01:00:00,MUC_001,MUC_001_ROBOT_1,21,9.4,0.9734,1,0,0.99,4.4,0
2024-10-20 01:00:00,BER_001,BER_001_ROBOT_1,27,8.79,0.9731,2,0,0.77,5.29,0
2024-10-20 01:00:00,HAM_001,HAM_001_ROBOT_1,17,9.06,0.9889,2,0,1.88,4.93,0
2024-10-20 02:00:00,MUC_001,MUC_001_ROBOT_1,27,10.77,0.9528,0,0,1.81,5.47,0
2024-10-20 02:00:00,BER_001,BER_001_ROBOT_1,23,8.46,0.9772,1,0,0.72,5.05,0
2024-10-20 02:00:00,HAM_001,HAM_001_ROBOT_1,14,11.88,0.9743,2,0,1.55,4.63,0
2024-10-20 03:00:00,MUC_001,MUC_001_ROBOT_1,21,10.99,0.9541,0,0,1.89,4.43,0
2024-10-20 03:00:00,BER_001,BER_001_ROBOT_1,20,9.89,0.9504,2,0,1.99,4.47,0
2024-10-20 03:00:00,HAM_001,HAM_001_ROBOT_1,27,9.04,0.9808,2,0,1.84,5.95,0
2024-10-20 04:00:00,MUC_001,MUC_001_ROBOT_1,25,11.93,0.9641,0,0,0.6,4.21,0
2024-10-20 04:00:00,BER_001,BER_001_ROBOT_1,13,8.44,0.9663,0,0,1.42,5.09,0
2024-10-20 04:00:00,HAM_001,HAM_001_ROBOT_1,19,9.55,0.9745,0,0,0.72,5.19,0
2024-10-20 05:00:00,MUC_001,MUC_001_ROBOT_1,26,8.48,0.9821,0,0,1.12,5.09,0
2024-10-20 05:00:00,BER_001,BER_001_ROBOT_1,16,9.64,0.9659,0,0,1.18,5.25,0
2024-10-20 05:00:00,HAM_001,HAM_001_ROBOT_1,19,11.58,0.959,0,0,0.67,4.64,0
2024-10-20 06:00:00,MUC_001,MUC_001_ROBOT_1,26,11.65,0.9783,2,0,0.99,4.43,0
2024-10-20 06:00:00,BER_001,BER_001_ROBOT_1,18,9.33,0.9627,2,0,0.88,4.08,0
2024-10-20 06:00:00,HAM_001,HAM_001_ROBOT_1,14,8.01,0.9883,2,0,1.41,5.87,0
2024-10-20 07:00:00,MUC_001,MUC_001_ROBOT_1,29,8.0,0.9672,0,0,1.43,4.3,0
2024-10-20 07:00:00,BER_001,BER_001_ROBOT_1,20,9.79,0.9753,2,0,1.58,5.49,0
2024-10-20 07:00:00,HAM_001,HAM_001_ROBOT_1,18,11.01,0.9519,0,0,1.39,5.86,0
2024-10-20 08:00:00,MUC_001,MUC_001_ROBOT_1,14,11.98,0.9876,1,0,0.88,5.8,0
2024-10-20 08:00:00,BER_001,BER_001_ROBOT_1,25,11.16,0.955,2,0,1.54,4.12,0
2024-10-20 08:00:00,HAM_001,HAM_001_ROBOT_1,16,10.89,0.9719,1,0,0.99,4.57,0
2024-10-20 09:00:00,MUC_001,MUC_001_ROBOT_1,23,10.89,0.9658,0,0,1.26,5.41,0
2024-10-20 09:00:00,BER_001,BER_001_ROBOT_1,0,8.55,0.7691,3,23,0.56,4.29,1
2024-10-20 09:00:00,HAM_001,HAM_001_ROBOT_1,24,8.19,0.9843,0,0,0.93,5.88,0
2024-10-20 10:00:00,MUC_001,MUC_001_ROBOT_1,28,9.54,0.9517,1,0,1.72,5.14,0
2024-10-20 10:00:00,BER_001,BER_001_ROBOT_1,24,11.28,0.9852,0,0,1.08,4.32,0
2024-10-20 10:00:00,HAM_001,HAM_001_ROBOT_1,15,8.7,0.9765,0,0,1.2,5.07,0
2024-10-20 11:00:00,MUC_001,MUC_001_ROBOT_1,30,10.75,0.9811,0,0,0.85,4.12,0
2024-10-20 11:00:00,BER_001,BER_001_ROBOT_1,14,10.94,0.9893,1,0,1.86,5.15,0
2024-10-20 11:00:00,HAM_001,HAM_001_ROBOT_1,18,10.75,0.9666,1,0,0.81,5.59,0
2024-10-20 12:00:00,MUC_001,MUC_001_ROBOT_1,24,10.45,0.9819,1,0,1.14,5.65,0
2024-10-20 12:00:00,BER_001,BER_001_ROBOT_1,28,9.5,0.9548,1,0,1.71,4.87,0
2024-10-20 12:00:00,HAM_001,HAM_001_ROBOT_1,10,10.48,0.9881,1,0,0.81,5.09,0
2024-10-20 13:00:00,MUC_001,MUC_001_ROBOT_1,10,9.39,0.9784,0,0,1.39,4.21,0
2024-10-20 13:00:00,BER_001,BER_001_ROBOT_1,16,10.28,0.9887,0,0,1.02,5.72,0
2024-10-20 13:00:00,HAM_001,HAM_001_ROBOT_1,25,9.17,0.9513,2,0,1.94,4.18,0
2024-10-20 14:00:00,MUC_001,MUC_001_ROBOT_1,30,11.14,0.9856,2,0,1.97,5.32,0
2024-10-20 14:00:00,BER_001,BER_001_ROBOT_1,5,11.79,0.7822,4,36,1.7,4.26,1
2024-10-20 14:00:00,HAM_001,HAM_001_ROBOT_1,30,10.48,0.9769,2,0,1.27,4.63,0
2024-10-20 15:00:00,MUC_001,MUC_001_ROBOT_1,25,11.97,0.9706,1,0,0.99,4.06,0
2024-10-20 15:00:00,BER_001,BER_001_ROBOT_1,26,10.29,0.9797,0,0,0.53,4.39,0
2024-10-20 15:00:00,HAM_001,HAM_001_ROBOT_1,23,10.34,0.9626,1,0,0.61,4.93,0
2024-10-20 16:00:00,MUC_001,MUC_001_ROBOT_1,23,10.91,0.9638,2,0,1.29,5.91,0
2024-10-20 16:00:00,BER_001,BER_001_ROBOT_1,22,9.37,0.9564,1,0,0.53,5.44,0
2024-10-20 16:00:00,HAM_001,HAM_001_ROBOT_1,22,9.92,0.9578,0,0,0.57,4.88,0
2024-10-20 17:00:00,MUC_001,MUC_001_ROBOT_1,25,8.17,0.9569,2,0,0.96,5.84,0
2024-10-20 17:00:00,BER_001,BER_001_ROBOT_1,18,8.4,0.9758,0,0,1.66,5.1,0
2024-10-20 17:00:00,HAM_001,HAM_001_ROBOT_1,12,9.27,0.9529,1,0,1.35,5.55,0
2024-10-20 18:00:00,MUC_001,MUC_001_ROBOT_1,23,11.39,0.9837,2,0,1.28,5.75,0
2024-10-20 18:00:00,BER_001,BER_001_ROBOT_1,26,9.25,0.9637,2,0,1.84,5.34,0
2024-10-20 18:00:00,HAM_001,HAM_001_ROBOT_1,21,9.31,0.9883,1,0,1.08,4.49,0
2024-10-20 19:00:00,MUC_001,MUC_001_ROBOT_1,22,8.14,0.9572,0,0,1.87,4.34,0
2024-10-20 19:00:00,BER_001,BER_001_ROBOT_1,26,8.85,0.9656,2,0,1.41,4.97,0
2024-10-20 19:00:00,HAM_001,HAM_001_ROBOT_1,4,10.73,0.8202,4,40,0.9,5.18,1
2024-10-20 20:00:00,MUC_001,MUC_001_ROBOT_1,23,10.1,0.9577,1,0,1.57,5.3,0
2024-10-20 20:00:00,BER_001,BER_001_ROBOT_1,25,8.74,0.9568,2,0,1.53,4.36,0
2024-10-20 20:00:00,HAM_001,HAM_001_ROBOT_1,24,11.2,0.958,0,0,1.3,4.4,0
2024-10-20 21:00:00,MUC_001,MUC_001_ROBOT_1,21,9.08,0.9787,2,0,1.57,4.28,0
2024-10-20 21:00:00,BER_001,BER_001_ROBOT_1,21,9.94,0.9859,0,0,0.58,4.71,0
2024-10-20 21:00:00,HAM_001,HAM_001_ROBOT_1,30,8.45,0.9609,2,0,1.42,5.06,0
2024-10-20 22:00:00,MUC_001,MUC_001_ROBOT_1,18,8.5,0.9826,1,0,1.74,5.69,0
2024-10-20 22:00:00,BER_001,BER_001_ROBOT_1,20,9.76,0.9606,0,0,1.38,4.36,0
2024-10-20 22:00:00,HAM_001,HAM_001_ROBOT_1,26,8.88,0.9623,2,0,0.72,4.98,0
2024-10-20 23:00:00,MUC_001,MUC_001_ROBOT_1,19,8.5,0.9825,0,0,0.71,5.95,0
2024-10-20 23:00:00,BER_001,BER_001_ROBOT_1,23,8.35,0.9836,2,0,0.82,4.86,0
2024-10-20 23:00:00,HAM_001,HAM_001_ROBOT_1,24,9.45,0.9829,1,0,0.91,5.65,0
2024-10-21 00:00:00,MUC_001,MUC_001_ROBOT_1,23,9.42,0.9895,0,0,0.94,4.57,0
2024-10-21 00:00:00,BER_001,BER_001_ROBOT_1,20,9.94,0.9643,2,0,0.82,5.82,0
2024-10-21 00:00:00,HAM_001,HAM_001_ROBOT_1,12,8.39,0.9671,2,0,0.64,5.69,0
2024-10-21 01:00:00,MUC_001,MUC_001_ROBOT_1,14,8.11,0.976,0,0,0.67,5.86,0
2024-10-21 01:00:00,BER_001,BER_001_ROBOT_1,23,11.54,0.9801,2,0,1.89,5.94,0
2024-10-21 01:00:00,HAM_001,HAM_001_ROBOT_1,29,9.64,0.9554,0,0,1.68,5.94,0
2024-10-21 02:00:00,MUC_001,MUC_001_ROBOT_1,22,10.72,0.9504,2,0,1.18,4.41,0
2024-10-21 02:00:00,BER_001,BER_001_ROBOT_1,10,11.75,0.9592,2,0,1.01,5.43,0
2024-10-21 02:00:00,HAM_001,HAM_001_ROBOT_1,25,9.67,0.9879,1,0,1.84,4.84,0
2024-10-21 03:00:00,MUC_001,MUC_001_ROBOT_1,14,9.28,0.9511,1,0,0.79,5.0,0
2024-10-21 03:00:00,BER_001,BER_001_ROBOT_1,27,9.39,0.9559,0,0,0.9,4.74,0
2024-10-21 03:00:00,HAM_001,HAM_001_ROBOT_1,14,9.79,0.9721,2,0,1.03,4.73,0
2024-10-21 04:00:00,MUC_001,MUC_001_ROBOT_1,21,9.79,0.9658,0,0,0.96,4.55,0
2024-10-21 04:00:00,BER_001,BER_001_ROBOT_1,15,10.82,0.9775,2,0,1.0,5.93,0
2024-10-21 04:00:00,HAM_001,HAM_001_ROBOT_1,24,8.75,0.9815,0,0,0.99,5.36,0
2024-10-21 05:00:00,MUC_001,MUC_001_ROBOT_1,15,10.3,0.9866,2,0,1.72,5.64,0
2024-10-21 05:00:00,BER_001,BER_001_ROBOT_1,17,8.96,0.9629,1,0,0.79,4.17,0
2024-10-21 05:00:00,HAM_001,HAM_001_ROBOT_1,11,8.3,0.9804,1,0,1.24,4.35,0
2024-10-21 06:00:00,MUC_001,MUC_001_ROBOT_1,28,10.85,0.968,1,0,0.6,5.4,0
2024-10-21 06:00:00,BER_001,BER_001_ROBOT_1,16,9.65,0.982,2,0,0.64,4.19,0
2024-10-21 06:00:00,HAM_001,HAM_001_ROBOT_1,17,10.81,0.9538,2,0,1.56,4.77,0
2024-10-21 07:00:00,MUC_001,MUC_001_ROBOT_1,21,11.8,0.9528,2,0,0.64,4.83,0
2024-10-21 07:00:00,BER_001,BER_001_ROBOT_1,20,11.23,0.969,0,0,1.11,4.29,0
2024-10-21 07:00:00,HAM_001,HAM_001_ROBOT_1,25,11.46,0.9514,2,0,0.94,5.92,0
2024-10-21 08:00:00,MUC_001,MUC_001_ROBOT_1,26,9.41,0.9669,1,0,0.61,4.81,0
2024-10-21 08:00:00,BER_001,BER_001_ROBOT_1,14,9.48,0.9521,0,0,1.87,5.43,0
2024-10-21 08:00:00,HAM_001,HAM_001_ROBOT_1,16,9.35,0.9887,1,0,1.21,4.18,0
2024-10-21 09:00:00,MUC_001,MUC_001_ROBOT_1,27,8.09,0.9839,2,0,0.86,4.68,0
2024-10-21 09:00:00,BER_001,BER_001_ROBOT_1,13,11.1,0.9599,1,0,1.0,4.16,0
2024-10-21 09:00:00,HAM_001,HAM_001_ROBOT_1,30,10.44,0.9885,1,0,0.68,4.47,0
2024-10-21 10:00:00,MUC_001,MUC_001_ROBOT_1,21,9.72,0.9584,0,0,1.1,4.9,0
2024-10-21 10:00:00,BER_001,BER_001_ROBOT_1,26,8.11,0.9829,1,0,1.02,5.59,0
2024-10-21 10:00:00,HAM_001,HAM_001_ROBOT_1,27,9.91,0.9558,0,0,1.89,5.66,0
2024-10-21 11:00:00,MUC_001,MUC_001_ROBOT_1,15,9.46,0.987,0,0,1.07,5.65,0
2024-10-21 11:00:00,BER_001,BER_001_ROBOT_1,23,9.44,0.9666,0,0,1.47,5.24,0
2024-10-21 11:00:00,HAM_001,HAM_001_ROBOT_1,11,8.48,0.9749,1,0,1.29,5.15,0
2024-10-21 12:00:00,MUC_001,MUC_001_ROBOT_1,4,8.77,0.7643,4,46,0.8,4.35,1
2024-10-21 12:00:00,BER_001,BER_001_ROBOT_1,1,9.6,0.8112,7,36,0.59,5.86,1
2024-10-21 12:00:00,HAM_001,HAM_001_ROBOT_1,11,11.33,0.9589,2,0,1.76,5.51,0
2024-10-21 13:00:00,MUC_001,MUC_001_ROBOT_1,11,8.15,0.9657,0,0,1.26,4.72,0
2024-10-21 13:00:00,BER_001,BER_001_ROBOT_1,11,10.48,0.987,2,0,0.98,4.53,0
2024-10-21 13:00:00,HAM_001,HAM_001_ROBOT_1,12,8.24,0.9532,0,0,1.57,5.26,0
2024-10-21 14:00:00,MUC_001,MUC_001_ROBOT_1,20,9.95,0.9727,0,0,1.45,4.06,0
2024-10-21 14:00:00,BER_001,BER_001_ROBOT_1,18,11.57,0.9519,1,0,1.46,5.07,0
2024-10-21 14:00:00,HAM_001,HAM_001_ROBOT_1,17,9.55,0.9825,2,0,1.57,4.31,0
2024-10-21 15:00:00,MUC_001,MUC_001_ROBOT_1,24,11.26,0.9626,2,0,1.89,4.57,0
2024-10-21 15:00:00,BER_001,BER_001_ROBOT_1,30,8.51,0.959,1,0,0.73,5.38,0
2024-10-21 15:00:00,HAM_001,HAM_001_ROBOT_1,25,10.09,0.9714,1,0,1.61,5.22,0
2024-10-21 16:00:00,MUC_001,MUC_001_ROBOT_1,16,10.2,0.982,1,0,0.75,4.64,0
2024-10-21 16:00:00,BER_001,BER_001_ROBOT_1,19,11.1,0.9671,1,0,1.54,5.02,0
2024-10-21 16:00:00,HAM_001,HAM_001_ROBOT_1,19,8.47,0.9504,2,0,1.96,5.59,0
2024-10-21 17:00:00,MUC_001,MUC_001_ROBOT_1,13,8.34,0.9725,0,0,0.56,4.81,0
2024-10-21 17:00:00,BER_001,BER_001_ROBOT_1,22,11.84,0.9799,2,0,0.89,4.26,0
2024-10-21 17:00:00,HAM_001,HAM_001_ROBOT_1,29,9.77,0.9598,2,0,0.7,4.46,0
2024-10-21 18:00:00,MUC_001,MUC_001_ROBOT_1,30,10.57,0.9581,0,0,1.84,5.62,0
2024-10-21 18:00:00,BER_001,BER_001_ROBOT_1,10,11.96,0.9628,0,0,1.19,5.7,0
2024-10-21 18:00:00,HAM_001,HAM_001_ROBOT_1,13,11.76,0.9714,0,0,0.72,5.61,0
2024-10-21 19:00:00,MUC_001,MUC_001_ROBOT_1,24,9.71,0.9682,0,0,1.26,4.15,0
2024-10-21 19:00:00,BER_001,BER_001_ROBOT_1,20,8.28,0.9583,1,0,1.2,5.86,0
2024-10-21 19:00:00,HAM_001,HAM_001_ROBOT_1,16,10.05,0.9757,0,0,1.54,5.29,0
2024-10-21 20:00:00,MUC_001,MUC_001_ROBOT_1,25,9.48,0.9568,0,0,1.39,5.33,0
2024-10-21 20:00:00,BER_001,BER_001_ROBOT_1,2,8.78,0.7902,7,16,1.35,5.54,1
2024-10-21 20:00:00,HAM_001,HAM_001_ROBOT_1,16,11.74,0.9887,1,0,0.63,4.91,0
2024-10-21 21:00:00,MUC_001,MUC_001_ROBOT_1,22,8.59,0.965,0,0,0.54,5.65,0
2024-10-21 21:00:00,BER_001,BER_001_ROBOT_1,16,9.04,0.9587,0,0,1.18,4.51,0
2024-10-21 21:00:00,HAM_001,HAM_001_ROBOT_1,14,11.2,0.9826,2,0,1.04,5.25,0
2024-10-21 22:00:00,MUC_001,MUC_001_ROBOT_1,23,8.82,0.9714,1,0,1.13,5.1,0
2024-10-21 22:00:00,BER_001,BER_001_ROBOT_1,27,10.83,0.9589,1,0,0.65,5.37,0
2024-10-21 22:00:00,HAM_001,HAM_001_ROBOT_1,11,8.83,0.9599,2,0,1.6,5.2,0
2024-10-21 23:00:00,MUC_001,MUC_001_ROBOT_1,25,9.65,0.9639,0,0,1.46,4.92,0
2024-10-21 23:00:00,BER_001,BER_001_ROBOT_1,27,8.9,0.9619,1,0,0.7,5.04,0
2024-10-21 23:00:00,HAM_001,HAM_001_ROBOT_1,13,10.22,0.9684,2,0,0.58,5.05,0
2024-10-22 00:00:00,MUC_001,MUC_001_ROBOT_1,21,10.41,0.9536,2,0,1.62,4.53,0
2024-10-22 00:00:00,BER_001,BER_001_ROBOT_1,13,10.16,0.9787,0,0,1.2,4.09,0
2024-10-22 00:00:00,HAM_001,HAM_001_ROBOT_1,19,10.86,0.9587,1,0,1.25,4.66,0
2024-10-22 01:00:00,MUC_001,MUC_001_ROBOT_1,5,10.19,0.7277,6,41,0.62,4.56,1
2024-10-22 01:00:00,BER_001,BER_001_ROBOT_1,18,9.15,0.9627,0,0,1.55,4.41,0
2024-10-22 01:00:00,HAM_001,HAM_001_ROBOT_1,27,8.23,0.9745,2,0,0.61,5.04,0
2024-10-22 02:00:00,MUC_001,MUC_001_ROBOT_1,20,9.43,0.9781,1,0,0.8,4.37,0
2024-10-22 02:00:00,BER_001,BER_001_ROBOT_1,14,8.76,0.9677,1,0,1.06,4.51,0
2024-10-22 02:00:00,HAM_001,HAM_001_ROBOT_1,22,11.95,0.9874,1,0,1.01,5.07,0
2024-10-22 03:00:00,MUC_001,MUC_001_ROBOT_1,23,11.32,0.978,2,0,1.36,5.93,0
2024-10-22 03:00:00,BER_001,BER_001_ROBOT_1,24,11.64,0.9558,1,0,1.09,4.4,0
2024-10-22 03:00:00,HAM_001,HAM_001_ROBOT_1,17,9.39,0.9675,1,0,0.92,4.74,0
2024-10-22 04:00:00,MUC_001,MUC_001_ROBOT_1,20,8.2,0.973,2,0,1.04,5.42,0
2024-10-22 04:00:00,BER_001,BER_001_ROBOT_1,27,11.04,0.9523,0,0,1.28,5.26,0
2024-10-22 04:00:00,HAM_001,HAM_001_ROBOT_1,12,11.88,0.9823,2,0,1.26,5.25,0
2024-10-22 05:00:00,MUC_001,MUC_001_ROBOT_1,15,8.63,0.9522,0,0,1.95,5.95,0
2024-10-22 05:00:00,BER_001,BER_001_ROBOT_1,15,8.96,0.9747,2,0,0.87,5.17,0
2024-10-22 05:00:00,HAM_001,HAM_001_ROBOT_1,30,9.05,0.9761,1,0,1.82,4.75,0
2024-10-22 06:00:00,MUC_001,MUC_001_ROBOT_1,22,10.43,0.9777,2,0,1.97,5.0,0
2024-10-22 06:00:00,BER_001,BER_001_ROBOT_1,10,11.31,0.9629,0,0,0.67,5.89,0
2024-10-22 06:00:00,HAM_001,HAM_001_ROBOT_1,18,11.67,0.9701,1,0,1.65,5.24,0
2024-10-22 07:00:00,MUC_001,MUC_001_ROBOT_1,17,10.17,0.9654,0,0,0.54,5.49,0
2024-10-22 07:00:00,BER_001,BER_001_ROBOT_1,19,8.87,0.9803,0,0,1.78,5.54,0
2024-10-22 07:00:00,HAM_001,HAM_001_ROBOT_1,18,9.31,0.9895,2,0,0.86,4.44,0
2024-10-22 08:00:00,MUC_001,MUC_001_ROBOT_1,19,9.71,0.9741,1,0,1.83,5.1,0
2024-10-22 08:00:00,BER_001,BER_001_ROBOT_1,19,10.4,0.9525,2,0,1.16,4.69,0
2024-10-22 08:00:00,HAM_001,HAM_001_ROBOT_1,24,11.04,0.9534,2,0,0.64,5.61,0
2024-10-22 09:00:00,MUC_001,MUC_001_ROBOT_1,18,11.15,0.9627,2,0,0.94,5.86,0
2024-10-22 09:00:00,BER_001,BER_001_ROBOT_1,10,10.28,0.9897,1,0,1.73,6.0,0
2024-10-22 09:00:00,HAM_001,HAM_001_ROBOT_1,23,11.94,0.9719,0,0,0.68,4.61,0
2024-10-22 10:00:00,MUC_001,MUC_001_ROBOT_1,13,11.44,0.9729,0,0,1.07,5.06,0
2024-10-22 10:00:00,BER_001,BER_001_ROBOT_1,1,10.55,0.7414,4,26,1.09,5.3,1
2024-10-22 10:00:00,HAM_001,HAM_001_ROBOT_1,24,9.31,0.98,0,0,1.81,5.54,0
2024-10-22 11:00:00,MUC_001,MUC_001_ROBOT_1,24,8.41,0.966,2,0,1.64,4.67,0
2024-10-22 11:00:00,BER_001,BER_001_ROBOT_1,17,10.11,0.974,2,0,0.59,4.54,0
2024-10-22 11:00:00,HAM_001,HAM_001_ROBOT_1,22,10.24,0.9541,0,0,0.74,4.74,0
2024-10-22 12:00:00,MUC_001,MUC_001_ROBOT_1,13,10.91,0.9541,1,0,1.36,4.8,0
2024-10-22 12:00:00,BER_001,BER_001_ROBOT_1,22,9.84,0.9776,0,0,1.01,5.75,0
2024-10-22 12:00:00,HAM_001,HAM_001_ROBOT_1,16,9.63,0.9655,2,0,1.78,4.31,0
2024-10-22 13:00:00,MUC_001,MUC_001_ROBOT_1,27,11.01,0.9848,1,0,1.04,5.92,0
2024-10-22 13:00:00,BER_001,BER_001_ROBOT_1,13,8.85,0.9683,1,0,1.72,5.69,0
2024-10-22 13:00:00,HAM_001,HAM_001_ROBOT_1,28,10.51,0.9537,2,0,1.12,4.61,0
2024-10-22 14:00:00,MUC_001,MUC_001_ROBOT_1,10,11.43,0.9761,0,0,1.48,4.07,0
2024-10-22 14:00:00,BER_001,BER_001_ROBOT_1,24,9.4,0.9847,1,0,0.77,5.71,0
2024-10-22 14:00:00,HAM_001,HAM_001_ROBOT_1,26,8.48,0.9865,0,0,0.6,4.68,0
2024-10-22 15:00:00,MUC_001,MUC_001_ROBOT_1,25,10.7,0.9681,1,0,1.54,5.44,0
2024-10-22 15:00:00,BER_001,BER_001_ROBOT_1,29,9.84,0.9773,1,0,0.88,5.04,0
2024-10-22 15:00:00,HAM_001,HAM_001_ROBOT_1,17,11.58,0.965,0,0,1.86,5.95,0
2024-10-22 16:00:00,MUC_001,MUC_001_ROBOT_1,25,11.73,0.974,0,0,0.86,5.7,0
2024-10-22 16:00:00,BER_001,BER_001_ROBOT_1,14,9.34,0.9577,1,0,1.51,4.77,0
2024-10-22 16:00:00,HAM_001,HAM_001_ROBOT_1,21,11.78,0.98,0,0,1.9,5.26,0
2024-10-22 17:00:00,MUC_001,MUC_001_ROBOT_1,13,11.75,0.966,0,0,1.06,4.22,0
2024-10-22 17:00:00,BER_001,BER_001_ROBOT_1,23,10.37,0.9717,0,0,0.57,4.3,0
2024-10-22 17:00:00,HAM_001,HAM_001_ROBOT_1,24,10.47,0.965,1,0,1.47,5.76,0
2024-10-22 18:00:00,MUC_001,MUC_001_ROBOT_1,13,8.96,0.9707,1,0,1.44,5.87,0
2024-10-22 18:00:00,BER_001,BER_001_ROBOT_1,11,11.65,0.9791,0,0,0.89,5.52,0
2024-10-22 18:00:00,HAM_001,HAM_001_ROBOT_1,24,9.73,0.9852,0,0,1.63,5.36,0
2024-10-22 19:00:00,MUC_001,MUC_001_ROBOT_1,17,11.45,0.9775,1,0,1.63,4.76,0
2024-10-22 19:00:00,BER_001,BER_001_ROBOT_1,10,11.98,0.9823,1,0,0.88,4.01,0
2024-10-22 19:00:00,HAM_001,HAM_001_ROBOT_1,25,8.32,0.9523,0,0,1.47,4.11,0
2024-10-22 20:00:00,MUC_001,MUC_001_ROBOT_1,11,11.97,0.9593,2,0,1.56,4.67,0
2024-10-22 20:00:00,BER_001,BER_001_ROBOT_1,19,11.73,0.9882,1,0,0.52,5.51,0
2024-10-22 20:00:00,HAM_001,HAM_001_ROBOT_1,19,8.74,0.9791,2,0,1.99,4.61,0
2024-10-22 21:00:00,MUC_001,MUC_001_ROBOT_1,16,11.3,0.976,0,0,0.5,5.43,0
2024-10-22 21:00:00,BER_001,BER_001_ROBOT_1,10,9.28,0.9525,1,0,0.66,5.21,0
2024-10-22 21:00:00,HAM_001,HAM_001_ROBOT_1,22,8.3,0.976,1,0,0.73,4.07,0
2024-10-22 22:00:00,MUC_001,MUC_001_ROBOT_1,21,9.57,0.9552,2,0,1.88,4.98,0
2024-10-22 22:00:00,BER_001,BER_001_ROBOT_1,4,9.82,0.787,9,18,0.73,5.43,1
2024-10-22 22:00:00,HAM_001,HAM_001_ROBOT_1,17,11.02,0.974,1,0,1.57,5.37,0
2024-10-22 23:00:00,MUC_001,MUC_001_ROBOT_1,10,9.16,0.9507,0,0,1.05,5.89,0
2024-10-22 23:00:00,BER_001,BER_001_ROBOT_1,20,11.92,0.9561,0,0,0.66,4.68,0
2024-10-22 23:00:00,HAM_001,HAM_001_ROBOT_1,18,8.72,0.961,2,0,0.51,5.64,0
2024-10-23 00:00:00,MUC_001,MUC_001_ROBOT_1,14,9.12,0.969,2,0,0.86,5.91,0
2024-10-23 00:00:00,BER_001,BER_001_ROBOT_1,21,10.22,0.9814,0,0,1.05,4.01,0
2024-10-23 00:00:00,HAM_001,HAM_001_ROBOT_1,19,11.96,0.9842,0,0,1.93,4.87,0
2024-10-23 01:00:00,MUC_001,MUC_001_ROBOT_1,21,8.71,0.9652,1,0,1.43,4.84,0
2024-10-23 01:00:00,BER_001,BER_001_ROBOT_1,30,9.49,0.9824,0,0,1.09,4.91,0
2024-10-23 01:00:00,HAM_001,HAM_001_ROBOT_1,14,11.13,0.9843,1,0,1.44,4.67,0
2024-10-23 02:00:00,MUC_001,MUC_001_ROBOT_1,5,8.78,0.7302,8,55,0.92,4.85,1
2024-10-23 02:00:00,BER_001,BER_001_ROBOT_1,21,8.85,0.9728,2,0,0.66,4.82,0
2024-10-23 02:00:00,HAM_001,HAM_001_ROBOT_1,23,10.39,0.9764,1,0,0.82,5.33,0
2024-10-23 03:00:00,MUC_001,MUC_001_ROBOT_1,17,10.94,0.984,0,0,1.39,4.07,0
2024-10-23 03:00:00,BER_001,BER_001_ROBOT_1,12,10.38,0.9526,0,0,1.96,4.12,0
2024-10-23 03:00:00,HAM_001,HAM_001_ROBOT_1,22,11.63,0.9783,0,0,1.32,5.37,0
2024-10-23 04:00:00,MUC_001,MUC_001_ROBOT_1,12,10.76,0.9662,1,0,1.19,5.25,0
2024-10-23 04:00:00,BER_001,BER_001_ROBOT_1,17,8.53,0.9641,1,0,1.8,4.11,0
2024-10-23 04:00:00,HAM_001,HAM_001_ROBOT_1,14,11.56,0.9605,2,0,1.11,5.7,0
2024-10-23 05:00:00,MUC_001,MUC_001_ROBOT_1,21,8.96,0.9621,1,0,1.37,5.98,0
2024-10-23 05:00:00,BER_001,BER_001_ROBOT_1,20,9.82,0.9734,0,0,1.9,5.63,0
2024-10-23 05:00:00,HAM_001,HAM_001_ROBOT_1,28,11.24,0.9893,1,0,1.09,5.72,0
2024-10-23 06:00:00,MUC_001,MUC_001_ROBOT_1,10,8.2,0.9641,0,0,1.73,5.19,0
2024-10-23 06:00:00,BER_001,BER_001_ROBOT_1,24,9.51,0.9618,1,0,1.41,4.9,0
2024-10-23 06:00:00,HAM_001,HAM_001_ROBOT_1,28,11.4,0.9845,0,0,1.32,4.07,0
2024-10-23 07:00:00,MUC_001,MUC_001_ROBOT_1,10,9.56,0.9558,0,0,0.89,4.48,0
2024-10-23 07:00:00,BER_001,BER_001_ROBOT_1,14,9.06,0.9602,2,0,1.67,5.57,0
2024-10-23 07:00:00,HAM_001,HAM_001_ROBOT_1,30,11.84,0.9851,2,0,1.89,4.94,0
2024-10-23 08:00:00,MUC_001,MUC_001_ROBOT_1,19,9.22,0.9692,1,0,1.5,5.35,0
2024-10-23 08:00:00,BER_001,BER_001_ROBOT_1,27,11.86,0.9516,2,0,0.72,5.61,0
2024-10-23 08:00:00,HAM_001,HAM_001_ROBOT_1,25,9.94,0.9622,2,0,0.82,5.67,0
2024-10-23 09:00:00,MUC_001,MUC_001_ROBOT_1,24,10.69,0.9589,2,0,0.83,4.04,0
2024-10-23 09:00:00,BER_001,BER_001_ROBOT_1,20,9.01,0.9704,0,0,1.97,4.51,0
2024-10-23 09:00:00,HAM_001,HAM_001_ROBOT_1,27,10.18,0.9678,2,0,1.37,5.97,0
2024-10-23 10:00:00,MUC_001,MUC_001_ROBOT_1,2,9.61,0.7599,4,20,1.34,4.5,1
2024-10-23 10:00:00,BER_001,BER_001_ROBOT_1,22,11.48,0.981,2,0,1.02,4.12,0
2024-10-23 10:00:00,HAM_001,HAM_001_ROBOT_1,11,11.62,0.9669,1,0,1.42,4.48,0
2024-10-23 11:00:00,MUC_001,MUC_001_ROBOT_1,15,11.89,0.9601,1,0,1.12,5.67,0
2024-10-23 11:00:00,BER_001,BER_001_ROBOT_1,19,8.3,0.9636,0,0,1.55,4.15,0
2024-10-23 11:00:00,HAM_001,HAM_001_ROBOT_1,15,11.66,0.9861,0,0,1.85,5.62,0
2024-10-23 12:00:00,MUC_001,MUC_001_ROBOT_1,13,11.93,0.9579,1,0,1.99,5.05,0
2024-10-23 12:00:00,BER_001,BER_001_ROBOT_1,14,8.77,0.9745,0,0,1.3,5.84,0
2024-10-23 12:00:00,HAM_001,HAM_001_ROBOT_1,23,9.33,0.9665,2,0,1.6,4.1,0
2024-10-23 13:00:00,MUC_001,MUC_001_ROBOT_1,13,10.21,0.9503,1,0,1.39,4.94,0
2024-10-23 13:00:00,BER_001,BER_001_ROBOT_1,2,11.98,0.7399,9,37,1.01,4.83,1
2024-10-23 13:00:00,HAM_001,HAM_001_ROBOT_1,12,10.46,0.9548,0,0,2.0,5.84,0
2024-10-23 14:00:00,MUC_001,MUC_001_ROBOT_1,29,11.28,0.9828,2,0,1.03,4.99,0
2024-10-23 14:00:00,BER_001,BER_001_ROBOT_1,14,10.34,0.9682,0,0,0.54,4.86,0
2024-10-23 14:00:00,HAM_001,HAM_001_ROBOT_1,15,8.16,0.9778,1,0,1.47,5.17,0
2024-10-23 15:00:00,MUC_001,MUC_001_ROBOT_1,4,8.57,0.7236,5,50,0.52,5.49,1
2024-10-23 15:00:00,BER_001,BER_001_ROBOT_1,17,11.36,0.9709,1,0,1.24,5.13,0
2024-10-23 15:00:00,HAM_001,HAM_001_ROBOT_1,17,8.77,0.9674,2,0,1.78,4.73,0
2024-10-23 16:00:00,MUC_001,MUC_001_ROBOT_1,21,8.14,0.9888,2,0,1.21,5.85,0
2024-10-23 16:00:00,BER_001,BER_001_ROBOT_1,30,11.47,0.9689,2,0,0.56,4.41,0
2024-10-23 16:00:00,HAM_001,HAM_001_ROBOT_1,27,10.61,0.972,2,0,1.37,4.28,0
2024-10-23 17:00:00,MUC_001,MUC_001_ROBOT_1,17,11.22,0.9899,2,0,1.92,5.35,0
2024-10-23 17:00:00,BER_001,BER_001_ROBOT_1,24,10.4,0.9735,0,0,1.62,5.02,0
2024-10-23 17:00:00,HAM_001,HAM_001_ROBOT_1,16,10.72,0.9528,1,0,1.23,4.52,0
2024-10-23 18:00:00,MUC_001,MUC_001_ROBOT_1,15,8.83,0.9667,0,0,1.4,4.14,0
2024-10-23 18:00:00,BER_001,BER_001_ROBOT_1,29,9.31,0.955,0,0,1.09,5.73,0
2024-10-23 18:00:00,HAM_001,HAM_001_ROBOT_1,20,10.04,0.9568,1,0,1.64,4.74,0
2024-10-23 19:00:00,MUC_001,MUC_001_ROBOT_1,28,10.07,0.9816,1,0,1.51,4.1,0
2024-10-23 19:00:00,BER_001,BER_001_ROBOT_1,30,9.72,0.9819,1,0,1.19,4.6,0
2024-10-23 19:00:00,HAM_001,HAM_001_ROBOT_1,12,10.74,0.9597,1,0,0.69,5.14,0
2024-10-23 20:00:00,MUC_001,MUC_001_ROBOT_1,25,8.18,0.9674,1,0,1.28,5.14,0
2024-10-23 20:00:00,BER_001,BER_001_ROBOT_1,12,8.11,0.9894,0,0,1.21,5.03,0
2024-10-23 20:00:00,HAM_001,HAM_001_ROBOT_1,26,8.5,0.9552,0,0,1.0,4.38,0
2024-10-23 21:00:00,MUC_001,MUC_001_ROBOT_1,0,11.02,0.7672,8,20,1.8,5.48,1
2024-10-23 21:00:00,BER_001,BER_001_ROBOT_1,24,8.4,0.9621,1,0,1.16,4.14,0
2024-10-23 21:00:00,HAM_001,HAM_001_ROBOT_1,16,11.32,0.9592,0,0,0.86,5.42,0
2024-10-23 22:00:00,MUC_001,MUC_001_ROBOT_1,12,11.65,0.9581,2,0,1.64,4.21,0
2024-10-23 22:00:00,BER_001,BER_001_ROBOT_1,10,9.75,0.9577,2,0,0.8,4.84,0
2024-10-23 22:00:00,HAM_001,HAM_001_ROBOT_1,20,10.14,0.9515,0,0,1.39,5.62,0
2024-10-23 23:00:00,MUC_001,MUC_001_ROBOT_1,23,10.87,0.9636,0,0,1.41,4.86,0
2024-10-23 23:00:00,BER_001,BER_001_ROBOT_1,12,10.84,0.966,1,0,1.06,4.37,0
2024-10-23 23:00:00,HAM_001,HAM_001_ROBOT_1,30,8.07,0.9779,2,0,1.55,5.0,0
2024-10-24 00:00:00,MUC_001,MUC_001_ROBOT_1,14,11.52,0.9661,1,0,1.01,4.85,0
2024-10-24 00:00:00,BER_001,BER_001_ROBOT_1,27,9.28,0.9746,0,0,0.88,5.55,0
2024-10-24 00:00:00,HAM_001,HAM_001_ROBOT_1,13,10.61,0.9884,2,0,0.94,4.04,0
2024-10-24 01:00:00,MUC_001,MUC_001_ROBOT_1,15,10.23,0.9591,1,0,1.36,5.77,0
2024-10-24 01:00:00,BER_001,BER_001_ROBOT_1,26,8.09,0.9582,2,0,1.38,5.66,0
2024-10-24 01:00:00,HAM_001,HAM_001_ROBOT_1,10,11.63,0.9746,2,0,0.75,4.45,0
2024-10-24 02:00:00,MUC_001,MUC_001_ROBOT_1,29,10.74,0.9887,2,0,0.66,4.4,0
2024-10-24 02:00:00,BER_001,BER_001_ROBOT_1,10,8.53,0.9813,2,0,1.64,5.96,0
2024-10-24 02:00:00,HAM_001,HAM_001_ROBOT_1,11,8.75,0.9718,1,0,1.57,4.31,0
2024-10-24 03:00:00,MUC_001,MUC_001_ROBOT_1,23,9.12,0.9771,0,0,1.6,5.97,0
2024-10-24 03:00:00,BER_001,BER_001_ROBOT_1,19,10.12,0.9749,0,0,1.13,4.42,0
2024-10-24 03:00:00,HAM_001,HAM_001_ROBOT_1,15,11.26,0.9801,2,0,1.94,4.71,0
2024-10-24 04:00:00,MUC_001,MUC_001_ROBOT_1,20,8.71,0.951,0,0,0.8,4.54,0
2024-10-24 04:00:00,BER_001,BER_001_ROBOT_1,27,9.97,0.9862,1,0,0.88,4.77,0
2024-10-24 04:00:00,HAM_001,HAM_001_ROBOT_1,18,10.33,0.9678,2,0,1.22,5.05,0
2024-10-24 05:00:00,MUC_001,MUC_001_ROBOT_1,27,9.87,0.9716,1,0,1.59,4.02,0
2024-10-24 05:00:00,BER_001,BER_001_ROBOT_1,10,10.04,0.9595,1,0,0.98,5.55,0
2024-10-24 05:00:00,HAM_001,HAM_001_ROBOT_1,11,8.18,0.9681,1,0,1.85,4.83,0
2024-10-24 06:00:00,MUC_001,MUC_001_ROBOT_1,17,9.53,0.9714,0,0,0.53,4.46,0
2024-10-24 06:00:00,BER_001,BER_001_ROBOT_1,21,9.89,0.9507,1,0,0.78,5.82,0
2024-10-24 06:00:00,HAM_001,HAM_001_ROBOT_1,18,10.89,0.9641,0,0,1.27,4.62,0
2024-10-24 07:00:00,MUC_001,MUC_001_ROBOT_1,18,9.22,0.9881,0,0,1.0,5.78,0
2024-10-24 07:00:00,BER_001,BER_001_ROBOT_1,20,11.94,0.9704,2,0,0.67,5.0,0
2024-10-24 07:00:00,HAM_001,HAM_001_ROBOT_1,27,11.63,0.9503,1,0,1.01,5.14,0
2024-10-24 08:00:00,MUC_001,MUC_001_ROBOT_1,29,11.19,0.9589,1,0,1.49,4.83,0
2024-10-24 08:00:00,BER_001,BER_001_ROBOT_1,22,10.94,0.9648,0,0,1.05,4.22,0
2024-10-24 08:00:00,HAM_001,HAM_001_ROBOT_1,25,10.3,0.9786,0,0,1.42,4.55,0
2024-10-24 09:00:00,MUC_001,MUC_001_ROBOT_1,16,8.57,0.9898,2,0,1.61,4.09,0
2024-10-24 09:00:00,BER_001,BER_001_ROBOT_1,19,10.96,0.9782,0,0,0.7,4.34,0
2024-10-24 09:00:00,HAM_001,HAM_001_ROBOT_1,10,9.17,0.981,0,0,1.82,4.64,0
2024-10-24 10:00:00,MUC_001,MUC_001_ROBOT_1,29,8.96,0.9896,1,0,1.06,4.62,0
2024-10-24 10:00:00,BER_001,BER_001_ROBOT_1,1,10.53,0.7893,5,23,1.39,4.88,1
2024-10-24 10:00:00,HAM_001,HAM_001_ROBOT_1,16,8.15,0.9529,2,0,1.05,4.75,0
2024-10-24 11:00:00,MUC_001,MUC_001_ROBOT_1,28,8.34,0.969,0,0,1.32,5.08,0
2024-10-24 11:00:00,BER_001,BER_001_ROBOT_1,16,9.48,0.9755,1,0,1.47,5.99,0
2024-10-24 11:00:00,HAM_001,HAM_001_ROBOT_1,29,8.52,0.9695,0,0,0.98,4.84,0
2024-10-24 12:00:00,MUC_001,MUC_001_ROBOT_1,22,10.13,0.9736,2,0,0.63,4.08,0
2024-10-24 12:00:00,BER_001,BER_001_ROBOT_1,30,10.4,0.987,2,0,0.61,5.66,0
2024-10-24 12:00:00,HAM_001,HAM_001_ROBOT_1,27,11.77,0.9528,0,0,1.57,4.11,0
2024-10-24 13:00:00,MUC_001,MUC_001_ROBOT_1,19,10.01,0.9734,2,0,1.51,5.44,0
2024-10-24 13:00:00,BER_001,BER_001_ROBOT_1,28,10.26,0.9823,0,0,1.9,5.45,0
2024-10-24 13:00:00,HAM_001,HAM_001_ROBOT_1,27,8.1,0.9781,1,0,1.36,5.49,0
2024-10-24 14:00:00,MUC_001,MUC_001_ROBOT_1,10,8.9,0.9789,2,0,1.21,5.67,0
2024-10-24 14:00:00,BER_001,BER_001_ROBOT_1,29,10.1,0.9792,0,0,1.04,5.35,0
2024-10-24 14:00:00,HAM_001,HAM_001_ROBOT_1,28,11.17,0.9669,2,0,0.91,5.77,0
2024-10-24 15:00:00,MUC_001,MUC_001_ROBOT_1,17,9.74,0.9621,0,0,0.69,4.06,0
2024-10-24 15:00:00,BER_001,BER_001_ROBOT_1,11,9.0,0.972,1,0,0.88,4.52,0
2024-10-24 15:00:00,HAM_001,HAM_001_ROBOT_1,15,10.58,0.9724,0,0,1.82,4.58,0
2024-10-24 16:00:00,MUC_001,MUC_001_ROBOT_1,14,11.71,0.9539,0,0,1.13,5.39,0
2024-10-24 16:00:00,BER_001,BER_001_ROBOT_1,10,11.01,0.9766,1,0,1.31,5.53,0
2024-10-24 16:00:00,HAM_001,HAM_001_ROBOT_1,29,10.72,0.9647,2,0,1.08,5.0,0
2024-10-24 17:00:00,MUC_001,MUC_001_ROBOT_1,29,9.78,0.953,2,0,0.9,4.99,0
2024-10-24 17:00:00,BER_001,BER_001_ROBOT_1,27,9.08,0.9631,0,0,0.93,5.98,0
2024-10-24 17:00:00,HAM_001,HAM_001_ROBOT_1,29,10.33,0.9866,0,0,0.93,4.09,0
2024-10-24 18:00:00,MUC_001,MUC_001_ROBOT_1,18,11.91,0.9721,1,0,0.67,4.52,0
2024-10-24 18:00:00,BER_001,BER_001_ROBOT_1,3,10.39,0.8312,7,44,0.63,5.96,1
2024-10-24 18:00:00,HAM_001,HAM_001_ROBOT_1,11,11.48,0.9811,1,0,1.57,5.91,0
2024-10-24 19:00:00,MUC_001,MUC_001_ROBOT_1,27,9.31,0.9653,2,0,1.75,5.01,0
2024-10-24 19:00:00,BER_001,BER_001_ROBOT_1,13,11.53,0.9824,1,0,1.98,5.9,0
2024-10-24 19:00:00,HAM_001,HAM_001_ROBOT_1,4,10.91,0.8154,3,40,0.76,5.04,1
2024-10-24 20:00:00,MUC_001,MUC_001_ROBOT_1,11,9.73,0.9687,0,0,1.23,5.77,0
2024-10-24 20:00:00,BER_001,BER_001_ROBOT_1,25,11.09,0.9535,1,0,0.89,4.35,0
2024-10-24 20:00:00,HAM_001,HAM_001_ROBOT_1,23,10.21,0.9563,0,0,1.49,4.79,0
2024-10-24 21:00:00,MUC_001,MUC_001_ROBOT_1,20,11.95,0.9734,0,0,1.07,4.55,0
2024-10-24 21:00:00,BER_001,BER_001_ROBOT_1,28,10.5,0.9842,1,0,1.63,4.04,0
2024-10-24 21:00:00,HAM_001,HAM_001_ROBOT_1,22,11.94,0.9739,1,0,1.54,5.49,0
2024-10-24 22:00:00,MUC_001,MUC_001_ROBOT_1,20,8.44,0.9847,2,0,0.57,5.54,0
2024-10-24 22:00:00,BER_001,BER_001_ROBOT_1,27,9.12,0.9687,0,0,1.94,5.29,0
2024-10-24 22:00:00,HAM_001,HAM_001_ROBOT_1,17,8.37,0.9774,0,0,1.61,5.59,0
2024-10-24 23:00:00,MUC_001,MUC_001_ROBOT_1,22,10.54,0.9871,0,0,1.81,5.32,0
2024-10-24 23:00:00,BER_001,BER_001_ROBOT_1,25,11.69,0.9625,0,0,2.0,4.12,0
2024-10-24 23:00:00,HAM_001,HAM_001_ROBOT_1,24,8.8,0.9839,0,0,1.18,4.67,0
2024-10-25 00:00:00,MUC_001,MUC_001_ROBOT_1,16,11.93,0.9518,0,0,0.7,5.52,0
2024-10-25 00:00:00,BER_001,BER_001_ROBOT_1,3,8.77,0.7958,8,19,1.83,4.17,1
2024-10-25 00:00:00,HAM_001,HAM_001_ROBOT_1,18,10.79,0.9844,0,0,1.27,4.26,0
2024-10-25 01:00:00,MUC_001,MUC_001_ROBOT_1,4,9.2,0.7804,4,16,0.65,4.86,1
2024-10-25 01:00:00,BER_001,BER_001_ROBOT_1,30,11.85,0.9505,1,0,1.51,4.46,0
2024-10-25 01:00:00,HAM_001,HAM_001_ROBOT_1,4,10.74,0.8297,9,18,1.86,4.62,1
2024-10-25 02:00:00,MUC_001,MUC_001_ROBOT_1,22,9.78,0.9811,1,0,1.65,5.76,0
2024-10-25 02:00:00,BER_001,BER_001_ROBOT_1,16,9.0,0.9824,0,0,0.94,5.24,0
2024-10-25 02:00:00,HAM_001,HAM_001_ROBOT_1,5,10.64,0.7196,4,54,1.15,5.77,1
2024-10-25 03:00:00,MUC_001,MUC_001_ROBOT_1,14,8.72,0.975,1,0,1.46,4.11,0
2024-10-25 03:00:00,BER_001,BER_001_ROBOT_1,1,11.58,0.7417,6,39,1.3,4.29,1
2024-10-25 03:00:00,HAM_001,HAM_001_ROBOT_1,13,9.19,0.9841,0,0,1.2,4.25,0
2024-10-25 04:00:00,MUC_001,MUC_001_ROBOT_1,15,10.07,0.9513,0,0,1.04,4.61,0
2024-10-25 04:00:00,BER_001,BER_001_ROBOT_1,25,10.84,0.9676,0,0,1.31,5.09,0
2024-10-25 04:00:00,HAM_001,HAM_001_ROBOT_1,19,11.35,0.9668,1,0,1.4,4.39,0
2024-10-25 05:00:00,MUC_001,MUC_001_ROBOT_1,14,8.68,0.9807,0,0,0.83,4.58,0
2024-10-25 05:00:00,BER_001,BER_001_ROBOT_1,12,8.21,0.9564,2,0,0.57,5.94,0
2024-10-25 05:00:00,HAM_001,HAM_001_ROBOT_1,13,8.02,0.9588,2,0,1.01,5.77,0
2024-10-25 06:00:00,MUC_001,MUC_001_ROBOT_1,18,9.3,0.9737,1,0,1.82,5.41,0
2024-10-25 06:00:00,BER_001,BER_001_ROBOT_1,30,11.1,0.9855,0,0,1.23,4.31,0
2024-10-25 06:00:00,HAM_001,HAM_001_ROBOT_1,19,11.13,0.9831,1,0,1.7,4.71,0
2024-10-25 07:00:00,MUC_001,MUC_001_ROBOT_1,11,11.9,0.9796,1,0,0.85,4.66,0
2024-10-25 07:00:00,BER_001,BER_001_ROBOT_1,27,9.41,0.9763,2,0,0.73,4.73,0
2024-10-25 07:00:00,HAM_001,HAM_001_ROBOT_1,18,9.55,0.9652,2,0,1.6,5.46,0
2024-10-25 08:00:00,MUC_001,MUC_001_ROBOT_1,10,11.61,0.9739,1,0,1.83,5.39,0
2024-10-25 08:00:00,BER_001,BER_001_ROBOT_1,16,11.65,0.9887,1,0,1.88,4.98,0
2024-10-25 08:00:00,HAM_001,HAM_001_ROBOT_1,12,9.67,0.9661,2,0,1.24,5.04,0
2024-10-25 09:00:00,MUC_001,MUC_001_ROBOT_1,20,11.54,0.9815,1,0,1.73,4.31,0
2024-10-25 09:00:00,BER_001,BER_001_ROBOT_1,21,11.99,0.9508,2,0,1.64,4.96,0
2024-10-25 09:00:00,HAM_001,HAM_001_ROBOT_1,0,10.14,0.7666,7,44,1.49,5.32,1
2024-10-25 10:00:00,MUC_001,MUC_001_ROBOT_1,5,8.24,0.7966,8,24,1.23,5.15,1
2024-10-25 10:00:00,BER_001,BER_001_ROBOT_1,21,8.93,0.9862,0,0,1.36,5.88,0
2024-10-25 10:00:00,HAM_001,HAM_001_ROBOT_1,12,11.12,0.9894,2,0,1.41,4.75,0
2024-10-25 11:00:00,MUC_001,MUC_001_ROBOT_1,13,9.35,0.9611,0,0,0.7,4.92,0
2024-10-25 11:00:00,BER_001,BER_001_ROBOT_1,24,10.96,0.9516,1,0,1.42,4.29,0
2024-10-25 11:00:00,HAM_001,HAM_001_ROBOT_1,23,8.76,0.9656,0,0,1.01,5.9,0
2024-10-25 12:00:00,MUC_001,MUC_001_ROBOT_1,21,8.67,0.9656,2,0,1.3,4.54,0
2024-10-25 12:00:00,BER_001,BER_001_ROBOT_1,21,8.67,0.9625,2,0,1.68,5.73,0
2024-10-25 12:00:00,HAM_001,HAM_001_ROBOT_1,11,8.96,0.9888,1,0,1.57,5.05,0
2024-10-25 13:00:00,MUC_001,MUC_001_ROBOT_1,18,10.21,0.9879,0,0,0.83,5.14,0
2024-10-25 13:00:00,BER_001,BER_001_ROBOT_1,30,11.37,0.9566,0,0,1.09,5.98,0
2024-10-25 13:00:00,HAM_001,HAM_001_ROBOT_1,15,11.28,0.9571,1,0,0.57,5.12,0
2024-10-25 14:00:00,MUC_001,MUC_001_ROBOT_1,26,10.46,0.9584,1,0,1.11,5.03,0
2024-10-25 14:00:00,BER_001,BER_001_ROBOT_1,11,11.75,0.9551,2,0,0.6,5.03,0
2024-10-25 14:00:00,HAM_001,HAM_001_ROBOT_1,29,10.01,0.9558,1,0,1.21,4.84,0
2024-10-25 15:00:00,MUC_001,MUC_001_ROBOT_1,24,10.89,0.9847,2,0,1.93,5.92,0
2024-10-25 15:00:00,BER_001,BER_001_ROBOT_1,26,10.48,0.981,1,0,1.91,4.42,0
2024-10-25 15:00:00,HAM_001,HAM_001_ROBOT_1,22,8.66,0.9812,0,0,1.62,5.45,0
2024-10-25 16:00:00,MUC_001,MUC_001_ROBOT_1,28,10.98,0.9678,0,0,1.51,4.44,0
2024-10-25 16:00:00,BER_001,BER_001_ROBOT_1,22,9.54,0.9893,0,0,1.46,5.28,0
2024-10-25 16:00:00,HAM_001,HAM_001_ROBOT_1,10,11.57,0.9748,2,0,1.9,5.88,0
2024-10-25 17:00:00,MUC_001,MUC_001_ROBOT_1,1,11.39,0.7166,8,26,1.56,5.02,1
2024-10-25 17:00:00,BER_001,BER_001_ROBOT_1,28,8.26,0.9596,1,0,1.23,4.65,0
2024-10-25 17:00:00,HAM_001,HAM_001_ROBOT_1,10,10.93,0.9557,0,0,1.86,4.4,0
2024-10-25 18:00:00,MUC_001,MUC_001_ROBOT_1,22,8.26,0.9701,1,0,1.59,5.77,0
2024-10-25 18:00:00,BER_001,BER_001_ROBOT_1,10,11.8,0.9802,2,0,1.28,5.07,0
2024-10-25 18:00:00,HAM_001,HAM_001_ROBOT_1,14,8.13,0.9764,0,0,0.77,5.76,0
2024-10-25 19:00:00,MUC_001,MUC_001_ROBOT_1,11,9.31,0.9795,1,0,1.64,5.59,0
2024-10-25 19:00:00,BER_001,BER_001_ROBOT_1,14,11.94,0.9643,2,0,1.63,5.86,0
2024-10-25 19:00:00,HAM_001,HAM_001_ROBOT_1,17,11.12,0.9784,2,0,0.67,4.32,0
2024-10-25 20:00:00,MUC_001,MUC_001_ROBOT_1,23,9.02,0.9752,1,0,1.38,4.57,0
2024-10-25 20:00:00,BER_001,BER_001_ROBOT_1,10,10.64,0.9896,0,0,1.3,5.89,0
2024-10-25 20:00:00,HAM_001,HAM_001_ROBOT_1,16,11.95,0.976,1,0,0.79,4.0,0
2024-10-25 21:00:00,MUC_001,MUC_001_ROBOT_1,25,10.01,0.9578,1,0,0.81,5.78,0
2024-10-25 21:00:00,BER_001,BER_001_ROBOT_1,28,11.35,0.965,1,0,1.13,5.65,0
2024-10-25 21:00:00,HAM_001,HAM_001_ROBOT_1,24,8.22,0.9596,0,0,1.59,4.47,0
2024-10-25 22:00:00,MUC_001,MUC_001_ROBOT_1,10,10.75,0.961,1,0,0.91,4.04,0
2024-10-25 22:00:00,BER_001,BER_001_ROBOT_1,15,11.49,0.955,0,0,1.81,4.03,0
2024-10-25 22:00:00,HAM_001,HAM_001_ROBOT_1,21,9.41,0.9866,2,0,1.8,5.12,0
2024-10-25 23:00:00,MUC_001,MUC_001_ROBOT_1,3,11.15,0.8484,6,55,1.47,4.29,1
2024-10-25 23:00:00,BER_001,BER_001_ROBOT_1,22,10.15,0.9887,2,0,1.91,4.34,0
2024-10-25 23:00:00,HAM_001,HAM_001_ROBOT_1,15,11.25,0.9734,0,0,0.81,5.23,0
2024-10-26 00:00:00,MUC_001,MUC_001_ROBOT_1,11,8.93,0.9736,0,0,0.67,4.77,0
2024-10-26 00:00:00,BER_001,BER_001_ROBOT_1,19,9.33,0.9607,0,0,1.6,4.25,0
2024-10-26 00:00:00,HAM_001,HAM_001_ROBOT_1,22,11.31,0.9502,1,0,0.71,4.4,0
2024-10-26 01:00:00,MUC_001,MUC_001_ROBOT_1,24,11.31,0.9503,2,0,0.72,5.94,0
2024-10-26 01:00:00,BER_001,BER_001_ROBOT_1,30,8.42,0.963,1,0,1.01,4.65,0
2024-10-26 01:00:00,HAM_001,HAM_001_ROBOT_1,30,8.64,0.9509,2,0,1.27,4.09,0
2024-10-26 02:00:00,MUC_001,MUC_001_ROBOT_1,18,10.68,0.9532,1,0,1.75,4.16,0
2024-10-26 02:00:00,BER_001,BER_001_ROBOT_1,19,9.67,0.9803,1,0,1.18,5.45,0
2024-10-26 02:00:00,HAM_001,HAM_001_ROBOT_1,18,9.33,0.9898,2,0,1.98,4.2,0
2024-10-26 03:00:00,MUC_001,MUC_001_ROBOT_1,14,9.68,0.9829,2,0,0.76,4.21,0
2024-10-26 03:00:00,BER_001,BER_001_ROBOT_1,12,8.29,0.9759,1,0,1.59,4.88,0
2024-10-26 03:00:00,HAM_001,HAM_001_ROBOT_1,14,11.84,0.9767,2,0,1.87,6.0,0
2024-10-26 04:00:00,MUC_001,MUC_001_ROBOT_1,24,8.53,0.9864,2,0,0.7,5.59,0
2024-10-26 04:00:00,BER_001,BER_001_ROBOT_1,20,11.95,0.9789,0,0,0.73,4.3,0
2024-10-26 04:00:00,HAM_001,HAM_001_ROBOT_1,21,11.16,0.9644,0,0,1.69,4.35,0
2024-10-26 05:00:00,MUC_001,MUC_001_ROBOT_1,17,11.11,0.9826,2,0,1.17,4.74,0
2024-10-26 05:00:00,BER_001,BER_001_ROBOT_1,10,11.17,0.9667,1,0,1.05,5.94,0
2024-10-26 05:00:00,HAM_001,HAM_001_ROBOT_1,11,11.12,0.9616,1,0,0.62,4.99,0
2024-10-26 06:00:00,MUC_001,MUC_001_ROBOT_1,3,10.54,0.8053,8,42,0.79,5.47,1
2024-10-26 06:00:00,BER_001,BER_001_ROBOT_1,24,8.05,0.9507,2,0,1.2,5.77,0
2024-10-26 06:00:00,HAM_001,HAM_001_ROBOT_1,25,9.12,0.9773,0,0,0.52,5.58,0
2024-10-26 07:00:00,MUC_001,MUC_001_ROBOT_1,12,11.73,0.9869,1,0,1.83,5.05,0
2024-10-26 07:00:00,BER_001,BER_001_ROBOT_1,12,11.56,0.9619,2,0,1.94,4.02,0
2024-10-26 07:00:00,HAM_001,HAM_001_ROBOT_1,2,10.94,0.8205,3,21,1.85,5.46,1
2024-10-26 08:00:00,MUC_001,MUC_001_ROBOT_1,18,11.42,0.9664,0,0,1.8,4.65,0
2024-10-26 08:00:00,BER_001,BER_001_ROBOT_1,19,10.67,0.9775,1,0,0.87,5.96,0
2024-10-26 08:00:00,HAM_001,HAM_001_ROBOT_1,23,8.06,0.9535,0,0,1.52,5.92,0
2024-10-26 09:00:00,MUC_001,MUC_001_ROBOT_1,25,11.88,0.9646,0,0,0.8,5.21,0
2024-10-26 09:00:00,BER_001,BER_001_ROBOT_1,10,10.21,0.9691,2,0,1.77,4.17,0
2024-10-26 09:00:00,HAM_001,HAM_001_ROBOT_1,16,9.76,0.9514,0,0,1.24,5.46,0
2024-10-26 10:00:00,MUC_001,MUC_001_ROBOT_1,26,11.52,0.9633,0,0,1.93,4.77,0
2024-10-26 10:00:00,BER_001,BER_001_ROBOT_1,3,11.13,0.7426,10,16,1.71,5.55,1
2024-10-26 10:00:00,HAM_001,HAM_001_ROBOT_1,17,9.54,0.9604,2,0,0.56,4.26,0
2024-10-26 11:00:00,MUC_001,MUC_001_ROBOT_1,28,11.15,0.9604,1,0,1.04,5.73,0
2024-10-26 11:00:00,BER_001,BER_001_ROBOT_1,10,8.98,0.9731,2,0,0.86,4.54,0
2024-10-26 11:00:00,HAM_001,HAM_001_ROBOT_1,21,9.28,0.9737,0,0,1.43,4.88,0
2024-10-26 12:00:00,MUC_001,MUC_001_ROBOT_1,24,10.74,0.9542,0,0,1.6,5.2,0
2024-10-26 12:00:00,BER_001,BER_001_ROBOT_1,24,8.62,0.9718,1,0,1.29,6.0,0
2024-10-26 12:00:00,HAM_001,HAM_001_ROBOT_1,26,11.69,0.9891,1,0,1.25,5.97,0
2024-10-26 13:00:00,MUC_001,MUC_001_ROBOT_1,15,9.8,0.979,0,0,1.83,5.05,0
2024-10-26 13:00:00,BER_001,BER_001_ROBOT_1,22,11.5,0.9884,1,0,1.34,4.36,0
2024-10-26 13:00:00,HAM_001,HAM_001_ROBOT_1,16,8.23,0.9653,1,0,0.65,4.65,0
2024-10-26 14:00:00,MUC_001,MUC_001_ROBOT_1,10,9.12,0.9849,0,0,1.24,5.57,0
2024-10-26 14:00:00,BER_001,BER_001_ROBOT_1,13,8.95,0.984,2,0,1.51,4.82,0
2024-10-26 14:00:00,HAM_001,HAM_001_ROBOT_1,2,9.55,0.8446,10,42,1.33,5.44,1
2024-10-26 15:00:00,MUC_001,MUC_001_ROBOT_1,30,11.84,0.9722,1,0,1.97,4.48,0
2024-10-26 15:00:00,BER_001,BER_001_ROBOT_1,18,11.66,0.9858,1,0,0.51,5.09,0
2024-10-26 15:00:00,HAM_001,HAM_001_ROBOT_1,20,8.33,0.9691,2,0,1.56,5.53,0
2024-10-26 16:00:00,MUC_001,MUC_001_ROBOT_1,24,10.99,0.9708,2,0,1.08,4.49,0
2024-10-26 16:00:00,BER_001,BER_001_ROBOT_1,19,11.05,0.9589,1,0,1.25,5.0,0
2024-10-26 16:00:00,HAM_001,HAM_001_ROBOT_1,17,8.12,0.9879,1,0,0.64,4.9,0
2024-10-26 17:00:00,MUC_001,MUC_001_ROBOT_1,23,11.32,0.9661,0,0,1.32,4.61,0
2024-10-26 17:00:00,BER_001,BER_001_ROBOT_1,26,11.87,0.9694,2,0,1.75,4.45,0
2024-10-26 17:00:00,HAM_001,HAM_001_ROBOT_1,19,8.57,0.9847,2,0,1.45,4.4,0
2024-10-26 18:00:00,MUC_001,MUC_001_ROBOT_1,5,9.88,0.8392,3,16,1.39,5.47,1
2024-10-26 18:00:00,BER_001,BER_001_ROBOT_1,19,11.67,0.9688,2,0,1.75,5.93,0
2024-10-26 18:00:00,HAM_001,HAM_001_ROBOT_1,24,9.54,0.9786,1,0,1.24,4.78,0
2024-10-26 19:00:00,MUC_001,MUC_001_ROBOT_1,17,9.36,0.9748,1,0,0.88,4.77,0
2024-10-26 19:00:00,BER_001,BER_001_ROBOT_1,12,11.17,0.9545,2,0,1.27,5.45,0
2024-10-26 19:00:00,HAM_001,HAM_001_ROBOT_1,18,11.68,0.9646,2,0,0.94,5.86,0
2024-10-26 20:00:00,MUC_001,MUC_001_ROBOT_1,26,10.5,0.9708,1,0,0.55,5.75,0
2024-10-26 20:00:00,BER_001,BER_001_ROBOT_1,20,9.31,0.9703,2,0,1.63,4.43,0
2024-10-26 20:00:00,HAM_001,HAM_001_ROBOT_1,22,9.31,0.9597,2,0,1.63,4.3,0
2024-10-26 21:00:00,MUC_001,MUC_001_ROBOT_1,2,9.35,0.8118,10,33,1.02,4.09,1
2024-10-26 21:00:00,BER_001,BER_001_ROBOT_1,23,9.95,0.9878,2,0,0.67,5.19,0
2024-10-26 21:00:00,HAM_001,HAM_001_ROBOT_1,26,8.87,0.9613,1,0,1.15,4.85,0
2024-10-26 22:00:00,MUC_001,MUC_001_ROBOT_1,18,11.64,0.9712,1,0,1.59,5.36,0
2024-10-26 22:00:00,BER_001,BER_001_ROBOT_1,23,9.7,0.9762,2,0,1.53,4.83,0
2024-10-26 22:00:00,HAM_001,HAM_001_ROBOT_1,15,10.43,0.987,2,0,0.89,5.36,0
2024-10-26 23:00:00,MUC_001,MUC_001_ROBOT_1,28,8.36,0.9551,0,0,1.19,4.56,0
2024-10-26 23:00:00,BER_001,BER_001_ROBOT_1,13,11.49,0.9595,0,0,0.9,4.54,0
2024-10-26 23:00:00,HAM_001,HAM_001_ROBOT_1,14,11.98,0.9538,0,0,1.69,5.84,0
2024-10-27 00:00:00,MUC_001,MUC_001_ROBOT_1,27,9.18,0.9609,0,0,1.99,5.63,0
2024-10-27 00:00:00,BER_001,BER_001_ROBOT_1,24,9.25,0.9765,1,0,0.88,4.83,0
2024-10-27 00:00:00,HAM_001,HAM_001_ROBOT_1,23,8.13,0.9885,1,0,1.56,5.34,0
2024-10-27 01:00:00,MUC_001,MUC_001_ROBOT_1,11,8.6,0.9619,0,0,0.84,5.69,0
2024-10-27 01:00:00,BER_001,BER_001_ROBOT_1,14,8.45,0.9554,1,0,0.61,4.77,0
2024-10-27 01:00:00,HAM_001,HAM_001_ROBOT_1,21,8.04,0.9694,0,0,1.3,4.03,0
2024-10-27 02:00:00,MUC_001,MUC_001_ROBOT_1,25,10.36,0.9823,1,0,0.83,4.47,0
2024-10-27 02:00:00,BER_001,BER_001_ROBOT_1,16,11.7,0.9883,1,0,1.17,4.47,0
2024-10-27 02:00:00,HAM_001,HAM_001_ROBOT_1,30,9.96,0.9861,0,0,1.46,4.27,0
2024-10-27 03:00:00,MUC_001,MUC_001_ROBOT_1,30,10.72,0.963,1,0,1.17,5.14,0
2024-10-27 03:00:00,BER_001,BER_001_ROBOT_1,20,8.23,0.959,1,0,1.87,4.19,0
2024-10-27 03:00:00,HAM_001,HAM_001_ROBOT_1,10,8.59,0.9856,0,0,1.33,4.98,0
2024-10-27 04:00:00,MUC_001,MUC_001_ROBOT_1,25,10.39,0.9821,0,0,1.64,4.32,0
2024-10-27 04:00:00,BER_001,BER_001_ROBOT_1,10,9.14,0.9515,0,0,1.81,4.88,0
2024-10-27 04:00:00,HAM_001,HAM_001_ROBOT_1,29,10.67,0.9669,2,0,0.72,5.59,0
2024-10-27 05:00:00,MUC_001,MUC_001_ROBOT_1,26,9.74,0.9602,0,0,1.62,4.46,0
2024-10-27 05:00:00,BER_001,BER_001_ROBOT_1,29,10.31,0.9728,1,0,0.87,4.89,0
2024-10-27 05:00:00,HAM_001,HAM_001_ROBOT_1,17,11.24,0.9675,1,0,0.92,5.81,0
2024-10-27 06:00:00,MUC_001,MUC_001_ROBOT_1,27,10.81,0.9887,2,0,1.97,4.37,0
2024-10-27 06:00:00,BER_001,BER_001_ROBOT_1,11,9.15,0.9887,1,0,0.78,4.06,0
2024-10-27 06:00:00,HAM_001,HAM_001_ROBOT_1,24,10.53,0.9531,2,0,0.94,5.07,0
2024-10-27 07:00:00,MUC_001,MUC_001_ROBOT_1,21,8.93,0.9674,1,0,1.24,5.05,0
2024-10-27 07:00:00,BER_001,BER_001_ROBOT_1,23,9.59,0.9545,0,0,1.55,4.26,0
2024-10-27 07:00:00,HAM_001,HAM_001_ROBOT_1,29,9.08,0.9644,2,0,0.65,5.2,0
2024-10-27 08:00:00,MUC_001,MUC_001_ROBOT_1,24,8.06,0.9662,2,0,0.59,4.23,0
2024-10-27 08:00:00,BER_001,BER_001_ROBOT_1,27,9.11,0.9577,2,0,1.16,5.7,0
2024-10-27 08:00:00,HAM_001,HAM_001_ROBOT_1,13,11.93,0.9726,0,0,1.56,5.57,0
2024-10-27 09:00:00,MUC_001,MUC_001_ROBOT_1,22,11.28,0.9655,0,0,0.75,4.04,0
2024-10-27 09:00:00,BER_001,BER_001_ROBOT_1,25,11.98,0.9885,2,0,1.51,4.18,0
2024-10-27 09:00:00,HAM_001,HAM_001_ROBOT_1,22,11.14,0.961,0,0,1.11,5.37,0
2024-10-27 10:00:00,MUC_001,MUC_001_ROBOT_1,16,9.01,0.9759,2,0,1.0,4.77,0
2024-10-27 10:00:00,BER_001,BER_001_ROBOT_1,23,11.42,0.9571,1,0,0.69,5.43,0
2024-10-27 10:00:00,HAM_001,HAM_001_ROBOT_1,25,10.43,0.961,1,0,1.78,5.19,0
2024-10-27 11:00:00,MUC_001,MUC_001_ROBOT_1,27,10.7,0.9647,0,0,0.68,5.22,0
2024-10-27 11:00:00,BER_001,BER_001_ROBOT_1,10,11.6,0.972,1,0,1.19,4.08,0
2024-10-27 11:00:00,HAM_001,HAM_001_ROBOT_1,12,9.13,0.9714,2,0,0.97,5.86,0
2024-10-27 12:00:00,MUC_001,MUC_001_ROBOT_1,30,10.44,0.981,1,0,1.29,5.2,0
2024-10-27 12:00:00,BER_001,BER_001_ROBOT_1,18,8.12,0.9766,2,0,0.83,4.37,0
2024-10-27 12:00:00,HAM_001,HAM_001_ROBOT_1,0,11.01,0.8004,8,46,1.08,4.11,1
2024-10-27 13:00:00,MUC_001,MUC_001_ROBOT_1,14,11.1,0.96,0,0,1.52,4.88,0
2024-10-27 13:00:00,BER_001,BER_001_ROBOT_1,23,9.84,0.9712,1,0,0.91,5.9,0
2024-10-27 13:00:00,HAM_001,HAM_001_ROBOT_1,15,8.78,0.9678,0,0,0.5,4.06,0
2024-10-27 14:00:00,MUC_001,MUC_001_ROBOT_1,12,8.0,0.9788,2,0,1.96,4.98,0
2024-10-27 14:00:00,BER_001,BER_001_ROBOT_1,4,9.27,0.7496,7,32,0.7,4.49,1
2024-10-27 14:00:00,HAM_001,HAM_001_ROBOT_1,11,11.67,0.9613,2,0,0.57,5.81,0
2024-10-27 15:00:00,MUC_001,MUC_001_ROBOT_1,15,11.22,0.9835,2,0,0.9,5.89,0
2024-10-27 15:00:00,BER_001,BER_001_ROBOT_1,21,10.74,0.9837,0,0,0.73,5.15,0
2024-10-27 15:00:00,HAM_001,HAM_001_ROBOT_1,15,9.27,0.9774,0,0,0.67,5.11,0
2024-10-27 16:00:00,MUC_001,MUC_001_ROBOT_1,21,8.85,0.9695,0,0,0.55,5.2,0
2024-10-27 16:00:00,BER_001,BER_001_ROBOT_1,23,11.84,0.9589,1,0,0.63,5.67,0
2024-10-27 16:00:00,HAM_001,HAM_001_ROBOT_1,15,10.35,0.9896,1,0,1.16,4.71,0
2024-10-27 17:00:00,MUC_001,MUC_001_ROBOT_1,20,8.7,0.9843,0,0,1.49,4.91,0
2024-10-27 17:00:00,BER_001,BER_001_ROBOT_1,19,9.36,0.9898,0,0,1.58,5.21,0
2024-10-27 17:00:00,HAM_001,HAM_001_ROBOT_1,18,10.12,0.9689,0,0,0.75,5.25,0
2024-10-27 18:00:00,MUC_001,MUC_001_ROBOT_1,14,11.68,0.9559,2,0,1.2,4.29,0
2024-10-27 18:00:00,BER_001,BER_001_ROBOT_1,30,9.37,0.9676,0,0,1.84,5.51,0
2024-10-27 18:00:00,HAM_001,HAM_001_ROBOT_1,28,9.53,0.9886,0,0,1.09,5.67,0
2024-10-27 19:00:00,MUC_001,MUC_001_ROBOT_1,10,11.0,0.9887,0,0,1.48,4.95,0
2024-10-27 19:00:00,BER_001,BER_001_ROBOT_1,2,10.72,0.7737,7,56,0.6,4.44,1
2024-10-27 19:00:00,HAM_001,HAM_001_ROBOT_1,26,10.1,0.964,0,0,0.6,4.99,0
2024-10-27 20:00:00,MUC_001,MUC_001_ROBOT_1,29,11.93,0.9626,0,0,1.34,5.21,0
2024-10-27 20:00:00,BER_001,BER_001_ROBOT_1,25,10.35,0.9824,2,0,0.56,4.24,0
2024-10-27 20:00:00,HAM_001,HAM_001_ROBOT_1,19,10.5,0.9755,0,0,1.05,5.85,0
2024-10-27 21:00:00,MUC_001,MUC_001_ROBOT_1,20,8.04,0.9704,2,0,1.8,4.72,0
2024-10-27 21:00:00,BER_001,BER_001_ROBOT_1,12,11.37,0.9859,0,0,1.59,4.42,0
2024-10-27 21:00:00,HAM_001,HAM_001_ROBOT_1,24,10.31,0.9751,2,0,0.58,5.94,0
2024-10-27 22:00:00,MUC_001,MUC_001_ROBOT_1,19,8.25,0.956,0,0,1.37,5.97,0
2024-10-27 22:00:00,BER_001,BER_001_ROBOT_1,15,11.9,0.9707,2,0,1.98,5.81,0
2024-10-27 22:00:00,HAM_001,HAM_001_ROBOT_1,19,8.37,0.9602,1,0,1.01,4.9,0
2024-10-27 23:00:00,MUC_001,MUC_001_ROBOT_1,24,10.49,0.9812,0,0,1.1,5.5,0
2024-10-27 23:00:00,BER_001,BER_001_ROBOT_1,30,8.02,0.9596,0,0,1.73,5.85,0
2024-10-27 23:00:00,HAM_001,HAM_001_ROBOT_1,29,11.31,0.9633,0,0,0.52,4.11,0
2024-10-28 00:00:00,MUC_001,MUC_001_ROBOT_1,24,10.82,0.9509,2,0,1.81,4.97,0
2024-10-28 00:00:00,BER_001,BER_001_ROBOT_1,13,8.12,0.971,1,0,0.66,4.93,0
2024-10-28 00:00:00,HAM_001,HAM_001_ROBOT_1,13,8.46,0.9559,2,0,0.63,4.65,0
2024-10-28 01:00:00,MUC_001,MUC_001_ROBOT_1,19,11.76,0.9717,0,0,2.0,5.53,0
2024-10-28 01:00:00,BER_001,BER_001_ROBOT_1,28,10.46,0.9673,2,0,1.45,4.44,0
2024-10-28 01:00:00,HAM_001,HAM_001_ROBOT_1,29,8.42,0.9763,0,0,1.84,5.22,0
2024-10-28 02:00:00,MUC_001,MUC_001_ROBOT_1,30,9.31,0.9725,0,0,1.02,4.97,0
2024-10-28 02:00:00,BER_001,BER_001_ROBOT_1,12,11.3,0.9531,1,0,1.57,5.96,0
2024-10-28 02:00:00,HAM_001,HAM_001_ROBOT_1,19,10.38,0.9504,2,0,1.12,5.79,0
2024-10-28 03:00:00,MUC_001,MUC_001_ROBOT_1,19,10.67,0.9644,1,0,1.77,5.93,0
2024-10-28 03:00:00,BER_001,BER_001_ROBOT_1,16,11.12,0.9642,0,0,1.27,5.64,0
2024-10-28 03:00:00,HAM_001,HAM_001_ROBOT_1,3,9.67,0.7217,4,47,1.42,4.27,1
2024-10-28 04:00:00,MUC_001,MUC_001_ROBOT_1,22,9.26,0.973,2,0,0.63,4.68,0
2024-10-28 04:00:00,BER_001,BER_001_ROBOT_1,13,8.24,0.9856,1,0,0.63,4.18,0
2024-10-28 04:00:00,HAM_001,HAM_001_ROBOT_1,20,8.39,0.9863,0,0,1.73,4.54,0
2024-10-28 05:00:00,MUC_001,MUC_001_ROBOT_1,11,11.41,0.9725,1,0,1.92,5.13,0
2024-10-28 05:00:00,BER_001,BER_001_ROBOT_1,14,9.12,0.9631,0,0,1.57,4.88,0
2024-10-28 05:00:00,HAM_001,HAM_001_ROBOT_1,18,8.08,0.9789,0,0,1.0,4.27,0
2024-10-28 06:00:00,MUC_001,MUC_001_ROBOT_1,21,9.23,0.9775,0,0,0.92,5.4,0
2024-10-28 06:00:00,BER_001,BER_001_ROBOT_1,20,10.89,0.9706,0,0,1.4,5.76,0
2024-10-28 06:00:00,HAM_001,HAM_001_ROBOT_1,27,8.15,0.9552,0,0,0.69,5.32,0
2024-10-28 07:00:00,MUC_001,MUC_001_ROBOT_1,20,8.92,0.9552,2,0,0.89,4.77,0
2024-10-28 07:00:00,BER_001,BER_001_ROBOT_1,16,10.31,0.9709,0,0,1.68,4.24,0
2024-10-28 07:00:00,HAM_001,HAM_001_ROBOT_1,17,11.63,0.958,0,0,0.52,5.23,0
2024-10-28 08:00:00,MUC_001,MUC_001_ROBOT_1,5,11.87,0.7871,5,17,1.33,4.26,1
2024-10-28 08:00:00,BER_001,BER_001_ROBOT_1,12,11.06,0.9551,2,0,0.65,5.94,0
2024-10-28 08:00:00,HAM_001,HAM_001_ROBOT_1,18,8.59,0.9833,0,0,0.97,5.17,0
2024-10-28 09:00:00,MUC_001,MUC_001_ROBOT_1,19,11.57,0.9799,2,0,1.7,4.83,0
2024-10-28 09:00:00,BER_001,BER_001_ROBOT_1,10,10.89,0.9815,1,0,0.5,5.29,0
2024-10-28 09:00:00,HAM_001,HAM_001_ROBOT_1,23,8.23,0.9698,0,0,1.59,4.7,0
2024-10-28 10:00:00,MUC_001,MUC_001_ROBOT_1,10,11.23,0.9744,1,0,1.08,4.04,0
2024-10-28 10:00:00,BER_001,BER_001_ROBOT_1,27,8.47,0.9765,1,0,1.69,4.67,0
2024-10-28 10:00:00,HAM_001,HAM_001_ROBOT_1,22,9.8,0.9543,1,0,1.12,5.18,0
2024-10-28 11:00:00,MUC_001,MUC_001_ROBOT_1,21,11.19,0.9844,2,0,1.33,4.29,0
2024-10-28 11:00:00,BER_001,BER_001_ROBOT_1,20,10.47,0.9759,2,0,1.03,5.66,0
2024-10-28 11:00:00,HAM_001,HAM_001_ROBOT_1,16,11.7,0.9662,0,0,1.1,4.65,0
2024-10-28 12:00:00,MUC_001,MUC_001_ROBOT_1,13,11.99,0.976,2,0,1.69,5.71,0
2024-10-28 12:00:00,BER_001,BER_001_ROBOT_1,24,11.5,0.959,2,0,1.11,4.79,0
2024-10-28 12:00:00,HAM_001,HAM_001_ROBOT_1,23,10.52,0.98,2,0,0.98,5.7,0
2024-10-28 13:00:00,MUC_001,MUC_001_ROBOT_1,23,9.61,0.9803,2,0,1.23,5.84,0
2024-10-28 13:00:00,BER_001,BER_001_ROBOT_1,19,8.09,0.9857,1,0,0.73,4.32,0
2024-10-28 13:00:00,HAM_001,HAM_001_ROBOT_1,18,10.72,0.9848,2,0,1.85,5.98,0
2024-10-28 14:00:00,MUC_001,MUC_001_ROBOT_1,26,8.7,0.9614,1,0,0.5,4.48,0
2024-10-28 14:00:00,BER_001,BER_001_ROBOT_1,25,9.33,0.9574,2,0,1.62,5.94,0
2024-10-28 14:00:00,HAM_001,HAM_001_ROBOT_1,21,8.38,0.9588,0,0,1.43,4.7,0
2024-10-28 15:00:00,MUC_001,MUC_001_ROBOT_1,25,11.03,0.9883,0,0,1.31,4.24,0
2024-10-28 15:00:00,BER_001,BER_001_ROBOT_1,25,8.99,0.9505,0,0,0.9,4.58,0
2024-10-28 15:00:00,HAM_001,HAM_001_ROBOT_1,13,10.66,0.9583,2,0,0.95,4.39,0
2024-10-28 16:00:00,MUC_001,MUC_001_ROBOT_1,27,10.69,0.9893,0,0,0.79,5.73,0
2024-10-28 16:00:00,BER_001,BER_001_ROBOT_1,28,10.39,0.9642,1,0,0.7,4.98,0
2024-10-28 16:00:00,HAM_001,HAM_001_ROBOT_1,22,9.72,0.9564,0,0,1.66,4.2,0
2024-10-28 17:00:00,MUC_001,MUC_001_ROBOT_1,16,9.64,0.9746,2,0,1.15,5.29,0
2024-10-28 17:00:00,BER_001,BER_001_ROBOT_1,16,9.71,0.9558,1,0,1.68,5.16,0
2024-10-28 17:00:00,HAM_001,HAM_001_ROBOT_1,20,10.61,0.9647,2,0,1.24,5.58,0
2024-10-28 18:00:00,MUC_001,MUC_001_ROBOT_1,29,9.3,0.9697,1,0,0.55,4.35,0
2024-10-28 18:00:00,BER_001,BER_001_ROBOT_1,16,9.28,0.9694,1,0,1.38,4.92,0
2024-10-28 18:00:00,HAM_001,HAM_001_ROBOT_1,26,9.22,0.9756,1,0,1.45,4.12,0
2024-10-28 19:00:00,MUC_001,MUC_001_ROBOT_1,17,9.01,0.9832,0,0,0.8,5.15,0
2024-10-28 19:00:00,BER_001,BER_001_ROBOT_1,22,11.39,0.9895,2,0,1.46,4.64,0
2024-10-28 19:00:00,HAM_001,HAM_001_ROBOT_1,25,10.55,0.9708,0,0,1.11,5.73,0
2024-10-28 20:00:00,MUC_001,MUC_001_ROBOT_1,15,8.57,0.9588,2,0,1.24,5.39,0
2024-10-28 20:00:00,BER_001,BER_001_ROBOT_1,14,9.22,0.9595,0,0,1.14,4.58,0
2024-10-28 20:00:00,HAM_001,HAM_001_ROBOT_1,12,8.11,0.9755,0,0,1.38,4.18,0
2024-10-28 21:00:00,MUC_001,MUC_001_ROBOT_1,14,9.68,0.9503,2,0,1.2,4.18,0
2024-10-28 21:00:00,BER_001,BER_001_ROBOT_1,11,11.54,0.9628,2,0,1.63,4.68,0
2024-10-28 21:00:00,HAM_001,HAM_001_ROBOT_1,16,9.25,0.9805,2,0,1.84,5.45,0
2024-10-28 22:00:00,MUC_001,MUC_001_ROBOT_1,24,11.46,0.9687,2,0,1.23,5.21,0
2024-10-28 22:00:00,BER_001,BER_001_ROBOT_1,22,10.95,0.9748,2,0,0.85,4.99,0
2024-10-28 22:00:00,HAM_001,HAM_001_ROBOT_1,18,10.96,0.9611,1,0,0.91,4.61,0
2024-10-28 23:00:00,MUC_001,MUC_001_ROBOT_1,18,11.82,0.9886,2,0,1.45,4.32,0
2024-10-28 23:00:00,BER_001,BER_001_ROBOT_1,30,10.68,0.9578,0,0,1.9,4.64,0
2024-10-28 23:00:00,HAM_001,HAM_001_ROBOT_1,30,9.93,0.956,0,0,1.51,4.53,0
2024-10-29 00:00:00,MUC_001,MUC_001_ROBOT_1,13,11.42,0.9612,0,0,0.61,5.69,0
2024-10-29 00:00:00,BER_001,BER_001_ROBOT_1,27,9.07,0.9805,1,0,1.62,4.85,0
2024-10-29 00:00:00,HAM_001,HAM_001_ROBOT_1,13,11.31,0.9762,2,0,0.7,4.46,0
2024-10-29 01:00:00,MUC_001,MUC_001_ROBOT_1,24,9.29,0.9873,1,0,0.88,5.32,0
2024-10-29 01:00:00,BER_001,BER_001_ROBOT_1,29,9.06,0.9683,0,0,1.87,5.95,0
2024-10-29 01:00:00,HAM_001,HAM_001_ROBOT_1,22,10.13,0.9867,0,0,1.67,4.87,0
2024-10-29 02:00:00,MUC_001,MUC_001_ROBOT_1,26,11.39,0.9807,2,0,1.72,5.83,0
2024-10-29 02:00:00,BER_001,BER_001_ROBOT_1,27,8.23,0.9696,1,0,1.59,4.26,0
2024-10-29 02:00:00,HAM_001,HAM_001_ROBOT_1,21,8.74,0.9524,1,0,1.59,6.0,0
2024-10-29 03:00:00,MUC_001,MUC_001_ROBOT_1,20,8.21,0.9803,1,0,0.85,4.1,0
2024-10-29 03:00:00,BER_001,BER_001_ROBOT_1,24,10.23,0.9807,1,0,0.58,5.86,0
2024-10-29 03:00:00,HAM_001,HAM_001_ROBOT_1,20,8.79,0.9655,2,0,0.93,4.95,0
2024-10-29 04:00:00,MUC_001,MUC_001_ROBOT_1,30,9.79,0.9612,2,0,1.02,5.62,0
2024-10-29 04:00:00,BER_001,BER_001_ROBOT_1,23,11.16,0.9893,1,0,0.74,4.83,0
2024-10-29 04:00:00,HAM_001,HAM_001_ROBOT_1,15,8.68,0.9683,0,0,1.44,4.89,0
2024-10-29 05:00:00,MUC_001,MUC_001_ROBOT_1,24,8.72,0.9685,2,0,1.07,5.43,0
2024-10-29 05:00:00,BER_001,BER_001_ROBOT_1,17,10.99,0.9603,1,0,1.13,5.38,0
2024-10-29 05:00:00,HAM_001,HAM_001_ROBOT_1,15,9.54,0.9578,0,0,1.99,5.68,0
2024-10-29 06:00:00,MUC_001,MUC_001_ROBOT_1,15,10.01,0.973,1,0,0.64,5.55,0
2024-10-29 06:00:00,BER_001,BER_001_ROBOT_1,18,10.45,0.9697,2,0,0.65,5.98,0
2024-10-29 06:00:00,HAM_001,HAM_001_ROBOT_1,14,11.72,0.9702,0,0,0.63,4.13,0
2024-10-29 07:00:00,MUC_001,MUC_001_ROBOT_1,29,11.35,0.9568,0,0,1.98,4.3,0
2024-10-29 07:00:00,BER_001,BER_001_ROBOT_1,26,9.14,0.9512,2,0,1.59,4.8,0
2024-10-29 07:00:00,HAM_001,HAM_001_ROBOT_1,30,10.34,0.9746,1,0,0.62,5.41,0
2024-10-29 08:00:00,MUC_001,MUC_001_ROBOT_1,14,8.03,0.9757,1,0,1.4,4.47,0
2024-10-29 08:00:00,BER_001,BER_001_ROBOT_1,17,11.41,0.9801,1,0,0.64,4.01,0
2024-10-29 08:00:00,HAM_001,HAM_001_ROBOT_1,28,8.27,0.9724,1,0,0.94,5.27,0
2024-10-29 09:00:00,MUC_001,MUC_001_ROBOT_1,0,9.26,0.7799,4,45,1.59,4.26,1
2024-10-29 09:00:00,BER_001,BER_001_ROBOT_1,16,11.71,0.9714,2,0,1.36,5.85,0
2024-10-29 09:00:00,HAM_001,HAM_001_ROBOT_1,15,10.61,0.9843,2,0,1.88,5.15,0
2024-10-29 10:00:00,MUC_001,MUC_001_ROBOT_1,16,10.79,0.9826,2,0,1.63,4.77,0
2024-10-29 10:00:00,BER_001,BER_001_ROBOT_1,14,10.21,0.9806,2,0,1.26,4.27,0
2024-10-29 10:00:00,HAM_001,HAM_001_ROBOT_1,19,10.7,0.9644,1,0,0.74,5.33,0
2024-10-29 11:00:00,MUC_001,MUC_001_ROBOT_1,23,9.6,0.9589,1,0,0.57,5.57,0
2024-10-29 11:00:00,BER_001,BER_001_ROBOT_1,29,10.55,0.9519,0,0,1.18,4.24,0
2024-10-29 11:00:00,HAM_001,HAM_001_ROBOT_1,10,10.5,0.9679,2,0,1.15,4.08,0
2024-10-29 12:00:00,MUC_001,MUC_001_ROBOT_1,14,9.87,0.9786,2,0,1.43,4.08,0
2024-10-29 12:00:00,BER_001,BER_001_ROBOT_1,11,9.15,0.9778,0,0,0.61,5.25,0
2024-10-29 12:00:00,HAM_001,HAM_001_ROBOT_1,15,9.23,0.9863,1,0,1.72,4.28,0
2024-10-29 13:00:00,MUC_001,MUC_001_ROBOT_1,30,9.7,0.988,0,0,1.47,4.15,0
2024-10-29 13:00:00,BER_001,BER_001_ROBOT_1,14,8.36,0.9618,2,0,1.41,4.7,0
2024-10-29 13:00:00,HAM_001,HAM_001_ROBOT_1,1,8.93,0.7863,6,46,1.98,5.94,1
2024-10-29 14:00:00,MUC_001,MUC_001_ROBOT_1,17,11.49,0.9538,2,0,1.38,5.76,0
2024-10-29 14:00:00,BER_001,BER_001_ROBOT_1,22,10.92,0.9704,2,0,0.69,4.56,0
2024-10-29 14:00:00,HAM_001,HAM_001_ROBOT_1,21,10.76,0.9772,1,0,0.89,5.55,0
2024-10-29 15:00:00,MUC_001,MUC_001_ROBOT_1,12,8.08,0.9564,2,0,0.96,4.72,0
2024-10-29 15:00:00,BER_001,BER_001_ROBOT_1,11,11.32,0.9892,1,0,1.45,5.21,0
2024-10-29 15:00:00,HAM_001,HAM_001_ROBOT_1,22,9.49,0.9812,1,0,1.81,5.26,0
2024-10-29 16:00:00,MUC_001,MUC_001_ROBOT_1,12,10.33,0.9851,1,0,1.93,4.79,0
2024-10-29 16:00:00,BER_001,BER_001_ROBOT_1,29,8.03,0.9849,1,0,1.06,4.58,0
2024-10-29 16:00:00,HAM_001,HAM_001_ROBOT_1,2,11.11,0.7739,5,24,1.76,5.03,1
2024-10-29 17:00:00,MUC_001,MUC_001_ROBOT_1,23,11.6,0.9598,0,0,1.62,5.24,0
2024-10-29 17:00:00,BER_001,BER_001_ROBOT_1,10,10.86,0.979,0,0,1.44,4.77,0
2024-10-29 17:00:00,HAM_001,HAM_001_ROBOT_1,13,10.22,0.9627,0,0,1.97,4.67,0
2024-10-29 18:00:00,MUC_001,MUC_001_ROBOT_1,22,9.64,0.965,2,0,1.4,5.85,0
2024-10-29 18:00:00,BER_001,BER_001_ROBOT_1,19,8.46,0.9552,2,0,0.81,5.92,0
2024-10-29 18:00:00,HAM_001,HAM_001_ROBOT_1,28,8.67,0.9823,2,0,0.57,5.01,0
2024-10-29 19:00:00,MUC_001,MUC_001_ROBOT_1,30,11.26,0.9552,1,0,1.8,5.55,0
2024-10-29 19:00:00,BER_001,BER_001_ROBOT_1,29,11.82,0.9853,0,0,1.11,4.54,0
2024-10-29 19:00:00,HAM_001,HAM_001_ROBOT_1,26,11.65,0.982,2,0,0.61,5.38,0
2024-10-29 20:00:00,MUC_001,MUC_001_ROBOT_1,28,9.98,0.9645,1,0,0.58,5.65,0
2024-10-29 20:00:00,BER_001,BER_001_ROBOT_1,17,10.91,0.9826,1,0,1.46,5.11,0
2024-10-29 20:00:00,HAM_001,HAM_001_ROBOT_1,15,10.15,0.9601,0,0,1.06,5.93,0
2024-10-29 21:00:00,MUC_001,MUC_001_ROBOT_1,25,8.5,0.9573,0,0,1.4,5.43,0
2024-10-29 21:00:00,BER_001,BER_001_ROBOT_1,14,9.38,0.9586,0,0,1.0,4.48,0
2024-10-29 21:00:00,HAM_001,HAM_001_ROBOT_1,14,11.22,0.974,2,0,0.83,5.34,0
2024-10-29 22:00:00,MUC_001,MUC_001_ROBOT_1,10,8.38,0.9561,1,0,1.25,4.4,0
2024-10-29 22:00:00,BER_001,BER_001_ROBOT_1,19,9.38,0.9604,1,0,1.61,4.71,0
2024-10-29 22:00:00,HAM_001,HAM_001_ROBOT_1,11,9.39,0.9887,2,0,1.08,5.84,0
2024-10-29 23:00:00,MUC_001,MUC_001_ROBOT_1,24,9.02,0.9693,1,0,0.72,5.61,0
2024-10-29 23:00:00,BER_001,BER_001_ROBOT_1,22,10.73,0.9742,2,0,1.37,4.24,0
2024-10-29 23:00:00,HAM_001,HAM_001_ROBOT_1,24,11.99,0.9809,2,0,1.05,5.14,0
2024-10-30 00:00:00,MUC_001,MUC_001_ROBOT_1,3,11.49,0.7167,9,25,1.26,4.85,1
2024-10-30 00:00:00,BER_001,BER_001_ROBOT_1,24,9.15,0.9539,0,0,1.16,5.88,0
2024-10-30 00:00:00,HAM_001,HAM_001_ROBOT_1,29,11.31,0.9617,1,0,1.94,4.92,0
2024-10-30 01:00:00,MUC_001,MUC_001_ROBOT_1,28,8.12,0.9799,2,0,1.48,4.5,0
2024-10-30 01:00:00,BER_001,BER_001_ROBOT_1,15,10.62,0.9842,2,0,1.93,4.77,0
2024-10-30 01:00:00,HAM_001,HAM_001_ROBOT_1,18,8.37,0.9784,0,0,0.61,5.04,0
2024-10-30 02:00:00,MUC_001,MUC_001_ROBOT_1,25,8.29,0.9557,1,0,1.38,4.79,0
2024-10-30 02:00:00,BER_001,BER_001_ROBOT_1,14,9.76,0.9617,0,0,0.53,5.04,0
2024-10-30 02:00:00,HAM_001,HAM_001_ROBOT_1,1,11.97,0.81,3,48,1.84,5.8,1
2024-10-30 03:00:00,MUC_001,MUC_001_ROBOT_1,15,9.29,0.9873,0,0,1.04,5.58,0
2024-10-30 03:00:00,BER_001,BER_001_ROBOT_1,18,11.41,0.9546,2,0,1.47,4.63,0
2024-10-30 03:00:00,HAM_001,HAM_001_ROBOT_1,14,11.23,0.9558,0,0,0.88,4.81,0
2024-10-30 04:00:00,MUC_001,MUC_001_ROBOT_1,10,10.34,0.9692,1,0,0.81,5.45,0
2024-10-30 04:00:00,BER_001,BER_001_ROBOT_1,20,8.27,0.9591,0,0,1.36,5.62,0
2024-10-30 04:00:00,HAM_001,HAM_001_ROBOT_1,13,10.55,0.9734,0,0,1.91,4.97,0
2024-10-30 05:00:00,MUC_001,MUC_001_ROBOT_1,16,8.54,0.9553,0,0,1.32,4.1,0
2024-10-30 05:00:00,BER_001,BER_001_ROBOT_1,18,10.53,0.9743,2,0,0.62,4.43,0
2024-10-30 05:00:00,HAM_001,HAM_001_ROBOT_1,28,11.02,0.9591,1,0,0.57,4.15,0
2024-10-30 06:00:00,MUC_001,MUC_001_ROBOT_1,12,8.93,0.9815,0,0,0.8,5.74,0
2024-10-30 06:00:00,BER_001,BER_001_ROBOT_1,28,9.99,0.9541,2,0,1.1,5.51,0
2024-10-30 06:00:00,HAM_001,HAM_001_ROBOT_1,29,8.34,0.9852,2,0,0.74,4.67,0
2024-10-30 07:00:00,MUC_001,MUC_001_ROBOT_1,18,10.27,0.9544,0,0,1.33,5.58,0
2024-10-30 07:00:00,BER_001,BER_001_ROBOT_1,16,10.74,0.9775,2,0,1.02,5.65,0
2024-10-30 07:00:00,HAM_001,HAM_001_ROBOT_1,30,8.32,0.9767,2,0,1.27,4.15,0
2024-10-30 08:00:00,MUC_001,MUC_001_ROBOT_1,16,8.11,0.9883,1,0,1.6,5.93,0
2024-10-30 08:00:00,BER_001,BER_001_ROBOT_1,16,9.64,0.9684,1,0,1.68,4.53,0
2024-10-30 08:00:00,HAM_001,HAM_001_ROBOT_1,13,8.99,0.9801,2,0,0.88,4.65,0
2024-10-30 09:00:00,MUC_001,MUC_001_ROBOT_1,18,10.53,0.9727,1,0,1.5,5.01,0
2024-10-30 09:00:00,BER_001,BER_001_ROBOT_1,13,9.54,0.9527,2,0,1.79,4.34,0
2024-10-30 09:00:00,HAM_001,HAM_001_ROBOT_1,21,10.93,0.9623,0,0,0.93,4.18,0
2024-10-30 10:00:00,MUC_001,MUC_001_ROBOT_1,11,9.37,0.9847,2,0,1.94,5.52,0
2024-10-30 10:00:00,BER_001,BER_001_ROBOT_1,19,9.06,0.9746,0,0,1.95,5.8,0
2024-10-30 10:00:00,HAM_001,HAM_001_ROBOT_1,24,10.92,0.9559,0,0,1.24,5.25,0
2024-10-30 11:00:00,MUC_001,MUC_001_ROBOT_1,14,11.12,0.9529,2,0,1.68,5.08,0
2024-10-30 11:00:00,BER_001,BER_001_ROBOT_1,11,11.04,0.951,1,0,1.92,4.52,0
2024-10-30 11:00:00,HAM_001,HAM_001_ROBOT_1,20,8.59,0.9513,1,0,1.93,4.73,0
2024-10-30 12:00:00,MUC_001,MUC_001_ROBOT_1,28,9.18,0.9542,2,0,0.58,4.05,0
2024-10-30 12:00:00,BER_001,BER_001_ROBOT_1,19,10.93,0.9897,1,0,1.68,4.3,0
2024-10-30 12:00:00,HAM_001,HAM_001_ROBOT_1,14,10.41,0.9532,2,0,1.61,5.74,0
2024-10-30 13:00:00,MUC_001,MUC_001_ROBOT_1,19,11.97,0.9812,2,0,1.5,5.77,0
2024-10-30 13:00:00,BER_001,BER_001_ROBOT_1,29,11.1,0.9778,1,0,0.54,5.13,0
2024-10-30 13:00:00,HAM_001,HAM_001_ROBOT_1,20,10.73,0.9733,2,0,1.05,4.79,0
2024-10-30 14:00:00,MUC_001,MUC_001_ROBOT_1,23,8.74,0.9839,1,0,0.74,5.74,0
2024-10-30 14:00:00,BER_001,BER_001_ROBOT_1,17,8.82,0.9892,2,0,1.88,4.3,0
2024-10-30 14:00:00,HAM_001,HAM_001_ROBOT_1,24,9.8,0.9804,2,0,0.82,4.35,0
2024-10-30 15:00:00,MUC_001,MUC_001_ROBOT_1,10,9.41,0.9827,2,0,0.75,5.0,0
2024-10-30 15:00:00,BER_001,BER_001_ROBOT_1,10,8.11,0.9729,2,0,1.76,4.13,0
2024-10-30 15:00:00,HAM_001,HAM_001_ROBOT_1,29,9.47,0.9875,0,0,0.86,5.55,0
2024-10-30 16:00:00,MUC_001,MUC_001_ROBOT_1,12,9.25,0.9879,1,0,1.49,5.12,0
2024-10-30 16:00:00,BER_001,BER_001_ROBOT_1,22,9.57,0.9818,1,0,0.96,4.74,0
2024-10-30 16:00:00,HAM_001,HAM_001_ROBOT_1,17,11.67,0.9712,2,0,1.9,4.39,0
2024-10-30 17:00:00,MUC_001,MUC_001_ROBOT_1,24,10.44,0.9799,1,0,0.68,5.14,0
2024-10-30 17:00:00,BER_001,BER_001_ROBOT_1,4,11.06,0.7376,3,53,1.82,4.09,1
2024-10-30 17:00:00,HAM_001,HAM_001_ROBOT_1,27,9.69,0.9885,1,0,1.94,5.29,0
2024-10-30 18:00:00,MUC_001,MUC_001_ROBOT_1,15,8.77,0.9719,0,0,1.0,5.14,0
2024-10-30 18:00:00,BER_001,BER_001_ROBOT_1,11,11.87,0.9897,0,0,1.03,4.01,0
2024-10-30 18:00:00,HAM_001,HAM_001_ROBOT_1,20,10.68,0.9531,2,0,0.68,5.38,0
2024-10-30 19:00:00,MUC_001,MUC_001_ROBOT_1,14,11.38,0.9577,0,0,1.82,5.42,0
2024-10-30 19:00:00,BER_001,BER_001_ROBOT_1,14,10.1,0.9763,1,0,1.41,5.69,0
2024-10-30 19:00:00,HAM_001,HAM_001_ROBOT_1,22,11.04,0.9669,1,0,0.78,4.83,0
2024-10-30 20:00:00,MUC_001,MUC_001_ROBOT_1,26,8.4,0.9567,0,0,0.9,4.85,0
2024-10-30 20:00:00,BER_001,BER_001_ROBOT_1,11,9.32,0.9644,2,0,1.43,4.37,0
2024-10-30 20:00:00,HAM_001,HAM_001_ROBOT_1,30,11.42,0.9848,2,0,0.89,5.16,0
2024-10-30 21:00:00,MUC_001,MUC_001_ROBOT_1,20,10.83,0.957,0,0,1.75,4.87,0
2024-10-30 21:00:00,BER_001,BER_001_ROBOT_1,12,9.62,0.9573,0,0,0.73,4.06,0
2024-10-30 21:00:00,HAM_001,HAM_001_ROBOT_1,19,10.1,0.9539,1,0,0.51,4.62,0
2024-10-30 22:00:00,MUC_001,MUC_001_ROBOT_1,24,8.86,0.9878,2,0,1.36,5.68,0
2024-10-30 22:00:00,BER_001,BER_001_ROBOT_1,28,10.22,0.9825,1,0,1.34,4.4,0
2024-10-30 22:00:00,HAM_001,HAM_001_ROBOT_1,13,9.09,0.9851,1,0,1.06,4.94,0
2024-10-30 23:00:00,MUC_001,MUC_001_ROBOT_1,14,8.19,0.969,1,0,1.31,5.46,0
2024-10-30 23:00:00,BER_001,BER_001_ROBOT_1,15,8.01,0.9828,0,0,1.3,5.79,0
2024-10-30 23:00:00,HAM_001,HAM_001_ROBOT_1,26,9.78,0.95,0,0,0.62,4.99,0
2024-10-31 00:00:00,MUC_001,MUC_001_ROBOT_1,27,11.14,0.9771,1,0,1.19,4.23,0
2024-10-31 00:00:00,BER_001,BER_001_ROBOT_1,12,11.86,0.9785,1,0,0.6,4.58,0
2024-10-31 00:00:00,HAM_001,HAM_001_ROBOT_1,27,11.79,0.9869,1,0,1.67,4.21,0
